
/*!40101 SET @OLD_CHARACTER_SET_CLIENT=@@CHARACTER_SET_CLIENT */;
/*!40101 SET @OLD_CHARACTER_SET_RESULTS=@@CHARACTER_SET_RESULTS */;
/*!40101 SET @OLD_COLLATION_CONNECTION=@@COLLATION_CONNECTION */;
/*!40101 SET NAMES utf8 */;
/*!40103 SET @OLD_TIME_ZONE=@@TIME_ZONE */;
/*!40103 SET TIME_ZONE='+00:00' */;
/*!40014 SET @OLD_UNIQUE_CHECKS=@@UNIQUE_CHECKS, UNIQUE_CHECKS=0 */;
/*!40014 SET @OLD_FOREIGN_KEY_CHECKS=@@FOREIGN_KEY_CHECKS, FOREIGN_KEY_CHECKS=0 */;
/*!40101 SET @OLD_SQL_MODE=@@SQL_MODE, SQL_MODE='NO_AUTO_VALUE_ON_ZERO' */;
/*!40111 SET @OLD_SQL_NOTES=@@SQL_NOTES, SQL_NOTES=0 */;



LOCK TABLES `offices` WRITE;
/*!40000 ALTER TABLE `offices` DISABLE KEYS */;
INSERT INTO `offices` (`officeCode`, `city`, `phone`, `addressLine`, `state`, `country`, `postalCode`) VALUES ('1','San Francisco','+1 650 219 4782','100 Market Street','CA','USA','94080'),('2','Boston','+1 215 837 0825','1550 Court Place','MA','USA','02107'),('3','NYC','+1 212 555 3000','523 East 53rd Street','NY','USA','10022'),('4','Paris','+33 14 723 4404','43 Rue Jouffroy D\'abbans',NULL,'France','75017'),('5','Tokyo','+81 33 224 5000','4-1 Kioicho','Chiyoda-Ku','Japan','102-8578'),('6','Sydney','+61 2 9264 2451','5-11 Wentworth Avenue',NULL,'Australia','NSW 2010'),('7','London','+44 20 7877 2041','25 Old Broad Street',NULL,'UK','EC2N 1HN');
/*!40000 ALTER TABLE `offices` ENABLE KEYS */;
UNLOCK TABLES;


LOCK TABLES `employees` WRITE;
/*!40000 ALTER TABLE `employees` DISABLE KEYS */;
INSERT INTO `employees` (`employeeNumber`, `lastName`, `firstName`, `email`, `officeCode`, `reportsTo`, `jobTitle`) VALUES (1002,'Murphy','Diane','dmurphy@classicmodelcars.com','1',NULL,'President'),(1056,'Patterson','Mary','mpatterso@classicmodelcars.com','1',1002,'VP Sales'),(1076,'Firrelli','Jeff','jfirrelli@classicmodelcars.com','1',1002,'VP Marketing'),(1088,'Patterson','William','wpatterson@classicmodelcars.com','6',1056,'Sales Manager (APAC)'),(1102,'Bondur','Gerard','gbondur@classicmodelcars.com','4',1056,'Sale Manager (EMEA)'),(1143,'Bow','Anthony','abow@classicmodelcars.com','1',1056,'Sales Manager (NA)'),(1165,'Jennings','Leslie','ljennings@classicmodelcars.com','1',1143,'Sales Rep'),(1166,'Thompson','Leslie','lthompson@classicmodelcars.com','1',1143,'Sales Rep'),(1188,'Firrelli','Julie','jfirrelli@classicmodelcars.com','2',1143,'Sales Rep'),(1216,'Patterson','Steve','spatterson@classicmodelcars.com','2',1143,'Sales Rep'),(1286,'Tseng','Foon Yue','ftseng@classicmodelcars.com','3',1143,'Sales Rep'),(1323,'Vanauf','George','gvanauf@classicmodelcars.com','3',1143,'Sales Rep'),(1337,'Bondur','Loui','lbondur@classicmodelcars.com','4',1102,'Sales Rep'),(1370,'Hernandez','Gerard','ghernande@classicmodelcars.com','4',1102,'Sales Rep'),(1401,'Castillo','Pamela','pcastillo@classicmodelcars.com','4',1102,'Sales Rep'),(1501,'Bott','Larry','lbott@classicmodelcars.com','7',1102,'Sales Rep'),(1504,'Jones','Barry','bjones@classicmodelcars.com','7',1102,'Sales Rep'),(1611,'Fixter','Andy','afixter@classicmodelcars.com','6',1088,'Sales Rep'),(1612,'Marsh','Peter','pmarsh@classicmodelcars.com','6',1088,'Sales Rep'),(1619,'King','Tom','tking@classicmodelcars.com','6',1088,'Sales Rep'),(1621,'Nishi','Mami','mnishi@classicmodelcars.com','5',1056,'Sales Rep'),(1625,'Kato','Yoshimi','ykato@classicmodelcars.com','5',1621,'Sales Rep'),(1702,'Gerard','Martin','mgerard@classicmodelcars.com','4',1102,'Sales Rep');
/*!40000 ALTER TABLE `employees` ENABLE KEYS */;
UNLOCK TABLES;

LOCK TABLES `customers` WRITE;
/*!40000 ALTER TABLE `customers` DISABLE KEYS */;
INSERT INTO `customers` (`customerNumber`, `customerName`, `contactLastName`, `contactFirstName`, `phone`, `city`, `state`, `postalCode`, `country`, `salesRepEmployeeNumber`) VALUES (103,'Atelier graphique','Schmitt','Carine ','40.32.2555','Nantes',NULL,'44000','France',1370),(112,'Signal Gift Stores','King','Jean','7025551838','Las Vegas','NV','83030','USA',1166),(114,'Australian Collectors, Co.','Ferguson','Peter','03 9520 4555','Melbourne','Victoria','3004','Australia',1611),(119,'La Rochelle Gifts','Labrune','Janine ','40.67.8555','Nantes',NULL,'44000','France',1370),(121,'Baane Mini Imports','Bergulfsen','Jonas ','07-98 9555','Stavern',NULL,'4110','Norway',1504),(124,'Mini Gifts Distributors Ltd.','Nelson','Susan','4155551450','San Rafael','CA','97562','USA',1165),(125,'Havel & Zbyszek Co','Piestrzeniewicz','Zbyszek ','(26) 642-7555','Warszawa',NULL,'01-012','Poland',NULL),(128,'Blauer See Auto, Co.','Keitel','Roland','+49 69 66 90 2555','Frankfurt',NULL,'60528','Germany',1504),(129,'Mini Wheels Co.','Murphy','Julie','6505555787','San Francisco','CA','94217','USA',1165),(131,'Land of Toys Inc.','Lee','Kwai','2125557818','NYC','NY','10022','USA',1323),(141,'Euro+ Shopping Channel','Freyre','Diego ','(91) 555 94 44','Madrid',NULL,'28034','Spain',1370),(144,'Volvo Model Replicas, Co','Berglund','Christina ','0921-12 3555','Luleå',NULL,'S-958 22','Sweden',1504),(145,'Danish Wholesale Imports','Petersen','Jytte ','31 12 3555','Kobenhavn',NULL,'1734','Denmark',1401),(146,'Saveley & Henriot, Co.','Saveley','Mary ','78.32.5555','Lyon',NULL,'69004','France',1337),(148,'Dragon Souveniers, Ltd.','Natividad','Eric','+65 221 7555','Singapore',NULL,'079903','Singapore',1621),(151,'Muscle Machine Inc','Young','Jeff','2125557413','NYC','NY','10022','USA',1286),(157,'Diecast Classics Inc.','Leong','Kelvin','2155551555','Allentown','PA','70267','USA',1216),(161,'Technics Stores Inc.','Hashimoto','Juri','6505556809','Burlingame','CA','94217','USA',1165),(166,'Handji Gifts& Co','Victorino','Wendy','+65 224 1555','Singapore',NULL,'069045','Singapore',1612),(167,'Herkku Gifts','Oeztan','Veysel','+47 2267 3215','Bergen',NULL,'N 5804','Norway  ',1504),(168,'American Souvenirs Inc','Franco','Keith','2035557845','New Haven','CT','97823','USA',1286),(169,'Porto Imports Co.','de Castro','Isabel ','(1) 356-5555','Lisboa',NULL,'1756','Portugal',NULL),(171,'Daedalus Designs Imports','Rancé','Martine ','20.16.1555','Lille',NULL,'59000','France',1370),(172,'La Corne D\'abondance, Co.','Bertrand','Marie','(1) 42.34.2555','Paris',NULL,'75012','France',1337),(173,'Cambridge Collectables Co.','Tseng','Jerry','6175555555','Cambridge','MA','51247','USA',1188),(175,'Gift Depot Inc.','King','Julie','2035552570','Bridgewater','CT','97562','USA',1323),(177,'Osaka Souveniers Co.','Kentary','Mory','+81 06 6342 5555','Kita-ku','Osaka',' 530-0003','Japan',1621),(181,'Vitachrome Inc.','Frick','Michael','2125551500','NYC','NY','10022','USA',1286),(186,'Toys of Finland, Co.','Karttunen','Matti','90-224 8555','Helsinki',NULL,'21240','Finland',1501),(187,'AV Stores, Co.','Ashworth','Rachel','(171) 555-1555','Manchester',NULL,'EC2 5NT','UK',1501),(189,'Clover Collections, Co.','Cassidy','Dean','+353 1862 1555','Dublin',NULL,'2','Ireland',1504),(198,'Auto-Moto Classics Inc.','Taylor','Leslie','6175558428','Brickhaven','MA','58339','USA',1216),(201,'UK Collectables, Ltd.','Devon','Elizabeth','(171) 555-2282','Liverpool',NULL,'WX1 6LT','UK',1501),(202,'Canadian Gift Exchange Network','Tamuri','Yoshi ','(604) 555-3392','Vancouver','BC','V3F 2K1','Canada',1323),(204,'Online Mini Collectables','Barajas','Miguel','6175557555','Brickhaven','MA','58339','USA',1188),(205,'Toys4GrownUps.com','Young','Julie','6265557265','Pasadena','CA','90003','USA',1166),(206,'Asian Shopping Network, Co','Walker','Brydey','+612 9411 1555','Singapore',NULL,'038988','Singapore',NULL),(209,'Mini Caravy','Citeaux','Frédérique ','88.60.1555','Strasbourg',NULL,'67000','France',1370),(211,'King Kong Collectables, Co.','Gao','Mike','+852 2251 1555','Central Hong Kong',NULL,NULL,'Hong Kong',1621),(216,'Enaco Distributors','Saavedra','Eduardo ','(93) 203 4555','Barcelona',NULL,'08022','Spain',1702),(219,'Boards & Toys Co.','Young','Mary','3105552373','Glendale','CA','92561','USA',1166),(223,'Natürlich Autos','Kloss','Horst ','0372-555188','Cunewalde',NULL,'01307','Germany',NULL),(227,'Heintze Collectables','Ibsen','Palle','86 21 3555','Århus',NULL,'8200','Denmark',1401),(233,'Québec Home Shopping Network','Fresnière','Jean ','(514) 555-8054','Montréal','Québec','H1J 1C3','Canada',1286),(237,'ANG Resellers','Camino','Alejandra ','(91) 745 6555','Madrid',NULL,'28001','Spain',NULL),(239,'Collectable Mini Designs Co.','Thompson','Valarie','7605558146','San Diego','CA','91217','USA',1166),(240,'giftsbymail.co.uk','Bennett','Helen ','(198) 555-8888','Cowes','Isle of Wight','PO31 7PJ','UK',1501),(242,'Alpha Cognac','Roulet','Annette ','61.77.6555','Toulouse',NULL,'31000','France',1370),(247,'Messner Shopping Network','Messner','Renate ','069-0555984','Frankfurt',NULL,'60528','Germany',NULL),(249,'Amica Models & Co.','Accorti','Paolo ','011-4988555','Torino',NULL,'10100','Italy',1401),(250,'Lyon Souveniers','Da Silva','Daniel','+33 1 46 62 7555','Paris',NULL,'75508','France',1337),(256,'Auto Associés & Cie.','Tonini','Daniel ','30.59.8555','Versailles',NULL,'78000','France',1370),(259,'Toms Spezialitäten, Ltd','Pfalzheim','Henriette ','0221-5554327','Köln',NULL,'50739','Germany',1504),(260,'Royal Canadian Collectables, Ltd.','Lincoln','Elizabeth ','(604) 555-4555','Tsawassen','BC','T2F 8M4','Canada',1323),(273,'Franken Gifts, Co','Franken','Peter ','089-0877555','München',NULL,'80805','Germany',NULL),(276,'Anna\'s Decorations, Ltd','O\'Hara','Anna','02 9936 8555','North Sydney','NSW','2060','Australia',1611),(278,'Rovelli Gifts','Rovelli','Giovanni ','035-640555','Bergamo',NULL,'24100','Italy',1401),(282,'Souveniers And Things Co.','Huxley','Adrian','+61 2 9495 8555','Chatswood','NSW','2067','Australia',1611),(286,'Marta\'s Replicas Co.','Hernandez','Marta','6175558555','Cambridge','MA','51247','USA',1216),(293,'BG&E Collectables','Harrison','Ed','+41 26 425 50 01','Fribourg',NULL,'1700','Switzerland',NULL),(298,'Vida Sport, Ltd','Holz','Mihael','0897-034555','Genève',NULL,'1203','Switzerland',1702),(299,'Norway Gifts By Mail, Co.','Klaeboe','Jan','+47 2212 1555','Oslo',NULL,'N 0106','Norway  ',1504),(303,'Schuyler Imports','Schuyler','Bradley','+31 20 491 9555','Amsterdam',NULL,'1043 GR','Netherlands',NULL),(307,'Der Hund Imports','Andersen','Mel','030-0074555','Berlin',NULL,'12209','Germany',NULL),(311,'Oulu Toy Supplies, Inc.','Koskitalo','Pirkko','981-443655','Oulu',NULL,'90110','Finland',1501),(314,'Petit Auto','Dewey','Catherine ','(02) 5554 67','Bruxelles',NULL,'B-1180','Belgium',1401),(319,'Mini Classics','Frick','Steve','9145554562','White Plains','NY','24067','USA',1323),(320,'Mini Creations Ltd.','Huang','Wing','5085559555','New Bedford','MA','50553','USA',1188),(321,'Corporate Gift Ideas Co.','Brown','Julie','6505551386','San Francisco','CA','94217','USA',1165),(323,'Down Under Souveniers, Inc','Graham','Mike','+64 9 312 5555','Auckland  ',NULL,NULL,'New Zealand',1612),(324,'Stylish Desk Decors, Co.','Brown','Ann ','(171) 555-0297','London',NULL,'WX3 6FW','UK',1501),(328,'Tekni Collectables Inc.','Brown','William','2015559350','Newark','NJ','94019','USA',1323),(333,'Australian Gift Network, Co','Calaghan','Ben','61-7-3844-6555','South Brisbane','Queensland','4101','Australia',1611),(334,'Suominen Souveniers','Suominen','Kalle','+358 9 8045 555','Espoo',NULL,'FIN-02271','Finland',1501),(335,'Cramer Spezialitäten, Ltd','Cramer','Philip ','0555-09555','Brandenburg',NULL,'14776','Germany',NULL),(339,'Classic Gift Ideas, Inc','Cervantes','Francisca','2155554695','Philadelphia','PA','71270','USA',1188),(344,'CAF Imports','Fernandez','Jesus','+34 913 728 555','Madrid',NULL,'28023','Spain',1702),(347,'Men \'R\' US Retailers, Ltd.','Chandler','Brian','2155554369','Los Angeles','CA','91003','USA',1166),(348,'Asian Treasures, Inc.','McKenna','Patricia ','2967 555','Cork','Co. Cork',NULL,'Ireland',NULL),(350,'Marseille Mini Autos','Lebihan','Laurence ','91.24.4555','Marseille',NULL,'13008','France',1337),(353,'Reims Collectables','Henriot','Paul ','26.47.1555','Reims',NULL,'51100','France',1337),(356,'SAR Distributors, Co','Kuger','Armand','+27 21 550 3555','Hatfield','Pretoria','0028','South Africa',NULL),(357,'GiftsForHim.com','MacKinlay','Wales','64-9-3763555','Auckland',NULL,NULL,'New Zealand',1612),(361,'Kommission Auto','Josephs','Karin','0251-555259','Münster',NULL,'44087','Germany',NULL),(362,'Gifts4AllAges.com','Yoshido','Juri','6175559555','Boston','MA','51003','USA',1216),(363,'Online Diecast Creations Co.','Young','Dorothy','6035558647','Nashua','NH','62005','USA',1216),(369,'Lisboa Souveniers, Inc','Rodriguez','Lino ','(1) 354-2555','Lisboa',NULL,'1675','Portugal',NULL),(376,'Precious Collectables','Urs','Braun','0452-076555','Bern',NULL,'3012','Switzerland',1702),(379,'Collectables For Less Inc.','Nelson','Allen','6175558555','Brickhaven','MA','58339','USA',1188),(381,'Royale Belge','Cartrain','Pascale ','(071) 23 67 2555','Charleroi',NULL,'B-6000','Belgium',1401),(382,'Salzburg Collectables','Pipps','Georg ','6562-9555','Salzburg',NULL,'5020','Austria',1401),(385,'Cruz & Sons Co.','Cruz','Arnold','+63 2 555 3587','Makati City',NULL,'1227 MM','Philippines',1621),(386,'L\'ordine Souveniers','Moroni','Maurizio ','0522-556555','Reggio Emilia',NULL,'42100','Italy',1401),(398,'Tokyo Collectables, Ltd','Shimamura','Akiko','+81 3 3584 0555','Minato-ku','Tokyo','106-0032','Japan',1621),(406,'Auto Canal+ Petit','Perrier','Dominique','(1) 47.55.6555','Paris',NULL,'75016','France',1337),(409,'Stuttgart Collectable Exchange','Müller','Rita ','0711-555361','Stuttgart',NULL,'70563','Germany',NULL),(412,'Extreme Desk Decorations, Ltd','McRoy','Sarah','04 499 9555','Wellington',NULL,NULL,'New Zealand',1612),(415,'Bavarian Collectables Imports, Co.','Donnermeyer','Michael',' +49 89 61 08 9555','Munich',NULL,'80686','Germany',1504),(424,'Classic Legends Inc.','Hernandez','Maria','2125558493','NYC','NY','10022','USA',1286),(443,'Feuer Online Stores, Inc','Feuer','Alexander ','0342-555176','Leipzig',NULL,'04179','Germany',NULL),(447,'Gift Ideas Corp.','Lewis','Dan','2035554407','Glendale','CT','97561','USA',1323),(448,'Scandinavian Gift Ideas','Larsson','Martha','0695-34 6555','Bräcke',NULL,'S-844 67','Sweden',1504),(450,'The Sharp Gifts Warehouse','Frick','Sue','4085553659','San Jose','CA','94217','USA',1165),(452,'Mini Auto Werke','Mendel','Roland ','7675-3555','Graz',NULL,'8010','Austria',1401),(455,'Super Scale Inc.','Murphy','Leslie','2035559545','New Haven','CT','97823','USA',1286),(456,'Microscale Inc.','Choi','Yu','2125551957','NYC','NY','10022','USA',1286),(458,'Corrida Auto Replicas, Ltd','Sommer','Martín ','(91) 555 22 82','Madrid',NULL,'28023','Spain',1702),(459,'Warburg Exchange','Ottlieb','Sven ','0241-039123','Aachen',NULL,'52066','Germany',NULL),(462,'FunGiftIdeas.com','Benitez','Violeta','5085552555','New Bedford','MA','50553','USA',1216),(465,'Anton Designs, Ltd.','Anton','Carmen','+34 913 728555','Madrid',NULL,'28023','Spain',NULL),(471,'Australian Collectables, Ltd','Clenahan','Sean','61-9-3844-6555','Glen Waverly','Victoria','3150','Australia',1611),(473,'Frau da Collezione','Ricotti','Franco','+39 022515555','Milan',NULL,NULL,'Italy',1401),(475,'West Coast Collectables Co.','Thompson','Steve','3105553722','Burbank','CA','94019','USA',1166),(477,'Mit Vergnügen & Co.','Moos','Hanna ','0621-08555','Mannheim',NULL,'68306','Germany',NULL),(480,'Kremlin Collectables, Co.','Semenov','Alexander ','+7 812 293 0521','Saint Petersburg',NULL,'196143','Russia',NULL),(481,'Raanan Stores, Inc','Altagar,G M','Raanan','+ 972 9 959 8555','Herzlia',NULL,'47625','Israel',NULL),(484,'Iberia Gift Imports, Corp.','Roel','José Pedro ','(95) 555 82 82','Sevilla',NULL,'41101','Spain',1702),(486,'Motor Mint Distributors Inc.','Salazar','Rosa','2155559857','Philadelphia','PA','71270','USA',1323),(487,'Signal Collectibles Ltd.','Taylor','Sue','4155554312','Brisbane','CA','94217','USA',1165),(489,'Double Decker Gift Stores, Ltd','Smith','Thomas ','(171) 555-7555','London',NULL,'WA1 1DP','UK',1501),(495,'Diecast Collectables','Franco','Valarie','6175552555','Boston','MA','51003','USA',1188),(496,'Kelly\'s Gift Shop','Snowden','Tony','+64 9 5555500','Auckland  ',NULL,NULL,'New Zealand',1612);
/*!40000 ALTER TABLE `customers` ENABLE KEYS */;
UNLOCK TABLES;

LOCK TABLES `productlines` WRITE;
/*!40000 ALTER TABLE `productlines` DISABLE KEYS */;
INSERT INTO `productlines` (`productLine`, `textDescription`) VALUES ('Classic Cars','Attention car enthusiasts: Make your wildest car ownership dreams come true. Whether you are looking for classic muscle cars, dream sports cars or movie-inspired miniatures, you will find great choices in this category. These replicas feature superb attention to detail and craftsmanship and offer features such as working steering system, opening forward compartment, opening rear trunk with removable spare wheel, 4-wheel independent spring suspension, and so on. The models range in size from 1:10 to 1:24 scale and include numerous limited edition and several out-of-production vehicles. All models include a certificate of authenticity from their manufacturers and come fully assembled and ready for display in the home or office.'),('Motorcycles','Our motorcycles are state of the art replicas of classic as well as contemporary motorcycle legends such as Harley Davidson, Ducati and Vespa. Models contain stunning details such as official logos, rotating wheels, working kickstand, front suspension, gear-shift lever, footbrake lever, and drive chain. Materials used include diecast and plastic. The models range in size from 1:10 to 1:50 scale and include numerous limited edition and several out-of-production vehicles. All models come fully assembled and ready for display in the home or office. Most include a certificate of authenticity.'),('Planes','Unique, diecast airplane and helicopter replicas suitable for collections, as well as home, office or classroom decorations. Models contain stunning details such as official logos and insignias, rotating jet engines and propellers, retractable wheels, and so on. Most come fully assembled and with a certificate of authenticity from their manufacturers.'),('Ships','The perfect holiday or anniversary gift for executives, clients, friends, and family. These handcrafted model ships are unique, stunning works of art that will be treasured for generations! They come fully assembled and ready for display in the home or office. We guarantee the highest quality, and best value.'),('Trains','Model trains are a rewarding hobby for enthusiasts of all ages. Whether you\'re looking for collectible wooden trains, electric streetcars or locomotives, you\'ll find a number of great choices for any budget within this category. The interactive aspect of trains makes toy trains perfect for young children. The wooden train sets are ideal for children under the age of 5.'),('Trucks and Buses','The Truck and Bus models are realistic replicas of buses and specialized trucks produced from the early 1920s to present. The models range in size from 1:12 to 1:50 scale and include numerous limited edition and several out-of-production vehicles. Materials used include tin, diecast and plastic. All models include a certificate of authenticity from their manufacturers and are a perfect ornament for the home and office.'),('Vintage Cars','Our Vintage Car models realistically portray automobiles produced from the early 1900s through the 1940s. Materials used include Bakelite, diecast, plastic and wood. Most of the replicas are in the 1:18 and 1:24 scale sizes, which provide the optimum in detail and accuracy. Prices range from $30.00 up to $180.00 for some special limited edition replicas. All models include a certificate of authenticity from their manufacturers and come fully assembled and ready for display in the home or office.');
/*!40000 ALTER TABLE `productlines` ENABLE KEYS */;
UNLOCK TABLES;

LOCK TABLES `products` WRITE;
/*!40000 ALTER TABLE `products` DISABLE KEYS */;
INSERT INTO `products` (`productCode`, `productName`, `productLine`, `photo`, `productVendor`, `productDescription`, `quantityInStock`, `buyPrice`, `MSRP`) VALUES ('S10_1678','1969 Harley Davidson Ultimate Chopper','Motorcycles',NULL,'Min Lin Diecast','This replica features working kickstand, front suspension, gear-shift lever, footbrake lever, drive chain, wheels and steering. All parts are particularly delicate due to their precise scale and require special care and attention.',7933,48.81,95.7),('S10_1949','1952 Alpine Renault 1300','Classic Cars',0xFFD8FFE000104A46494600010100000100010000FFDB00840009060711120F15101013151615121515111516151517171515171617161719151715181D2B20181B25201616223122282A2B2E3330171F3344352C372C2D2E2B010A0A0A0D0D0D1510101B2B1D1D1D2B2D2D2D322B2B2D2B2D2D2B2D2D2D2D2D2B2D2D2B372D2D2F2B3737372B2D2D2D2B2D2D2B2B2B2B2B2D2D2D2D2B372D3737FFC00011080078007803012200021101031101FFC4001C0000000701010000000000000000000000000203040506070108FFC4003B10000201020404050106040407000000000102030011040512210631415113226171819107324252A1B12362C1D1141692F0153334437293A2FFC40017010101010100000000000000000000000000010203FFC4001B11010101010003010000000000000000000001021103213112FFDA000C03010002110311003F003B60A907C15584C1493C15D5956E4C1D377C25591F0F4DA4C3D056DF0F483C753D2E1E99CB0D4E08775A49AA4658A9B3C7514D49A25E9778E93F0EA2880D28A6B81294094001AE835D0946F0E80B7AE51FC3A141A914A4DD2974954B15BD88A473D8E58B0ED2C2BE2B28FBABB91EB6E66D5AFD21ACD614A6132C925DE30ADECCA7F6359271AE60CD2E1D71059C08FC5651F99F71B7A0A6596E730C2E24816589C11664DB7EDB1DC7A1A9D4B78DB25E16C4FE4FD4540E65964B11B491BAFAE8623FD405AAC399675897F0DA3C49895A2492C003BB6FDBDA9BC398625859B1C5BDD17FA56F32DF6C6B727A54258F6BF4E57F5EDEFE94D648AAED362B1601F3ABA1D8F89102A47637BDC52587CA8B79D61C3EC77D3A941F717D36F8AB73126D46923A4FC3A96E35C42619D4BE15A35704EA8E4F113CA45EEA5411CC7534CE3018061B822E2B957594D8474A2C54E0474B24545355868E21A7AB0D2A21A08E1050A92F068504A67199478625E5242960058163763B0006E6A560CC9E342E9E636F2DEF63E9B771507F68904630E9233001255BDF71B82A2FE8091F15038AC59932D8DA2674F07131C6C031BE9120401ADE841A96094E28E098716E71114AF04CDCCEEC87DC5EEBF07E0D530704E6093AACD7316F799009428DF7B12BEFB91FD2B53505400D73EBFDC52A26D8EE6C7636245FD2E2B3D5E4A8A6BC706190B2C8190465D775240D2A476FB8691C232EADD907C816FAD5C72AC56191046D0A691CB6BDBE0FBD4C479660E45BA418771D8C497FDABA67C9C8E5AF176F59D6778B78E3D4AC4C66C091B81CBA8DAA4387F305B102E14DB4DF73F36AB9CB9261882A91471311CD23456FDAC7DAA0715C28F71E68A641B989E3080FEB7FD456E6A58E7AC59555FB469237812ECBA964B58917B329BEDF4AA370CE28AB9C2B6F624C5D6E07E1F8DAAD1C43C3F1348D02EB49363E1121758FE42C02C96E561E94C978732D0C8BAF1384955832962B60C3AA9D837C13D37A6B1AFAB8D665E74E105E9CC6952A786DDEED0CE9311BB5C687B9EACB7363EF4C67C24B11FE2232FA91B7D79573777523A5963A4E2929D230A0208A853A514282338E72A658CCB73A54DD81375B7722B3AC833C8639648A4FF95232957E614AED765EAA6C3D45ABD178CC20616ACD78AFECEA0901785423EE7CA2C09F5156A263019D23D965B2B1034906F1B8EEAD4F3130581236BEDF5AC560C6E272E7304A9AE3BDCC6DCBDD0FE13EB57DC8788B5C7AA0632C7B6A43B4B16E39F71EBCAB3F45A1AE3FDFF4A521C5BA1BA920F7068926363F09A526CA8A5DAFCC002FCAB3DC3F1A4ED26B789044DE65557FE304DFCFA7F1FB7D2A58BD6C997F149FBB30B8EE39FD3AD58629A39575210C3F6F4EE2B2EC3CA24412210410082391BEFB52F81CCCC3207D5A6DCFA0B75BFA73A9D55F71F96C73298E455753F81C03F23FBF4AAA675C28FA4885EEA79C738D6A7FF190EE3E6FF14FA6E3BC26A4462D793EE8B73EA0DF98A3A718E1EFA4B953FCC2DFAF423FAD6F3E4B8BEAB1BF1E773DC6338C8F1D836F0A777887FDB644BE9DF9C46F6B7750C39D59326E35C6469FC4098D8C0F3347E59547768C8DFE96F5157FC666583922F0B10D14808DF5141ABD6D7D8EF59C7116519640EB245348818928629033230B6DD48F422D5DB171BFBF5C37378F97D2D995E639663C7F088573F84791FF00D3C9BE2979F86A41BC4E1C763E56FA5EC7EB59AE2E2C2E2415F16D88505E394A08BC42BBE8937B163D1C58FBD3DE04FB459048B86C5B1646164958F99081B0627661EA7F5AC6F1CEF2BAF8FC974B6488F19D2EA54F622C6854DFF98B0ED095791270A092174B35BBE953B7B8A15CFF004EBC5ADD699CF0034FCD26E2AA28FC51C2F16250AB8DFA1EA2B16CE723C565D309119858F9645DBEB5E969A3BD406719524AA55D4107A1A7D18F47C56B8BC3BC13FF000E56006A41E5916E35023F09B5FD0D3DCC3326C3E08088AEA919435AC4016B93EF7B8BF301140B534E23E0D6C34C258B78EFB8FCA0EC4FEB50EE1E300EDA651A0DC6CB7DC5FE79D2255C38133550B2467655D2E83F95F70A3E75003DAA57159B61A4D519601D411A5F6DF6D8DF972B6F59FE5198AC18D0B381A5E358A404794120117F4DC55F31794ACA8A5583A8FBAAE03151B79436A06DCB6D406D5868C7078C572158F868A412ACEA50693E5F0C0E47BD1D3151873E743F7883A8589DED44192E1A404241392BF7B44987600FB1DC7D69962F8661DEF0E22303F13C71C83E12320FFF005539D5EABCD97E20EE509BEE4EB8CDCFB86E7FDE9A38209B817EDA97FBFF00BBD59DB8223E5A9874FF00A37E7FFBAA01F27C02B32B62A5254952170CC2C41B117D6DFB56E466A2F1DAAE2EB65B796E458F7237EF5CC36164914E8D36BD892C07C5AF7EB4EB1F974018E99411C80F0E45DBD4DAC4F2A9ACB32793FC378C6658A25E4CD180580EA3CD723A72A9438E18C30C3AB095914CC3C3663AAD1A03B1040F312493D390F5A1560C8B844CF221C42CACAEBA9F55A350BCD790BB13DAF429C56D57AE31A206A17AD20AE299CC97A7A69271415ACDF2D591194F504563D9A629F0327853C64B2EBF0FCAA51C35AECB213E5E971626FDAB7A9A3A83CE3298E74292A0653D08FD683CD93CA5D8BB736258FB9DEA5326E23C461B68DAEBF95B75F8ED576CEFECE956ED0936FCA7A7CD53B1B904919B1153824F28E355C306F0B0A353905D8CAC5988EE4827A9FAD482FDA4124B3C3BADB400FE507A9375E7DAAA6B95B76A39CA1BB567917B53F997DA24D244638E3119616D7AF5103D3CA2C7D6ABD1E36210F85E192DD5CDBBEE075171B51D7296ED4BC7951ED567A4BECBE1F3D04AAB42BA6E35150AAC46FB0D8D86FF00A569580FF86E31A290A9D50D8AA163A6E395D391B567B87C949E953383C95C1BADC1AA36687140F2342A9592CD326CDBD0A0D243576F4886A306AA14BD70D16F42F409BAD36962A7868845411726141A8AC76468FF00780AB295A4DA3AA289270A203B0A2FF9697B55E5A01499C30ED5053178696964E1C4ED56DFF0F5D586A8AE4191A2F4A7D165ABDAA68414710D046C78115CA961150A001A8E0D72850775D77550A141DD55CBD0A141C35CA142805A869A142839E1D74250A1501C2D1C0A142A0305A1428551FFD9,'Classic Metal Creations','Turnable front wheels, steering function, detailed interior, detailed engine, opening hood, opening trunk, opening doors, and detailed chassis.',7305,98.58,214.3),('S10_2016','1996 Moto Guzzi 1100i','Motorcycles',NULL,'Highway 66 Mini Classics','Official Moto Guzzi logos and insignias, saddle bags located on side of motorcycle, detailed engine, working steering, working suspension, two leather seats, luggage rack, dual exhaust pipes, small saddle bag located on handle bars, two-tone paint with chrome accents, superior die-cast detail , rotating wheels , working kick stand, diecast metal with plastic parts and baked enamel finish.',6625,68.99,118.94),('S10_4698','2003 Harley-Davidson Eagle Drag Bike','Motorcycles',0xFFD8FFE000104A46494600010100000100010000FFDB0084000906071212121510111216161215161515181717121718181613171917161B17181A181F29201D1A261B1715213121252D2C2E2E2E171F3338332F37282D2E2B010A0A0A0E0D0E1B10101B2B2620262B2D2F2D2B2E322D2D2B302B2D2D2D2D2B2D2D2B2D2D2B2D2D2B352D2D2E2F2F2D2D2D2D2F2B2D2B2D2D2D2D2D2D2D2D2D37FFC00011080078007803012200021101031101FFC4001C0000010403010000000000000000000000000105060702030408FFC4004610000103020303080509030D01000000000100020304110512210631610713224151718191143292B1D1233342527293A1C1F053628215172443445573A2A3B2B3D2F108FFC400190101000301010000000000000000000000000203040501FFC4002A11000202010302040603000000000000000001020311041221053113415161153281A1C1D1222391FFDA000C03010002110311003F00BC5084200421080108484A0150912A0042442004A92E808012A44201508420112A44A8010912A004850520DFE1FAF720150B9B10AD642C74B2BC32360BB9C7700AADC4795C749288686204B890D73CEA6DA93946E00026E4F6F6213856E7D8B6D25D79E6AB947AF79D6A4B383581B6F305719DAEAD7EBE9729EE93E0A129B8F74CE853D31DBC46C8E7D327A492DD79A0ED3D60FED537DEBBE2B26ED7570DD5537B4E55ABE2FB2344BA1D91EF389E9542F3A41B798837754BFC5A0FE49CA9F954AE67ACF8DC3F7A3B7E21495A994CFA45D1ECD3FA97CA154787F2C2F3A4B4EC3C592907D920FBD0A7BD199E82F5E5F745B9745D5155DB4D8B472737CE3AEEF56C410E077107CFC92CDCA362718B38B01072906317078F91F25176C53C32F8749BE69358E7DCBD12AA17F9D0C43EB47EC243CA8621F5D9EC051F1E04FE0BA9F45FE97D15CF5150D635F23CD9AC1727B00172A8D3CA6D7FED07B2D5AE6E516B5CD2D32021C0870CA2C41D3DCA4AD87A8F82EA7D1133DA763716AD868B9E68A28C19A40D906699C080D02C6F6B9363C09EC23BF0FC2B0D64B342C8E9DAD21AD68B36E435A5AF009E2483AEF0A929B9B75FA0DD6D7BB41BD85B7F72E8654F447CA49986962496B5BD59779EDB82BC95F1489AE897E70C74E5528A182A5A21C963166764B069712ED743A69EF596D7E051D24EC8583A4D8232F3D66475CB89E1A1F25C5162EF150CAA7B5B23D96B676E8728B5DC06F3FAEA5B71BC6A592615243237903206B46560B58103B46A7C15AF571941422794F47BA8BBC5B3185CF06EC4365E7F4365744C0E04DDEC02F921B584845C5C137D3B2CBA2A7933926A3F4CA79BE532B8987268ECA48E83C1F5B4DD6D6FD49BEBB69EB248F9A642C6011B63CCD94905A34CD671D09035B2778794EA8A30299948C918C1A3B3B8137B9D6C08EB5EA515130DD3D459372792BCA59C87B6C4E53BC7E7DEA6DB3BB1B3E205ED8A7644C8ED9A4CA5C752E0D0D6DFAF2B8EF1B828751D2B9D20206E049F7A75C1F6AAAE80B9F48474EC1E1CCCC0DBD53C3E96BC5572C6FC1B2B76AD23CE724EC722F2FF007903DF4848FF009509929F963C4773A285DA1FA0F1EE2955BB51CEF12DF563B6D7E16F7C62A5AE01B132C5B7B1D5D736F6B770E0A0F1553D8330008B8DE379F0520DB3DA580D3E580B848E73C386620EF02FA6F69D4F9AAED952E27A4490A9BB1396E89D7D26A25557E159DFF04A23AB7B9B9B3306B6B1201FC527A43BEB33DB1F14D0355B216B45F3479F4D2CECB6E37B159B28EA3535CAEC3A098F6B7EF07C56065FB1F783E29BC4917EC4FDE0FF00AADD4CC63CFCCD9BDA5DBFAAC2C37A96115C6C9B78FDFECED6B9DF55B6ED06FEE4F385ECED5D4DCC5092069EA8B03D973A5F85F44F7B158634B24AAA82453B32DF5B6770B90C0780D4F781DB6CEB369EB6A1D929A10D840018D1D1077F45AD034D02282EECA751D49D6F6558CF9B632E27B39554CDCF3C395A35CEE682DF173090D1C4A8AD54A7392F60BEEB6670D7B6E095666CAED7482530CA0822C1EC3AF44F5DBAC5930F2A1B3EDA3A86F3432C5302F637A9B6203983802E691C1D6EA0BD7158E0CD46BA7659B6CFA3442FD30B5C081D1DC46727C750B315807D1FF50FC16A2E5966506F2741269BE5F27553D4179CAD61738EE1CE1F3F57DEB63A924612046011BC7A437C2FE49BDC2FD575ADB15EC7BFBAD75245539493E0E9188D8EADFF0039F8210D67003C10996477FB9AE5A374BBB400EA4EEFFDD0F92DF4D84346E05C7B6C9CA6B03947569DDC176D1628E8E37C4CB659058DAD99DC2E770E2BCC3F972741D55AFED71CBF719DD1DB449CD3B7D8F925A8AE25DCD52339C7D85DCC06C38663BFBF40B09B02C45C3310070B85EAD3333DDD6AB83C2FB01675109616069B8DFDF61AF6E853254CB3C0FCB333C08B5FB884E7495F76F44DC761B5C23A9C79235F53AEFE3CC9EE2F8AC26869292278BDEF3744800B8E624FEE936D7774429D415F1D144C81B1383A4883DCE6B85C4874B5F85BDCA9BA7C69EDB020380DC6DA8EE4F549893E51764C45AFD1738E84EA6CE1A804F056427CE4E5EA740F198B27541446A6BE09A46D8B639736A49706F361A5C6D6BDDC77EBAAE3E5D4B44746DFA579ADF6436307F12C5DFC95514FCE4D53391AB5B1B6DEA8172ED2FD8379EBCDC1577CAD6D432AAB436375E284736D3D4E37BB88E0481EC8536B39660A538D893F2229745D60241DA8E7476ACF83BAEC3682963DCB9DD38EDE0835407829A819E7721CB0F7FCA070FA163E285C94AE396F7F5B53C50AB72E4E9D1541C1391D53540B068F1E2930BA07D5486269B46DF9C70FF68F25AB1F8A6A7C9CEC4E8DF23733330B1CA0DAF63A8D5486863F44C3839B6E72401D726DABB76BDC479057555BF9A4733A96BF2BC3AD9B24C55B4FFD1A8E204B74711B9BDFDA7E2170BF1FAA65DEFCAE60DE58EDDBEE7DDE69EF6370589CD3354E6304458D2D049324AFE96A77D8345CF59D3B54AB169A0702C8E26730E01A41858DCA0DC7448E966DD6D55D8DCB27073822D4CC66210F35200E7104B5C06BA7581D47DEABC66193C12C8C744F22276491C18ECADBEECC40B36E05F5577725DB1F2D3C923EA034E577432BB3076601D7F223CD48B65E30712C508D58451B7F883662E1E4E6AF13CAC327193849491E7B056C8CD8E66920F684FB5DB1F56D9E4863A699C18F734111B882DB9CA43AD6D45BAD3950F26788BF5E6727F892347B8959F633BCB5504B963251E2F331AF631EE6B64696B8B1D96E08ECEFD1479B81CEE3A36CDFAC777EBC15BB45C90D4685F531B3AFA2C7487CAED0A4745C9740D0049512BEDD4D0D60FC013F8ABEBCAEE60D5DB558BF8BE4A386CE76CC7C196F794BFC85037D695E7F89A3F25E88A5D81C3D9FD407FDB739DEF29F28F0A822F9A86367D96341F3015B95E48C3BFDD9E70A1D8FE73E6A9A778EDCAEB1FE2B00A4187726B5675146C6F191CDBFE6AFB45979B99E6E5E879A36DE91F874CC827898E73D99C16121B6B916DDDA10AE3E537615B8A451E5788E784B8C6F22ED21D6CCC701AD8D86BD442147647CCB96AED5C26427FF00A130873DD4D53F4432589DA6E20B5ED1E20BFD94ED26010CD454B2323E72231333B01D482C00904F5875C8EE53DDA8C063AEA67D349A070E8BAD72D78F55D6E1F15556C8ED14983CA70BC51B962B9314BBD9949D75EB6FBB710A5DD60CC7553ECC54434CE645209A2CC1D99A32BB331A7A56BDC9B68776ED2CB3969DB4673553C3E4172D85AE05D9ADD12E36B65D47EB4564D31A69D9998E648C3C43B43C7B930623061187FCBCDCCB08D402EB927F75973AAAE299EE470C2EAFD1A87D26ADC010D74AF360002EBBAC075750B2C793FA09194EEA899B967AB91D50F69DECCE00630F16B0307826FA6A19F14919515519868A3707C54EE1D399C356C930FA2D1BC33CD4D80524B078C2C94A542F4088B25420112A1080108420042108045C58AE11054B39AA8899233B1ED07CBB10840441FC90E1772E6472C77DF9277B41E16BEE4ED80EC0E1D46E12414CDE706E7BC97BC1ED0E75EC52A101240D59210801084200421080442108054210801084203FFFD9,'Red Start Diecast','Model features, official Harley Davidson logos and insignias, detachable rear wheelie bar, heavy diecast metal with resin parts, authentic multi-color tampo-printed graphics, separate engine drive belts, free-turning front fork, rotating tires and rear racing slick, certificate of authenticity, detailed engine, display stand\r\n, precision diecast replica, baked enamel finish, 1:10 scale model, removable fender, seat and tank cover piece for displaying the superior detail of the v-twin engine',5582,91.02,193.66),('S10_4757','1968 Ford Mustang','Classic Cars',NULL,'Motor City Art Classics','Turnable front wheels, steering function, detailed interior, detailed engine, opening hood, opening trunk, opening doors, and detailed chassis.',3252,85.68,136),('S10_4962','1962 LanciaA Delta 16V','Classic Cars',NULL,'Second Gear Diecast','Features include: Turnable front wheels, steering function, detailed interior, detailed engine, opening hood, opening trunk, opening doors, and detailed chassis.',6791,103.42,147.74),('S12_1099','1968 Ford Mustang','Classic Cars',0xFFD8FFE000104A46494600010100000100010000FFDB00840009060712131015121312161615161515151018171715171518181915171717151515181D2823181A251F151621312126292B302E2E17203544332D37282D2E2D010A0A0A0E0D0E170F0F152B1917202B2B2D2B2F363737322B2B362B372B2D2B2B2B2B2D2B2D2D2B372B2B372B2D2D2D37372D2B2B372B2B2B2B2B2B2B2B2B2B2BFFC00011080078007803012200021101031101FFC4001C0000010403010000000000000000000000040003050601020708FFC400431000020103020305050503080B00000000010203000411122105063113224151610732718191144252A1D192B1E12343538283A2B2C11624334455729394D2F0F1FFC4001801010101010100000000000000000000000001020304FFC4001C1101010002030101000000000000000000000102110304315112FFDA000C03010002110311003F0083514EAAD245A2638E83544A7963A7A38A8848680558A9C10D1AB053AB05151FD8D6AD0D4AF615A982821DA1A65E2A9878287921A08978E9878EA4E48A8678E8231D29A65A3E44A19D688148A54E30A5413514746C50D3905A9A3591635D4EC14799A2C96DD43714145C76F40BF1EB64FBF9F414CA738C5E0A3E6DFC2B3738EF3ABC9F349E4B6A796DAA0979C63FC29FB7FC2B4B9E7D8A34D6D182338EEBE77F869A4CE532EB726337563FB3D6AD6D55587DAA5A13DE86503CD46AFCB028C1ED27871FBD28FEC9AB4E16692F25B5092DBD6FC279AAC6EA411452E5CFBAACACA4E064E33E95312D95056258282961AB34D65404F64682BB2C742491D4ECF686819ADCD043BA52A32582951179B7B4A85F68D6A0592B794ABF98615648F89DB8D84A8C7C90EB6FA2E4D41F3BCC2EADFB18B6759119D640636D24310CA1B72322A5F1D78AC99CDB9349EE9F81FDD5D0B82F0CE066DA1333C1DA18D4C997C1D58DF233508DCAD85DE55CF88C363EA2813C991FE343E1D24A98CD474EC724CECFCA37DA3416297082C594A767FCA6862C0367F4A86E1A8CD0C9807BAC84919C6F95C7E67E95683C9917F48BF493F5A9EE0769C3AD62749756B93396D5851B1D07431DC824D69E752F970627412282AC555F5F40ACC0336FE2013BD7748E2E130A85D56CDE1A89899BE66B91C52580629DB34ACDB1DC85500124820607D3C287179C3420EF4ECC5986750C614E01034F8F5C67A6288EAB2711E1E6EED9A068FBAF224A553002B2E32481D32001F1A97E016B31691E56739254861DC241F7A3CE08047862B8BC3C66CD3DC7914F9E9663E7F8B1471E7938C7DBEE07F6649FF1551DB24B5F4A0E6B3F4AE3A39C4FFC52EBFE8A9FF3ADFF00D323E1C56E7FEDD3F5A9A1D3EE2CBD2A226B43BE463154D8B8D4D2A171C4EE4A26EC7ECE1467C1430C64EFE7465B736C8A919C4926A91958C8577191923036C64789A6952B3DAD66A63882A29D2580273A413B9C790A550732E29CC1C42DE3D293058C774F628A9A4FE17046A53F1AA5DE5DBCAC5E476763D4B1249AB2F1BE213484CCE753A0115CE76D4A7DC67FCC6FD0D572E6DB0C34EEADBA7FE27D456903027D6976ADF88FD4D1ABC3C81963803AD3C387A9191D0F4A08BED1BCCFD4D1965AA665899885CE4E00DB63D079E33D69C6E1F4FD84613E2ECA83E07AFCB6C54166E1D0305C5BC7B01B95895CFC4B31CB7F76B4BB8A39FF00939916393DD8A545D196F04923FBA4ED83920D5BEFA6C3476B6F3AC51851DAB8EACE7DCEF0C609DFAF9FA5553993263C484B301A0BB6353EF8DC8D9B1DD20FC682A13868A428D8C83E98C7811E841AD7B65F103E828B8ACA5BA21863C9D8F407AF5F13D76A37FD4EDB623B6907527703FE54CE951EA4B1F4154442CA0F4504FA0CD691459704A92BA86BC0236C8C8E9B6D53EBCD972175471E851E23501F32A00ADA4E6E79131342AFE21F590E3D436091507518AE52E2D51D23511186505131A11463031E2401B9F3AE6305C136E9939D12369F83AA13FE1A726E78660233198E3618974C9A988C6188040009C648DB34CDDC2B1895236D40346F19C83B156EB8F9551D1F82F11135DDEC6E55BBF118F718D2339C3007006403E449A5559E0BCB721D578CC238DB580A8EDADBCCB01D14FE74A800F6A5A52749A2D92F200EE3D41077F506AA5C36FD13BAEBA9720E3A60F983E157BE7F78927B5B66844E628563D3ACA65DC8DB6F502AD92FB24B2236EE9F11A8E01F2DF3522D72D9389DB3742C0793283F9823F756DF6BB7E9DB0FA37E95D1E5F6476B8FF6C01F565FD0555798F92ECECDD5249DBBE095658F5A1C751956C83E94457DAE21FE957E8DFA50D76C8E8743066421C63AE075FDF9F951B71C2EC40245E0CF8028E09A338572933E974ED581DD484D00FCDC9DA82C1C342F651CE009A36D20A81DF53820907721BBC074AD398FECC4A174ECD5542A42ADA9D80E8D2B0C6F9FFE8A6E7E13796D19582D8A231EF94C3B1EA37C671D4F9F5A856E5FE2120263B59327DE67C027F68E73F1A2A0F8D71A772634C2463BA157A63C891E1E83F3AB5FB31E524981BA9D414074C4A7A123AB1F31E18AAEB723F101FEECFF002D27FCEBA9705B8167C321D6A414189078862D823E39359A449F10E316D01D0E146DBA8EA0799001C0AA9739F2CC2F0FDB6D40006F2AAF423C4E074228E8B8409A379F4990C8C724630A15880AA4F5D3B6C7A8A7B952CA48A59ED66FBF1066538C2E723A0E99069AD2FAE3BC4ADB490C3A1CFC8D4B70253268452032AB6C481A86A20051F78EFD28672BEE49AB4ABF78AE0B601C1233B66AC3CB3C7EC2C9E422379CB69285E28C14D3ABA127C723A0F0AD3293B3BE5B6B592162993D32E0B03D980C580DF1D3CFAD2A2AFF00DAB14C76502F7865F70A739F1D2BBE7AD2AA202E796B8A99CCED03990B6AD4349DFCC60FFEE299BB838A0F7D27FEF577EEDAB3DB5655E68B9FB4FDF593E7AAA3E699F1839C791AF52B107AA83F214CCB670B7BD121F8AAFE95479615B1BE054945C6661FCE37ED1AF444BCBB66DD6DA33FD51414DC8FC3DBADB28F8645070E8F98AE07495FEA68C8F9CAEC7F3A7E7BD75897D9B70F3D2365F831A0E4F657647A3B8F9835073C8F9E2E8757AB672A7165BDB796DE5F7F25BE218E723D41CD1B27B2587EECEC3E23F8D0E9ECBE689C4905D00C3DD2548FAE0F4A58439035DDA854881217214A8CE7277CAF8F5F1E9440D56B1CF7B72C1A6751F1CE3607CC938FA51BF63E2A8B8ECE090F9895933FD52A6AABC6B96B8ADD38EDD02A29C8546047C77C64FAD45DA97C3561DFB62D823EE92093E3923C2A76EE7B192131A22A36C55CE4B647E227720D58EC7D9E36DAB2BF435330721463AB7E55A471FD11E70D8523CBA7C8D2AEE36FCA10AF519A551535AEB60F4286AC87A027B4AD83D0C1AB224A02B5D643D0BAEB60F4056BAC86A183D643D015AAB21E85ED2B3DA5015AEB05E87D74BB4AA1FCD2CD33AEB3AA81CD54A9BCD2A088ED2B21E952A83224AC97A54A832AD5BEBA54A8321EB3DAD629551B07A464AC52A83224ACF694A9506C24AD964A54AA8DBB4A54A9507FFFD9,'Autoart Studio Design','Hood, doors and trunk all open to reveal highly detailed interior features. Steering wheel actually turns the front wheels. Color dark green.',68,95.34,194.57),('S12_1108','2001 Ferrari Enzo','Classic Cars',NULL,'Second Gear Diecast','Turnable front wheels, steering function, detailed interior, detailed engine, opening hood, opening trunk, opening doors, and detailed chassis.',3619,95.59,207.8),('S12_1666','1958 Setra Bus','Trucks and Buses',0x89504E470D0A1A0A0000000D49484452000000780000007808030000000EBAC6E000000150504C5445FFFFFFFFCC00CEA563000000FFCE00FFD000FFD100E0E0E0352007F0F0F0FAFAFAF6F6F6FFD300FAC8009C9C9C313131E9E9E9525252BCBCBC6C6C6CCCA462393939636363A38300DBAE00C1C1C1C9C9C9767676D3A865AF8E52EFC000EBEBEB121212EEEFF7AEAEAE404040D8D8D89999997E7E7E484848242424DCB16BF7F7FDCAA1008A8A8ABD9700876B00877E7DE4B700DEDFE75B5B5BA5A6A68E846C938258745C20989CA773694A725B004D381F43331E573F20957947928D83828179866F1D786436A5833DAD946087712B987A00A79F91685F47655943EABA71B08F29D2A7007A641FB491169370359C9481A07A4AC79D577F6B35977E2A6E74816E5005AA8D615B49007F72494B4122BA992B8D836F674A198F7100A98C36C8CAD7675D377D66412002002B2117B59456291300533403AD9F82B8B3A658491EB29747BD9A2654460CBCBFCCC5A84E332623E19CC17B0000075C494441546881ED9AED57DA48148703C9400949C010248434404C784DD80071D5B66245D16A4ADDDADDADADABB65BDBDA76BBFBFF7FDB99890856115B329EB37BF8793C44883C73EF9DB97367261435D34C33CD34D37F517A7BC20DF938116E3E91666FBC21992EC54880A389B99B6F50E88528197079C21D598304175BCCC6866164471C3FF2761EBA3B9FBF3928DF0B5E30CC564ECFE3BF0CDD2A29081735E38AD0CA25214E849ECE17E6F2ED854AC9FF97AC2866F35383D3850A0D95423825812E05968AE7680BBD0D493A6DC11E461752E82311DED42EA3ABF969C9D134FC12A50D71D0AE325D29CDD115858ACDC1EFB6CC02EC78960FA6E98268D129187278D96AD1E8723A70A2823A0FFC3A8A32E934746B99D631384629851C45A568D3071B94582853F1345D62D1FDF35383F1704AB6E8289B43C651026DB110ACC3CB760C81050C865E17A107C4026A1C6BD2A5A9C17838C5E66903FE2A141AB8189C3CBF61008EFAE03636353E8FC33D1D7860711EC1E1A5782DB81CF3C12606477143A6049761C858812E506C09F98F4DD059EA5B709B9EC3E032ECE4E9683CB6405F7CFEC3E0349D12B3168D62AAC348EA2DBA1CBD02563058A9248C649AAEA40A74057D6E88F1F371CE668DEF4D2E513C74E1D881FF18C7631535018207AECC0D5D9D4C1444D806A81C6A180C8F80865B290EDF4C7FF7B83675617E3EA7E006C7CD446101B75D2F0DD2650C65B2584B40EF0A15686754C829C90404C33EA123708E85E0C4D4A9EC568A620F5078BEC4AE61C94CDA5794A34B7744BA505C3005C1A2A71EC6DF2DD1EF8BA52067C8DBC948A55216919A64A699669AE9FFA166AD562C369B774C659B9620CC3F79679AE69D4E0DF1254189B51543542845B84B70536729B3592B1ABA5EB3EE905B9C2F6DB53EB9AE7BB0FCC96D594B7714E8E6C7C64B596B7000008EEFF3F55E7DC5BA83A2A776D670380D3091101290795E8E70F6A2429CBB54E79910131A8881827CED384B9ABBCB0DA943317CEF2B51B098B90E8BC8DC11496F27179D31E010237F2C9203EB99315844AE9F914B626B32180FD6BAC4C673B3C78DB73804BC3D5260DD1E6F3014D7236472CDE5C7752DDFD94E870CB8B81AB9890B4DDE2763B2F8780298D1C844793298FF4C64E9A6676EEC5B21D4B189AC91CF6EEED4C864EF90C4D67D7B223814F942C2D7932D8619DB25B0D5730B7028622F050FBE85AB43C02101EE4F76B57374123C58D99C308E510A6928C14F8EC68BB1603048E20CBF1ABCC9C5EE3857F37D6FF01190B76A8183DD7160C6E90F262E46DB0CBCF82ABAE35CCDF08D6131F6450C3ACAEC9E366E3E06B6DFE351991D3C9832F1B7331801E012861908449C1E0722118E979DCC7AF0078F2799089A81EA889BD9EEF69D81EC2F9BFF2CBBCBEEB6BB56CE09C1A7EBE20BD485FA2B309EDCCA49F1ACF31354A745AF9D9DB4DBB5E2B9F469CF44AEA8661D780CA3F5BC0607830A972C35ACA4022BF976E9ECAB5FF764839F928D52AACF01BBC7F5A0C9CCA583C4982B3BBBDDE539EBA468055F772916FBA6CE1D69C0810B0A50EF0C3B6F4DF0220C0011A67EF4178165A328C4D71AF515E8E7BAC6307CBFD3F4D16CDE1CE40FC0799DE073755BA7CEEA0D3437A2D4CCF0F6EA5213762665C9F5860537E706BF76EB44A9E8DF1A7F91AE429AFDD975178F6D073704FD30C07103E752469CAA99A3C90B865593D15E080021DE97F734F029C297DEBFBC8C41598BF76CBB9FC1DA7DF6C420F288487EAF77B9FE61383BB37BF0CB2FF77D49AAB42A10D80262B73C66D46286931BDB9214562F1456ABDB048AFA6CC6B3BD211868BD27E11D357C49EAF3E5E02B5CD3CEFC36040367FDF71D55BACC0D4B6A37F8ED4DB1EF3960C87DBC510D5F951A7E19F8FCA464F86159E7EC9F5EC70D87ABCFA77D3CE28A58615FE607D5CE8B0DF55A6E58DAD9D7832653CD5F65DF64AEBF7ABDBD18BD1538985AF2C1405E57C7188CC2EC065F85F860465B51AFF4E7118B9783DF5FF4C1C05E1C3AFA4A03D42A01B0E0BBBA278D60D411AFAB6A5592563BC1A7CD35943219E7F100ACEE481B1B55A89DAA1A46AF1BDDF5439DC0EA1CAF261879F31C5CADFEFCE0E1C3478F1E6D3F3D85963F5F79B3A89F1079FE63118C80E15C74EFFD3DA8F7EBAAF4A995CB9508AC8E7D35BB3EF80D0657DFFE790FEB9554BD4F64C3E742D95D0C769E9EE2FEFCCEE7BE7F1B56D7C93E0672BE0F027A3E981E8055F580EC7188E083CF13887AF0E1C387F7F71E3EE8AAE1538BE0D100955C3B2FF6FC94A986579F3D7BFBF63E9A2ED437044F4394BDFAA0BAE5EC7DA97A51F4486AB5BB46ECD997E6AFBBDAF0AC0BD4FF90762EB2C806B1633E367A78C447464B5BA01DED4B50A7A7A707AF082CD5B0625F2D5BFEF68C0D96B6BDE3E3E3D7FD8C1DFC860B564DEFECD6AF3BDA03214DD3E03A22E2B84D022B8893C3232F3466A7099F69C217FB60AF1370BA8CEE65BC6B0F322FDBCEC9F58C7B125C078B29F7EBFCE44D5B6434E0B4DDBDA0626DEC7D1916B493D98CF33A18B4BE2933B7C6627448DB9F7EC3BA691D4D0EEE1534E73D16A70BB5E2DA379D618E15E0FB87536C5AD7F4E3B187D4938D3EDEFAD14C66B899D00F724378636671D22AE65FB5CFE0A3A37CB0090000000049454E44AE426082,'Welly Diecast Productions','This model features soft rubber tires, working steering, rubber mud guards, authentic Ford logos, detailed undercarriage, opening doors and hood,  removable split rear gate, full size spare mounted in bed, detailed interior with opening glove box',1579,77.9,136.67),('S12_2823','2002 Suzuki XREO','Motorcycles',NULL,'Unimax Art Galleries','Official logos and insignias, saddle bags located on side of motorcycle, detailed engine, working steering, working suspension, two leather seats, luggage rack, dual exhaust pipes, small saddle bag located on handle bars, two-tone paint with chrome accents, superior die-cast detail , rotating wheels , working kick stand, diecast metal with plastic parts and baked enamel finish.',9997,66.27,150.62),('S12_3148','1958 Setra Bus','Classic Cars',0x89504E470D0A1A0A0000000D49484452000000780000007808030000000EBAC6E000000150504C5445FFFFFFFFCC00CEA563000000FFCE00FFD000FFD100E0E0E0352007F0F0F0FAFAFAF6F6F6FFD300FAC8009C9C9C313131E9E9E9525252BCBCBC6C6C6CCCA462393939636363A38300DBAE00C1C1C1C9C9C9767676D3A865AF8E52EFC000EBEBEB121212EEEFF7AEAEAE404040D8D8D89999997E7E7E484848242424DCB16BF7F7FDCAA1008A8A8ABD9700876B00877E7DE4B700DEDFE75B5B5BA5A6A68E846C938258745C20989CA773694A725B004D381F43331E573F20957947928D83828179866F1D786436A5833DAD946087712B987A00A79F91685F47655943EABA71B08F29D2A7007A641FB491169370359C9481A07A4AC79D577F6B35977E2A6E74816E5005AA8D615B49007F72494B4122BA992B8D836F674A198F7100A98C36C8CAD7675D377D66412002002B2117B59456291300533403AD9F82B8B3A658491EB29747BD9A2654460CBCBFCCC5A84E332623E19CC17B0000075C494441546881ED9AED57DA48148703C9400949C010248434404C784DD80071D5B66245D16A4ADDDADDADADABB65BDBDA76BBFBFF7FDB99890856115B329EB37BF8793C44883C73EF9DB97367261435D34C33CD34D37F517A7BC20DF938116E3E91666FBC21992EC54880A389B99B6F50E88528197079C21D598304175BCCC6866164471C3FF2761EBA3B9FBF3928DF0B5E30CC564ECFE3BF0CDD2A29081735E38AD0CA25214E849ECE17E6F2ED854AC9FF97AC2866F35383D3850A0D95423825812E05968AE7680BBD0D493A6DC11E461752E82311DED42EA3ABF969C9D134FC12A50D71D0AE325D29CDD115858ACDC1EFB6CC02EC78960FA6E98268D129187278D96AD1E8723A70A2823A0FFC3A8A32E934746B99D631384629851C45A568D3071B94582853F1345D62D1FDF35383F1704AB6E8289B43C651026DB110ACC3CB760C81050C865E17A107C4026A1C6BD2A5A9C17838C5E66903FE2A141AB8189C3CBF61008EFAE03636353E8FC33D1D7860711EC1E1A5782DB81CF3C12606477143A6049761C858812E506C09F98F4DD059EA5B709B9EC3E032ECE4E9683CB6405F7CFEC3E0349D12B3168D62AAC348EA2DBA1CBD02563058A9248C649AAEA40A74057D6E88F1F371CE668DEF4D2E513C74E1D881FF18C7631535018207AECC0D5D9D4C1444D806A81C6A180C8F80865B290EDF4C7FF7B83675617E3EA7E006C7CD446101B75D2F0DD2650C65B2584B40EF0A15686754C829C90404C33EA123708E85E0C4D4A9EC568A620F5078BEC4AE61C94CDA5794A34B7744BA505C3005C1A2A71EC6DF2DD1EF8BA52067C8DBC948A55216919A64A699669AE9FFA166AD562C369B774C659B9620CC3F79679AE69D4E0DF1254189B51543542845B84B70536729B3592B1ABA5EB3EE905B9C2F6DB53EB9AE7BB0FCC96D594B7714E8E6C7C64B596B7000008EEFF3F55E7DC5BA83A2A776D670380D3091101290795E8E70F6A2429CBB54E79910131A8881827CED384B9ABBCB0DA943317CEF2B51B098B90E8BC8DC11496F27179D31E010237F2C9203EB99315844AE9F914B626B32180FD6BAC4C673B3C78DB73804BC3D5260DD1E6F3014D7236472CDE5C7752DDFD94E870CB8B81AB9890B4DDE2763B2F8780298D1C844793298FF4C64E9A6676EEC5B21D4B189AC91CF6EEED4C864EF90C4D67D7B223814F942C2D7932D8619DB25B0D5730B7028622F050FBE85AB43C02101EE4F76B57374123C58D99C308E510A6928C14F8EC68BB1603048E20CBF1ABCC9C5EE3857F37D6FF01190B76A8183DD7160C6E90F262E46DB0CBCF82ABAE35CCDF08D6131F6450C3ACAEC9E366E3E06B6DFE351991D3C9832F1B7331801E012861908449C1E0722118E979DCC7AF0078F2799089A81EA889BD9EEF69D81EC2F9BFF2CBBCBEEB6BB56CE09C1A7EBE20BD485FA2B309EDCCA49F1ACF31354A745AF9D9DB4DBB5E2B9F469CF44AEA8661D780CA3F5BC0607830A972C35ACA4022BF976E9ECAB5FF764839F928D52AACF01BBC7F5A0C9CCA583C4982B3BBBDDE539EBA468055F772916FBA6CE1D69C0810B0A50EF0C3B6F4DF0220C0011A67EF4178165A328C4D71AF515E8E7BAC6307CBFD3F4D16CDE1CE40FC0799DE073755BA7CEEA0D3437A2D4CCF0F6EA5213762665C9F5860537E706BF76EB44A9E8DF1A7F91AE429AFDD975178F6D073704FD30C07103E752469CAA99A3C90B865593D15E080021DE97F734F029C297DEBFBC8C41598BF76CBB9FC1DA7DF6C420F288487EAF77B9FE61383BB37BF0CB2FF77D49AAB42A10D80262B73C66D46286931BDB9214562F1456ABDB048AFA6CC6B3BD211868BD27E11D357C49EAF3E5E02B5CD3CEFC36040367FDF71D55BACC0D4B6A37F8ED4DB1EF3960C87DBC510D5F951A7E19F8FCA464F86159E7EC9F5EC70D87ABCFA77D3CE28A58615FE607D5CE8B0DF55A6E58DAD9D7832653CD5F65DF64AEBF7ABDBD18BD1538985AF2C1405E57C7188CC2EC065F85F860465B51AFF4E7118B9783DF5FF4C1C05E1C3AFA4A03D42A01B0E0BBBA278D60D411AFAB6A5592563BC1A7CD35943219E7F100ACEE481B1B55A89DAA1A46AF1BDDF5439DC0EA1CAF261879F31C5CADFEFCE0E1C3478F1E6D3F3D85963F5F79B3A89F1079FE63118C80E15C74EFFD3DA8F7EBAAF4A995CB9508AC8E7D35BB3EF80D0657DFFE790FEB9554BD4F64C3E742D95D0C769E9EE2FEFCCEE7BE7F1B56D7C93E0672BE0F027A3E981E8055F580EC7188E083CF13887AF0E1C387F7F71E3EE8AAE1538BE0D100955C3B2FF6FC94A986579F3D7BFBF63E9A2ED437044F4394BDFAA0BAE5EC7DA97A51F4486AB5BB46ECD997E6AFBBDAF0AC0BD4FF90762EB2C806B1633E367A78C447464B5BA01DED4B50A7A7A707AF082CD5B0625F2D5BFEF68C0D96B6BDE3E3E3D7FD8C1DFC860B564DEFECD6AF3BDA03214DD3E03A22E2B84D022B8893C3232F3466A7099F69C217FB60AF1370BA8CEE65BC6B0F322FDBCEC9F58C7B125C078B29F7EBFCE44D5B6434E0B4DDBDA0626DEC7D1916B493D98CF33A18B4BE2933B7C6627448DB9F7EC3BA691D4D0EEE1534E73D16A70BB5E2DA379D618E15E0FB87536C5AD7F4E3B187D4938D3EDEFAD14C66B899D00F724378636671D22AE65FB5CFE0A3A37CB0090000000049454E44AE426082,'Welly Diecast Productions','test\'; update Products set productName = \'temp\'; ',6906,89.14,151.08),('S12_3380','1968 Dodge Charger','Classic Cars',0xFFD8FFE000104A46494600010100000100010000FFDB008400090607131312151313131616151717181A181718181A201D1B171A17191A1A191C1D1F1D28201A22251B1A1A22312125292B2E2E2E171F3338362D37282D2E2D010A0A0A0E0D0E1A1010182D1F1F1F2D2D2D2B302B2B322D2D2D372D2D2D2D2F2D2D372B2D352B2B2D2D2D2D2D2D2B352B372B2B2F37372D2D372D2D2D35362B2DFFC00011080078007803012200021101031101FFC4001B00000105010100000000000000000000000400030506070201FFC40040100001030105050505070204070000000001020311000405122131064151617113228191A1073252B1D114234272C1E1F015624382D2F117244492A2B2E2FFC400190100030101010000000000000000000000000102030504FFC40025110002020104010403010000000000000000010211031221314104135161A12281F105FFDA000C03010002110311003F00C7ECE924E5AF1E5147582DE5A261055206860856ECF5E3E74C26EBB49FFA77BC1A5FD2A42CB73BE539B0F26143FC25491BF513972A9120969F616B2950C23094E30924A08221502019CC651AD5B5BB176484049C488012A1A1FA1A85B06CC2810B4A171AC142B4DC39467525654A9951CD6949198C32927983952B45A4F909066A0AF8D996DDEF370DAFFF0013D46E3CC7AD4AA2D414A8402723270C67969C68A4A15C15E4680E4CBAF0B038CAB0B8920EE3B8F43BE848AD076A13F7684AD3DC5AE09D08CA64731555BD6E1719EF7BE8F880D3A8FD6AAC8688840AEB0E7A54AD89B6F082604EF274CB86FAF1780E49198C811BE959204065AD7A9755BF77C8575837CC7850EF120D031E7D734D639D6925539C457A96C9070A498D72A00E4AEBDA6C4D2A606C977FB56607BFDA8EB9FCAA758F6AB61FC4E281FCA6B04536674DFC4510AB49C1830A78CEFF009D46934D6CDEDFF6A1604890E2D7F910A3E7028373DAA34505C66CCFB802B092308015C0C99F21587D999C65299024812741CCF21AF855F2E3B1A18C94E8536F0295122024E402B5207780273D1154A2273659FF00E2B3C74BBDC8E6E7FF00342DA7DA791EF5DA3FCCA1FE9342D9EEE73EF5580C44A7239E6321E1514FD9965425B5403BC4556844EB252DDB5DDBA61773A5426727233E3924500ABE4C809BB5689C80FB408E9250478549591092A18CA024F17129F13AF96552D6DB558834A1DA3695C643B54A81D3D296916A66737F32840C4ED9D6D7685510EB6A00800FBA1A1124C88571E155EB0053AA4B681DF5181981AF53945681B40F38A6DB2CB8202895A9290A01111BC41321590E074A16F37DFB3396659510DBA48C2A0DE7118B4139489D351431F3C94CB7D996D38B6D70149241822391115C582C8A75C4B6800A95C480071249F3A91DAD495DADD52412094E9F94573B2ADA85A9B25240CFFF00534BA0D80FFA5AFB553660291EF6632F119699D4A94A509C2068662779D2673194F9EEA99BE50FA71A85A96D24A86141109D0492A0721D4664D531F7DE5CE274AA3292A9A4D58A839EFBCC903539C6F9C873E14AA62E5BB986876EF3C64250A42103F1124C28C1E034E3CABCA131D15DB5D989592233CF5DE449F5A6DBB02D4A888E7FED5A93FB096723EED4E24F0ED207AA4F9506E7B3E180292FB9394A4A527331BC91CE8B35FC0A222C0E274DDBC7EF561B4ED05ADC4E070A5686CCA5303093A77809994EECA8E57B3D7C242D0FA3300C1410448DF06866361ADAEB81A4A90ACA492A3094E92A3BB978F034D322A37C8AC4965FB4128B2B44AF16168CFDDE08852B2C2AC4374573D8E24E25E48070884A53278242733D49356EBBB60FB25A5BB429480BEEA5D42B1B654744A8182927413AE92343D5E5B02E9708FB582110940ECB203726317777F5CEA27193568F77899F0E36D4D5DF75C7F4AC58AEB46BD934DFF7384927C87D2A71A24003ED2C44461285293E4ACBD2BD77616DC3316841EA850FD2BC46CCDE69D14C2FAC7EA2A16A5D9EFF005FC39755FA3D76C8D38D25A2F3294A49230A5635D7FC41BC93E26A66EDB05DE928C6BED42525385780A73DE013223777AA22D1755E088FF9361C11C13F3047CA82712FA7DFBABFEC2BFD245352923370F0E7DD17D8BB8E8C3249E68D7A499A60ECC94D98F6A842DF910EAC01DDC87BB8A400370354CBB6FBB3B4FA02AC36AED4830D2085FA2883A67A08A236AF6994BFB9423B24CF7A4824F2CB21E7FBED04AAD9CCF27D253D38F75F24ADDA9BBF094DA4B4A7428F792925313034D321C69ABEB61D6538DA4B6E20E60B420C71D73F035470B26758FE72AD2FD99DB9C8ECD6E27B24A4AA15008248DE4E59FCEA658ECC0CEDDBAC0949C43883AE53A8DDAD2AD5F6B6D96271B9290EAA4A52A4280320F7BBDC01E34AB1F4F27B8ABE4AED8EDE0C1A3987F233C7D35AC8AE9DA3521212A41501948307C8EB568BB76B193EF288EA923EA2B5D8D9C24B7AD8D059598CEA0F69EF02CB610DE4A749528F4EEA474113E26BABBAF66D63BAB4ABA2850BB598029852C800B40E6790269F666C7762EFB255F667D5890E4883B8F149E2323EBBAAD28B529C42B128F6CD8536E409C6A6CF755AE45420CFF7D66B664A52B2EA7BC9C270CC4A4EE5248CF28AB25EFB53F64B49742643ECB2EE106249490ACE322484791ABB5126307374B91AB9F69DC36DB4B6B7416D0250234270C09D4CC9A3AE4DA7B5A99507C203FF00841309D07BD26759D2B23BC6FF00C4ACC0D660680F1EBCEBBB1ED089857AE7EBAD636FA4753160F1D6D39EFF0046E2D5F8E7660ADB4E3DE01187A8244FA78D1763BC03A907084AB7A664A62B3DBBAF12B617D9B812B489C3F1278A7A4663F81BBB7689495E174C1DCB1E9D7AD166AFFCF4D37064D5BED616EBE1095151385442547BA98184900E44824EE3DDE155FBDACA90D92414A93A0208A7D9BFC336973B6C83984E34023BC0405473D0F4E75E6D46D0B4EA3B34B91A494A4A89DE32CBE635AD53B395971CB1CB4B2AB6658E20738FA7D68E6EF6713252ADDC7F7CE84B134833852EBA123113DC4401E2A8EB274D2997ED6272404C0DEA2AF531E80539703C2AF22ECB8EC659B1B188AE14931A2480374FAD2AADECD32E2B1290AC001EFA8132A498C2908FC510ACE46B4A9ADD13923A64D15C1662DE4B6C8E7FEF91A7996317BAB48FCD97ED51D65BC5E6FDD518F84E63C8D48377A32E64EB65B3F1B798F141FD0D438266B8FCA9C157272EB2A4FBC8F18F91AD5D5717F53BA6CA50405A0602A2263300CF2948ACE18B1AE258712E8DF835F141CEAFDEC936A52CA97667E021C20A4E9DE3A8F1CAA5474BB34CB99668528D307DA1D9D361EC5A69C0EAFB3D066ACB22B200EEA248D79D5376E2FCED9C4A51EE36DA1B078848CCF899F0EB563F6936C6987D61A752EA9633526640120209E409C86599ACD5C26093A9AA934DEC678E2F1C6DF2FE82F67AE755A5DC00C2466A5701579FE856140C0409E24E742EC531D9D896E81DE71644F24E4079926995A4A6147539D3E4C19CDEF73AECA9ED1951533AFE53C798FE74884DEA75227A7D2AE975DE58886DD41C2B94856184AE3231B899E1E359F6D15D46CCFADACE0669FCA74FA7854BC69B3D787CD9E38E9E826DD7AC819404CE19D73DDD070AE516CC6246B908E1000F58A8258A7EC6EE154EE3AD38AD2659B2BCAED9AA6CAD816F3282DB29582A033509E054410263219693BA6A9DB52D845A1E4272C2A88DD2323EA28ABA6F87D8EE36BC2954124894A4FC4781CF775A8FBD2EC75B754DBA25C39900CE2073C4201907504553E088C65AB8277604B44B8DDA1C5372016D4140027F16A23409F334AA0DAB92D0ACC029E13091D333207852A13DB81E4824F664D5E3B229566D929E4731FB5562F1B89D6BDE498E234AD3893D6997237E5CE998192049499048234228945E2E0CA67AD5EEF1B95A727200F1194FE955AB66CF286682143D7CAA5A4F9358659C378BA2157680733AD32A5CEFA79EB290608834C1451A46F2B7C9AC6CA340DCE14356DC5E23D57F422BDB4065C400B21A0129C2A29241CB4046FD241E2299F629684B89B4D89710B01691C646157C91EB45DD5B356855E219509B380A538143BBDD484913B8994914456E672F722987D1D837017882C95A547BAA1840279284188E238533ED4AC7DDB2DA3E3414ABA8015FEAA3AF8B990DBEEB2D3A92868A716A22477920C4295840922354E5A575ED5141362B1A37E2040E5D99FA8A72D851DCA2DDB71A5E6C38A742062208206E8DE4F3D28CB3DC9650614F95ABE14467E024FAD0775DECDB4D615B41C3DA15004C0129489CD27E18F1A286D72C64869081CB3FA0A0A4585DB3B30D0430B4CA92313A3259DCDC28C8C477C5582D2F3ED8FBC7ECD66000819A881C0494FA0ACC2D5B456859CDC30344C081FBD00AB4C820819D0539B6F72E7785F56649389E5BC7FB7207CA01F1AF2A874A8159B5941E67C62B80B1F881F3A39563E67CA9A2C9D35CEA8806C0D9DF1D6847AC4066143EB47AECA7E1F1A60B24683F7A4D0C8D72C285832949EBA8FD6A3AD3B30D2B4514FA8A9A71266620F11FCCEBD4AC6F028115BBAEC4F58AD087DA214506634C49DE9F11FA56E4C3ADDBECE97ECCA0164033BE60E47989233E245678D5982A48343D990F59D65CB3BA5B52B5100A0F54E50798D7C2934F9435ECC9C63629E2B0BB6101092A924A71AC29524424000AB2055C05679ED4EFC168B484A7DD6811FE6313E400A96DA5BF2F375247763494933E00E959F39627127BE9503FDC0D2A6DDB1EC96C0B86BA4B54637663C28A62C44E9F2AAA248F6ECD352363B9F1FE248EA6A6ACBB36B29C58A348046FE71A54831B3EA98584AA46A99CBAEEA7404237B3C823DF2A3BB02647F3C6955D2C975601946ECE35FE75A54501792FB2356E0F13C73F4A65C6ACEA12201278EE3FCDD4A954167AD58539E19DD90839F0D3A535F6748EEAA46FCF7F1F2A54A81035AECAD9F9C47A7EF403B75A4E807F3E54A9530017AC2469DE8F4FAD3093C89A54A801E459F17A0AE55772F41066952AA10C0BBCEB813E0914E26C0714C660713A74A54A9201DEC6370F2EB5DA667DDA54AA847A72DD4A952A00FFD9,'Welly Diecast Productions','1:12 scale model of a 1968 Dodge Charger. Hood, doors and trunk all open to reveal highly detailed interior features. Steering wheel actually turns the front wheels. Color black',9123,75.16,117.44),('S12_3891','1969 Ford Falcon','Classic Cars',NULL,'Second Gear Diecast','Turnable front wheels, steering function, detailed interior, detailed engine, opening hood, opening trunk, opening doors, and detailed chassis.',1049,83.05,173.02),('S12_3990','1970 Plymouth Hemi Cuda','Classic Cars',0xFFD8FFE000104A46494600010100000100010000FFDB008400090607131312151313131616151717181A181718181A201D1B171A17191A1A191C1D1F1D28201A22251B1A1A22312125292B2E2E2E171F3338362D37282D2E2D010A0A0A0E0D0E1A1010182D1F1F1F2D2D2D2B302B2B322D2D2D372D2D2D2D2F2D2D372B2D352B2B2D2D2D2D2D2D2B352B372B2B2F37372D2D372D2D2D35362B2DFFC00011080078007803012200021101031101FFC4001B00000105010100000000000000000000000400030506070201FFC40040100001030105050505070204070000000001020311000405122131064151617113228191A1073252B1D114234272C1E1F015624382D2F117244492A2B2E2FFC400190100030101010000000000000000000000000102030504FFC40025110002020104010403010000000000000000010211031221314104135161A12281F105FFDA000C03010002110311003F00C7ECE924E5AF1E5147582DE5A261055206860856ECF5E3E74C26EBB49FFA77BC1A5FD2A42CB73BE539B0F26143FC25491BF513972A9120969F616B2950C23094E30924A08221502019CC651AD5B5BB176484049C488012A1A1FA1A85B06CC2810B4A171AC142B4DC39467525654A9951CD6949198C32927983952B45A4F909066A0AF8D996DDEF370DAFFF0013D46E3CC7AD4AA2D414A8402723270C67969C68A4A15C15E4680E4CBAF0B038CAB0B8920EE3B8F43BE848AD076A13F7684AD3DC5AE09D08CA64731555BD6E1719EF7BE8F880D3A8FD6AAC8688840AEB0E7A54AD89B6F082604EF274CB86FAF1780E49198C811BE959204065AD7A9755BF77C8575837CC7850EF120D031E7D734D639D6925539C457A96C9070A498D72A00E4AEBDA6C4D2A606C977FB56607BFDA8EB9FCAA758F6AB61FC4E281FCA6B04536674DFC4510AB49C1830A78CEFF009D46934D6CDEDFF6A1604890E2D7F910A3E7028373DAA34505C66CCFB802B092308015C0C99F21587D999C65299024812741CCF21AF855F2E3B1A18C94E8536F0295122024E402B5207780273D1154A2273659FF00E2B3C74BBDC8E6E7FF00342DA7DA791EF5DA3FCCA1FE9342D9EEE73EF5580C44A7239E6321E1514FD9965425B5403BC4556844EB252DDB5DDBA61773A5426727233E3924500ABE4C809BB5689C80FB408E9250478549591092A18CA024F17129F13AF96552D6DB558834A1DA3695C643B54A81D3D296916A66737F32840C4ED9D6D7685510EB6A00800FBA1A1124C88571E155EB0053AA4B681DF5181981AF53945681B40F38A6DB2CB8202895A9290A01111BC41321590E074A16F37DFB3396659510DBA48C2A0DE7118B4139489D351431F3C94CB7D996D38B6D70149241822391115C582C8A75C4B6800A95C480071249F3A91DAD495DADD52412094E9F94573B2ADA85A9B25240CFFF00534BA0D80FFA5AFB553660291EF6632F119699D4A94A509C2068662779D2673194F9EEA99BE50FA71A85A96D24A86141109D0492A0721D4664D531F7DE5CE274AA3292A9A4D58A839EFBCC903539C6F9C873E14AA62E5BB986876EF3C64250A42103F1124C28C1E034E3CABCA131D15DB5D989592233CF5DE449F5A6DBB02D4A888E7FED5A93FB096723EED4E24F0ED207AA4F9506E7B3E180292FB9394A4A527331BC91CE8B35FC0A222C0E274DDBC7EF561B4ED05ADC4E070A5686CCA5303093A77809994EECA8E57B3D7C242D0FA3300C1410448DF06866361ADAEB81A4A90ACA492A3094E92A3BB978F034D322A37C8AC4965FB4128B2B44AF16168CFDDE08852B2C2AC4374573D8E24E25E48070884A53278242733D49356EBBB60FB25A5BB429480BEEA5D42B1B654744A8182927413AE92343D5E5B02E9708FB582110940ECB203726317777F5CEA27193568F77899F0E36D4D5DF75C7F4AC58AEB46BD934DFF7384927C87D2A71A24003ED2C44461285293E4ACBD2BD77616DC3316841EA850FD2BC46CCDE69D14C2FAC7EA2A16A5D9EFF005FC39755FA3D76C8D38D25A2F3294A49230A5635D7FC41BC93E26A66EDB05DE928C6BED42525385780A73DE013223777AA22D1755E088FF9361C11C13F3047CA82712FA7DFBABFEC2BFD245352923370F0E7DD17D8BB8E8C3249E68D7A499A60ECC94D98F6A842DF910EAC01DDC87BB8A400370354CBB6FBB3B4FA02AC36AED4830D2085FA2883A67A08A236AF6994BFB9423B24CF7A4824F2CB21E7FBED04AAD9CCF27D253D38F75F24ADDA9BBF094DA4B4A7428F792925313034D321C69ABEB61D6538DA4B6E20E60B420C71D73F035470B26758FE72AD2FD99DB9C8ECD6E27B24A4AA15008248DE4E59FCEA658ECC0CEDDBAC0949C43883AE53A8DDAD2AD5F6B6D96271B9290EAA4A52A4280320F7BBDC01E34AB1F4F27B8ABE4AED8EDE0C1A3987F233C7D35AC8AE9DA3521212A41501948307C8EB568BB76B193EF288EA923EA2B5D8D9C24B7AD8D059598CEA0F69EF02CB610DE4A749528F4EEA474113E26BABBAF66D63BAB4ABA2850BB598029852C800B40E6790269F666C7762EFB255F667D5890E4883B8F149E2323EBBAAD28B529C42B128F6CD8536E409C6A6CF755AE45420CFF7D66B664A52B2EA7BC9C270CC4A4EE5248CF28AB25EFB53F64B49742643ECB2EE106249490ACE322484791ABB5126307374B91AB9F69DC36DB4B6B7416D0250234270C09D4CC9A3AE4DA7B5A99507C203FF00841309D07BD26759D2B23BC6FF00C4ACC0D660680F1EBCEBBB1ED089857AE7EBAD636FA4753160F1D6D39EFF0046E2D5F8E7660ADB4E3DE01187A8244FA78D1763BC03A907084AB7A664A62B3DBBAF12B617D9B812B489C3F1278A7A4663F81BBB7689495E174C1DCB1E9D7AD166AFFCF4D37064D5BED616EBE1095151385442547BA98184900E44824EE3DDE155FBDACA90D92414A93A0208A7D9BFC336973B6C83984E34023BC0405473D0F4E75E6D46D0B4EA3B34B91A494A4A89DE32CBE635AD53B395971CB1CB4B2AB6658E20738FA7D68E6EF6713252ADDC7F7CE84B134833852EBA123113DC4401E2A8EB274D2997ED6272404C0DEA2AF531E80539703C2AF22ECB8EC659B1B188AE14931A2480374FAD2AADECD32E2B1290AC001EFA8132A498C2908FC510ACE46B4A9ADD13923A64D15C1662DE4B6C8E7FEF91A7996317BAB48FCD97ED51D65BC5E6FDD518F84E63C8D48377A32E64EB65B3F1B798F141FD0D438266B8FCA9C157272EB2A4FBC8F18F91AD5D5717F53BA6CA50405A0602A2263300CF2948ACE18B1AE258712E8DF835F141CEAFDEC936A52CA97667E021C20A4E9DE3A8F1CAA5474BB34CB99668528D307DA1D9D361EC5A69C0EAFB3D066ACB22B200EEA248D79D5376E2FCED9C4A51EE36DA1B078848CCF899F0EB563F6936C6987D61A752EA9633526640120209E409C86599ACD5C26093A9AA934DEC678E2F1C6DF2FE82F67AE755A5DC00C2466A5701579FE856140C0409E24E742EC531D9D896E81DE71644F24E4079926995A4A6147539D3E4C19CDEF73AECA9ED1951533AFE53C798FE74884DEA75227A7D2AE975DE58886DD41C2B94856184AE3231B899E1E359F6D15D46CCFADACE0669FCA74FA7854BC69B3D787CD9E38E9E826DD7AC819404CE19D73DDD070AE516CC6246B908E1000F58A8258A7EC6EE154EE3AD38AD2659B2BCAED9AA6CAD816F3282DB29582A033509E054410263219693BA6A9DB52D845A1E4272C2A88DD2323EA28ABA6F87D8EE36BC2954124894A4FC4781CF775A8FBD2EC75B754DBA25C39900CE2073C4201907504553E088C65AB8277604B44B8DDA1C5372016D4140027F16A23409F334AA0DAB92D0ACC029E13091D333207852A13DB81E4824F664D5E3B229566D929E4731FB5562F1B89D6BDE498E234AD3893D6997237E5CE998192049499048234228945E2E0CA67AD5EEF1B95A727200F1194FE955AB66CF286682143D7CAA5A4F9358659C378BA2157680733AD32A5CEFA79EB290608834C1451A46F2B7C9AC6CA340DCE14356DC5E23D57F422BDB4065C400B21A0129C2A29241CB4046FD241E2299F629684B89B4D89710B01691C646157C91EB45DD5B356855E219509B380A538143BBDD484913B8994914456E672F722987D1D837017882C95A547BAA1840279284188E238533ED4AC7DDB2DA3E3414ABA8015FEAA3AF8B990DBEEB2D3A92868A716A22477920C4295840922354E5A575ED5141362B1A37E2040E5D99FA8A72D851DCA2DDB71A5E6C38A742062208206E8DE4F3D28CB3DC9650614F95ABE14467E024FAD0775DECDB4D615B41C3DA15004C0129489CD27E18F1A286D72C64869081CB3FA0A0A4585DB3B30D0430B4CA92313A3259DCDC28C8C477C5582D2F3ED8FBC7ECD66000819A881C0494FA0ACC2D5B456859CDC30344C081FBD00AB4C820819D0539B6F72E7785F56649389E5BC7FB7207CA01F1AF2A874A8159B5941E67C62B80B1F881F3A39563E67CA9A2C9D35CEA8806C0D9DF1D6847AC4066143EB47AECA7E1F1A60B24683F7A4D0C8D72C285832949EBA8FD6A3AD3B30D2B4514FA8A9A71266620F11FCCEBD4AC6F028115BBAEC4F58AD087DA214506634C49DE9F11FA56E4C3ADDBECE97ECCA0164033BE60E47989233E245678D5982A48343D990F59D65CB3BA5B52B5100A0F54E50798D7C2934F9435ECC9C63629E2B0BB6101092A924A71AC29524424000AB2055C05679ED4EFC168B484A7DD6811FE6313E400A96DA5BF2F375247763494933E00E959F39627127BE9503FDC0D2A6DDB1EC96C0B86BA4B54637663C28A62C44E9F2AAA248F6ECD352363B9F1FE248EA6A6ACBB36B29C58A348046FE71A54831B3EA98584AA46A99CBAEEA7404237B3C823DF2A3BB02647F3C6955D2C975601946ECE35FE75A54501792FB2356E0F13C73F4A65C6ACEA12201278EE3FCDD4A954167AD58539E19DD90839F0D3A535F6748EEAA46FCF7F1F2A54A81035AECAD9F9C47A7EF403B75A4E807F3E54A9530017AC2469DE8F4FAD3093C89A54A801E459F17A0AE55772F41066952AA10C0BBCEB813E0914E26C0714C660713A74A54A9201DEC6370F2EB5DA667DDA54AA847A72DD4A952A00FFD9,'Studio M Art Models','Very detailed 1970 Plymouth Cuda model in 1:12 scale. The Cuda is generally accepted as one of the fastest original muscle cars from the 1970s. This model is a reproduction of one of the orginal 652 cars built in 1970. Red color.',5663,31.92,79.8),('S12_4473','1957 Chevy Pickup','Trucks and Buses',NULL,'Exoto Designs','1:12 scale die-cast about 20\" long Hood opens, Rubber wheels',6125,55.7,118.5),('S12_4675','1969 Dodge Charger','Classic Cars',0xFFD8FFE000104A46494600010100000100010000FFDB008400090607141312151413131515151718201B18181817201E1A1B211A1F17171E1D1F22202028201D21251D171D21312625292B2E2E301E213338352C37282D2F2B010A0A0A0E0D0E1910101B32252020352B2D2D2D2B382F312D302F2B2D2D2B2D2B302B2D2D2D2B2D2D2D2D2D2D2D2D2D2B2D2D2D2D2D2D2D2D2D2D2D2D2D2D2D2DFFC00011080078007803012200021101031101FFC4001C0000020301010101000000000000000000040500030601070208FFC4003A10000201020403070203070403010000000102110003041221310541510613226171819132A11452C1233342B1D1E1F0627282A21563C207FFC400190100030101010000000000000000000000010203000406FFC4002B110002020202000307050100000000000000010211032112314161F00413225171819132B1C1D1E114FFDA000C03010002110311003F007D85C406C4775F87213BC2B9F308E6368E71D69EE370F652EDBB66D8CAD9A5B5D32C69D39D384C1BF7A0650103CE80EBCF5F9A1389700372E970E4093A05EB1CE69DA423B037ECA5ABFAA9CB1B32882D3CCFC50E71D6304B872FDE03E32873132254124411CC7A4D31E37835B18503BD6421A437324062018E549CA0C75BB5703847B484312B981CD91A74232EA3EF41240DF636B4B6F12C9895CCC220831A831E211E4229D7151E3420498207FD7FA52FE0D845B36ADA062E547889113E628AED16305A4EF482C1016206E620C0A9B493D14836D6C230D87216363CE28EB56E0452EB78D270DDFAA9FDD778149FF4E789D7D287ECEF1D6C45BCD72D8B44EA8B9A4B0EBA81F6A66CC80F8A769FBB760881821862CD13AC103A475D69C5DE256C61CDF3FBB0998F33B6DEBCABCE7B5760D80145C019C2374305803EBA8A7B86B99B8302C419432791FABFA52A95AB0D6E85E3B558838637FC28DDE85540B200CA5B2F533D6B6F67182FE196E283E35063F4F9AF2C5C00B38251724E7B8D700631A9B702399102BD07B298FB6982B01984F7731B9893EF590680BB45C5FBB45372D365570D28C74CBA9076DC6D4D705891880976D99431B1D2019F9E5ED5E55DA5ED523629BBE56EEF31197639410246D04813AF51D2B6FD8FE2966D35FB7664D9016E26A4CC81313D663DA871768166B38C715B786B65EE1F2006EC7A0A94B713C5EC5C1372CB90362C9A4F96B528D868558DC7BF7697327898E8BB10D3006A398E556377848316B318D499034961A7A483D0FCAEC3707C517B42FB8C9688221C012BE2020ED3B7A57C62708EF7DD9AEDB067C16EDBF85DB996D77123E074A476CBA7141871336512E59CC4995E4872EBF964081AE877F3A02D62FBD56B651007CCA02103265C8A3DB591AF38F3A68B8A186B06E33A86B862490C96E4B65120C18FB9A55D98C025B57BEE500BC4110614466611AE9398683A5531A6ED13938DA950EB8470ABB6B06966E5F0B710477AA74D0E9A1F2D3A6959AC4F6E16FDC7B171426524386D8C18311A99DF6E55A5C13E6B8B6C8CD68A9CAEA342D2AF1332741D3AD677B5DC25AE623F1288CCB6F5B881E09540C09CA4449DFAF8452CEB9547686879F63FECEF1C2F87BA313914A29F05A13FB32214851A9D368AAED594BD60B66D8FEC9544446884C892DA49DA282ECF70ABCD67BC652C2E80C2D3345C45DC098020CEA34E5E75659E18E711DE2E55C3DB5116C7E769968F2D3E69A38E52D81F15D95F06C30C7DD7B975996E59213214D163583986A75988E868E1820A9DC3B9CA415088B9A04F2DA46A24F29F7A03B51C50ADB172D85736D83183A31685CA606B1F220568F85E67C2A362D5438504E53B73DFCE26A69B7A5D065051FD5D9E79DA0ED41BB73F0CD6E2D8608ACB1A7224EFB49D2797C5DDA6E16A3003138662D72CB2F89443A84CCADACC81CC0E467AD795F18E20D897BB7D8805D892008804E8BEC34F6F3A6986ED2DDFC0E26C1CCD9C28CD3A059D74E7B47B8AA534D34054ED7AFA0263F8CA5FBA2E46521402342091A4F8873A7D835B862EE18F866082F07581A4EE226B077ACF8F4E674FD2B55C20A23842D956756E7A55B6BAD11BBED58D05C2ECD7ADBB067002EB974500112396DA457297769385B586CF6EE8B96DDA50AEC0F30567424D4A8F02FEF22B4D1EAB89E2C05DB8F72DE6567C9F48049214061BCEC46BD055FC3F86406CF71CBE60AC6DAADB0013943680993B6E74A59C331B85C59B5DD5F0EEB958AB4A34A13060EFBEB15A2BDC5AC59179CFD0CA188DFE952D0634DCEBAD3724DE88D351D998ED7F650620A00F70FE198B778CF262E656293B920A1F498E74262B861C297297E104392EDAB4C104E9AB9989D669DF0FED00B9661AC5E9EEC9B8C54412F0C635FCD2079579E717ED0DDC45F66B96B22D88096A4684CC331060B44FA5371BEC5E546A713C62F624E1C86FC28B66552D89D608D62370C46F5AFBB8F2D65E0225C03C6E010C3783941320C9FE2E676AF3EECD63D5EE00E42B8EA343E62B4D62EAABB30BAAA47D2C14907947D5CEAEF1C2B44BDE4AF635ECB712BA73A3B02E4CABEA73F91983A72D7AFA9371CF0735C3A1DC283200EB1159CC6B2B0EFAD80BAF8947F09EA3C8D1385E2F7181592D3FC33A1A0F0D6D14C7ED152B6871C3EDE1835CCB1940CC54EC235CC08DB6AC376B3B506F620016EE22D966552971B239D090DB0E5D0FB534BE4A8574B7DDB6607EAE5AE91FE6D497B7DC433DAB76AC206076440264468157533AC454658B568B4F3F39DB3CEF1FC470C59E2C65663A92ECD079C52EB787E7DE00864CC19F090351EF46F15E0776D7ED2EA1B61886CAC8CB1D5403D26AB555EECA833A3C46D1994FF4A54A8472B19E22F6194A95B2DB4139F633C811BFBD2BBA19FF0076349D2584D74D966214098D74FF007506D6632FFC7FFAA67A05D8CD4DE4003AB30E6BB81F1CF4AE553F87F102091F49D39F5DBD6A564CCC16EE05D729244FD420C30E9A7234CF8676BEEDB70D7ADA62A047ED673803906FEA0D76F709BFF5215B81B6CAC1818F3D20C75A4766D65256E26BA6FA11BEDD7D6934F68A5493A66DF17C79318185B957639B277A50E6E64060E8E4C4691E94BED70CC5590DE171ACB6A403EB2351BD65B09C46E5AD6DB15F4314F301DB1BC864C3FAE87E44114C9B5DEC9BA7D05D8E32F6D1ADB6143123C2E49CC877CCB0227D6B53C2FB61896420A59B79540CCC756F60BBF3A5567B5162F08BB6C0EB9B5FFB001BE41A69C370F85C92B68159DF36603CA77155834DE89CAD23EF09C76FB341EED54C87655DC1F5D3ED56DCEC65C605FF001ED755756FD89100799B907D94568F83DCC2299B6B690FFA9751BF3833BF315A0B372D322AB287DF330D481A723302794803CA86494978020A2FC4F35C3F08C38396F33DB3FEAB4187F391B536B7D93C33A11671485F7524E4CA46C44199AD88C028428CED70448256415D355FA813A411A75D2B37C67B2969F5B43BA6D4189890260728F7E876D95658C953D0DC5A77D8930F778CADCEE8CDC1F4C39953D0CEE4903ED4C7885D40025FB6A9708D51EDABEFD3C2AD063AFB527C4AE3F020192F6E39F8872FF929DA99617FFD0C5D045EB49701195958CAE9E446875E9416377F0D05CD78807E0ACB126DD9B258020F76E51C03BCAB6DEE291F16E176D8F88DEB277F1207F8329A7CD686FD8C25DD6D67B0770B983A7A00C014FF0089F9A558BC5DDB0C2DAF7AE18122543298D4F865A7E41AA706BF5444534FA6265E00A04A62AD923F85919277E7A8E752ABBD712F127BB59FFD67C43ED3F6A947DDA373665709C42E5B336D8A9E71B1F51B1A7386E3F6AE18C4DB3A9D59751EE0FE9F14BAE601ED6FCE83B8B5CCE27429BAAF036577B2D86BE99F0D7C061BEB2A7D5742BF3ED48315D99C45B62A50B4734F169BCC6F1E7114A118A995254F51A1AD0F0CED85DB632DD51753CF7FF3E296E4BCC35097919F73048E86B41D9FECFE26EA9BB6DCDA51FC673004F4046F46F6838DE12EDB0E96C1BD3B91047FBB7CDEBAD65ADF10BAAFDE2DC70FF983107D3D3CA9A32F204A14B6C7D89E2189C3343B0B83ACFEBB8F7A6380ED98075CC87AEE3E46B4070FC45BC42DCEF542DC897207D4BF980E44738F5ACD5C48244CF9F5F3AB47335D7E094B0AF1FC9EB385ED867CA4B2BC1CC26241EBD67CF7A7F84ED65A261C409072EE257623F2C790AF069A2F878B972E25B5732C604EA079EBD050964835724686395A5167E82B1C455ADC286750BE228E1880674691A8F51589E33D9EB77496B733BCA8823D403A7B122B34BDAE7B5762D365B36C1541D79173100968E7B0AAF13C631D8882972E22CC8839174F211353C59A7D28763E4C314F72E86562CB590E5877D11DD804AC9333988E406BA6A74AFBC376872364BE3B924786E213027A86923D448EA2BEF138DCCC5980527783E19E71D24EB1435E21C415CC3CFF009D75CB0F2576D3F9108E4E2EA93419DA7E102E225D507BFDF3DB5195C75D1A418E62A50BC0AF9B44D82D36AE696FADB7D481E60EBA69F7352B967ED18E0EB2BA675E3F65C99172C4AD798BEDE28465719875E62A8C4F0A47136CFB7F9B5117B0F43E420E8483D455DC7E672A622C560D94C111429522B582F8232DC13E74262B838226D9915270F90EA466C8AB30C9262AFBF842A6088A98310DA98A418BB0EC51C3A81E1D44EC46C47B8D3DEAE5E0AEEC4A98B644A31D641E5EA3635416DB991EC6BBC3F8B5DB25B23784992A44A9F63B50AA763A6AB8BFB32BC6F0BB96F5224751A8FED56F04B993BDB9CD6D98F56F08FE74D2DF1E47FAC774DD40CC87DB461F7F4AFBC2F0EEF198036DADDC80DDDB8074D4186834996506ABAFA95C38E719725BFA7F5D81F66AC8CA5C804CC09E5001D3E6B456919FE904C6E790F32761572F08B587586B96C2A8272E6966804C69D6226B277B8D1BB22FEA9072A29CA8ADC8C73F5326ACBDA52558F7E7EBB23FF336EF26AFD7D8D05FC5D9B7A3DDCCDF96DF88FC9F08FBD2EC571A56F0F766DA9FE30E59879910011E50281C2706BD7006542A9F9DFC09F2D13ED35F6F86C3DBFDE5F374FE4B2207BBB7E8A6A12CBCB4E4DBF2FF003F92B1857514979FAFD8131ACF6D97C47302191C36860C861A576A62B121C2AADB5B68A4900124EBBC93A9DABB478F25F1216728C65F03D1AFBC9425CB15F587C64E8F13D7AFAD13DCD7729A92B4472E09E195485AD86AA023219531FE7DE9B3DBA1AED9A0C91477EB73C2E003F6FED40637839DD35F2FE868ABC9D47DEB96AF94F31D0D2B563262CBD7D5520A9EF0693A08F51BEBFE4D2A4E75B1716AF886027CFF00434B317C04AFD1A8E9CFFBD4E51632622C950DBA31B0C4684573B9A418AB0B74DB60CB008DB4A61FF9EBE3E8296FCD1141F989FBD0EB86ABD3074AE117DA1D649455260988BAF70E676673D58927EF5DB386248039D35B182A3ECE085328D742B937B62DB1C3B5A94FEDD98AE53A42D8AE8CC262F2E8C247DC54A95CF1938BB47A5CB8A3923C648716EDAB091A8EB5F1770DA576A576A767989C78CDC500DEC2F91A01F0FD0F3AE54AC283B5BA26CE399743E2152A5630C156D5E1E7E7B8A1EEF058FA75FE752A50714D1AE8AD707E5455AC28AED4A4A1ECB970F5F62C572A5631622F954A952880FFD9,'Welly Diecast Productions','Detailed model of the 1969 Dodge Charger. This model includes finely detailed interior and exterior features. Painted in red and white.',7323,58.73,115.16),('S18_1097','545415kup Truck','Trucks and Buses',NULL,'Studio M Art Models','This model features soft rubber tires, working steering, rubber mud guards, authentic Ford logos, detailed undercarriage, opening doors and hood,  removable split rear gate, full size spare mounted in bed, detailed interior with opening glove box',2613,58.33,116.67),('S18_1129','2014 Ghost','Classic Cars',0xFFD8FFE000104A46494600010100000100010000FFDB0084000906070F0F11150F101016151115181615161717151B201810161917171A161A1517241D28201A1A261B181A223D2125292B2E302E191F3338332D37282D2E2B010A0A0A0E0D0E171010152D1D1D1E2D2B2E2E3735372F2F2B372B37373737373731372B2C372D37372B37372E37352B2B2D372D33373233372D2D2B382F2C372DFFC00011080078007803012200021101031101FFC4001C0001000203010101000000000000000000000607030405080201FFC40036100001030204040306050403000000000001000203041105122131061341510722611423718191A132425262D13372B1E1152482FFC400190101010101010100000000000000000000000102040503FFC40023110100020202010305000000000000000000011102032131043251611441718191FFDA000C03010002110311003F00B3511101111011110155DC6DE27989FC8C3F2B8B4F9E53AB6FFA583AFC5723C4CE3D655B7D8E8DC7937F7926DCEB6CD6FECEA4F5D15751B0B886B41276000D4FC02A96BF78278F21C4008E4022A916F293E597D633D7E1BA982F2FD3E71E52D371D0DC169E9EBB2B83C37E30E78F62A8279CDFE9B89B991A3704FEA1F751560222202222022220222202222028BF8958CBA8E8247B2D9E4B44DFFDDC123D436E54A1539E38F3F9F066FE864772EDFAEE33E6F5B5ADE9741598165DCE0836C46975B7BD6FDEEB88A53E1EE0D2CD570D40B3618A56667B8800BAFA31BDDC7B05A65ABC4750F7574EE93577364076BE8741F4B2C54F318DC1F19CAE69B83D5A46DAAE971BE112D3553A473E391B33E470CAE04FE2D43C743B05C8043BCDF5EE1457A0784B1735B491D43800E370EB1FCCD3627D3BD976144FC36C25F4D4999E7594F3037A31B6D3E646AA58A2888880888808888088880A39E20607EDD43244D6DE56FBC8F4D7337A0F88B8F9A91A20F29B459C3303A1F30D8E8751E87756661D59452C14D2D2D04CF6D34E7DD89CE6A72E734B657B434E707BF4B59713C59C25B4D5E5CC166CCDE6DBF75C87FDF5512A4A97C4F1246F735C3AB5C41B75171D0AACAD3E22868E9E4AB9A5C363BB5C396F95EEFF00B7238DDD95BA5801D45D43301C319595ACA7BD9923EE40D9ACD496B7AEDA5CAD4C7B127D6543EA9EC6B5CF20D83AE1A2C0587A697F9A9178481BFF0022DCD62724997FBAC35FA1455E0001A01603403B0E817EA228A222202222022D1C17148EB208EA62FC120B807769EA0FA82B79011168E2D8CD351869A99991071B3731B66237B20DE5F12CAD60BB9C1A3B9207F9558F18F8A462939587F2E46DAE65372337668D01D3AFAAABB18C567AD90CD532191FD2FB34766B76684A4B583E3554D34C699F14D1BE46891AE0C209CA7216971076B83A7A955AF25F943F2BB29BD9D63636DF5DB4B8FAAC6059656D4481A630F7063B52D0E395C7B96DEC4AD236E9E09641E48F3902F668B9B7F68D6FA293701CAEA6C4E16D49E4D83B366200D8E87A0D6FF45D6E13C422968A491F4EF927A38C6966B5B235C5D97CC012459A74F42A19C4F5EF9DF199228E339038065FF0BCE61989DD457A52291AF01CD21CD3A820DC11E857D2F2D455F331A18C9A56B5A6ED6B64706B49DC800E87E0A7FC25E2654412321AE78920B58BEDEF22EC5C47E24A2D7322D1C2317A7AC8F9B4F289197B123F29EC4742B7945116863F58EA7A69A76FE28E37B85F6B81A5FE68829EA4E32A9C2DC3931B5D47297C8C8DD700F9BDE729F6B86DCE9706FA1EAA6D4FE2AE18ECA1DCD65C5DC4B2E233D891BFC42A4259896B5BAE97B927727FD001632AB36B7B88BC588794E6D146F32916123C00D8EFD6D7B93F45534D55248ECF2C8E91DDDEE2E3F52B0A2A3EE4703A816F4FE17C222022220EAE098F4B499C33CCD78B65739D92FDDCC1A3B4D2C7B95CFA9A87CAF748F37738DC9FE3B01B5BE0B122022220DEC2B179E95D9E091CC77ED7100DB6CC36775DD772B38EF14A80186A9CC6B46A58034BADDC8D6FF05154412FE1592B6AE4148FA97FB3CA1CE7739E724846C038EE6FD01B2FC5CEC131A6D3C2E8DD77073EE5A47972D9B7F9BAC41F40114570911154111107E3DD617520E26E197D0BDD1B9D7735AD71B8D1C1CD06EDF4BE9F25D2F0A26A566200D608CC223792640080E16CBA1EBBA9D719D1D5D444EAC12366A491F6A7672F33F2BBB6970343A2CCCBBBC3D38E7719C77D7E50EE31E056D2D3D356412DD950C69E5B86AC7640E395FD47A15067B483622C57A0F0CA8A3AB343864F1E7961693231ED7011911E83A6BB68A3FC658753D35009A185AD7C95533643947BC6B0CB95AE1FA45B64B6FE923398C3ACA7F9F7A53684D802763B1E87E6AF33E1E616DA890888EB4A278A32F25BCC39EE1ADEBB3745830AAAAEE65149530C4C86591B080236DE4680776EA05BBE852DF1D7E24E51337D2B1A9E1B7B68E9EAF56BA6E6F91DF99B19167B7D083F65C156978B350E6D7CB989706358183A3011B0EC2EAAE71B924EE75489EDAF2B4E1AF0D731DCC5CBF111169C4222202222022220DB8A8247304ADEE40EFA5BF952CE14E39A98A7A50F91E638DEC8C3038E4C8E706BAEDEF637EAA3F816291441D0D431CE85C736665B3C2EB58B9A0E8E04017692361AA94F0A478450BC561924AC95A6F147CA11B2370D8BC973AE47DBD5667E5E869899C718D3CCCFAA138F126B8E1F89C5590B5A6430BAF7DAE096DCFCBFC280E29C6DED14E2926CA5BCC74C1EC1AB5CECD9AE3620E63D961E31E2792B2574F2919C8CAD60D98DE807F2A14029116E8DFBFE9F1D78C444E511CCFB2D6C4B1AA2C524879D23E3644C6C2C746C0EEDE79092328BEB6036EABBF51318D987D3B22965869A66B8D4B18794F198B7CA0027AFF175458246C6CAC1E18E3DAB0CA7A0F68E4C2D31B096800E4CC331CFF0BA4C33ABC98D9585557BCF1FAE2D22F127876B2B6BA7F66A77C832B0136B37365D6C4DAFF255054C0E8DD95C2C55D9C79C652455024C3AB8BE37B3CED6905AC734E96B8D2E0FD953D8A57366B117BDC937F54867C9D77A71CB39A9888A8E6FE6DA0888B6F2C4444044440444404444044440444419FDB65B5B395811146B2CF2CBD5362222AC888883FFD9,'Highway 666 Mini Classics','This model features, opening hood, opening doors, detailed engine, rear spoiler, opening trunk, working steering, tinted windows, baked enamel finish. Color red.',3975,83.51,141.54),('S18_1342','1937 Lincoln Berline','Vintage Cars',0xFFD8FFE000104A46494600010100000100010000FFDB00840009060712131015121312161615161515151018171715171518181915171717151515181D2823181A251F151621312126292B302E2E17203544332D37282D2E2D010A0A0A0E0D0E170F0F152B1917202B2B2D2B2F363737322B2B362B372B2D2B2B2B2B2D2B2D2D2B372B2B372B2D2D2D37372D2B2B372B2B2B2B2B2B2B2B2B2B2BFFC00011080078007803012200021101031101FFC4001C0000010403010000000000000000000000040003050601020708FFC400431000020103020305050503080B00000000010203000411122105063113224151610732718191144252A1D192B1E12343538283A2B2C11624334455729394D2F0F1FFC4001801010101010100000000000000000000000001020304FFC4001C1101010002030101000000000000000000000102110304315112FFDA000C03010002110311003F0083514EAAD245A2638E83544A7963A7A38A8848680558A9C10D1AB053AB05151FD8D6AD0D4AF615A982821DA1A65E2A9878287921A08978E9878EA4E48A8678E8231D29A65A3E44A19D688148A54E30A5413514746C50D3905A9A3591635D4EC14799A2C96DD43714145C76F40BF1EB64FBF9F414CA738C5E0A3E6DFC2B3738EF3ABC9F349E4B6A796DAA0979C63FC29FB7FC2B4B9E7D8A34D6D182338EEBE77F869A4CE532EB726337563FB3D6AD6D55587DAA5A13DE86503CD46AFCB028C1ED27871FBD28FEC9AB4E16692F25B5092DBD6FC279AAC6EA411452E5CFBAACACA4E064E33E95312D95056258282961AB34D65404F64682BB2C742491D4ECF686819ADCD043BA52A32582951179B7B4A85F68D6A0592B794ABF98615648F89DB8D84A8C7C90EB6FA2E4D41F3BCC2EADFB18B6759119D640636D24310CA1B72322A5F1D78AC99CDB9349EE9F81FDD5D0B82F0CE066DA1333C1DA18D4C997C1D58DF233508DCAD85DE55CF88C363EA2813C991FE343E1D24A98CD474EC724CECFCA37DA3416297082C594A767FCA6862C0367F4A86E1A8CD0C9807BAC84919C6F95C7E67E95683C9917F48BF493F5A9EE0769C3AD62749756B93396D5851B1D07431DC824D69E752F970627412282AC555F5F40ACC0336FE2013BD7748E2E130A85D56CDE1A89899BE66B91C52580629DB34ACDB1DC85500124820607D3C287179C3420EF4ECC5986750C614E01034F8F5C67A6288EAB2711E1E6EED9A068FBAF224A553002B2E32481D32001F1A97E016B31691E56739254861DC241F7A3CE08047862B8BC3C66CD3DC7914F9E9663E7F8B1471E7938C7DBEE07F6649FF1551DB24B5F4A0E6B3F4AE3A39C4FFC52EBFE8A9FF3ADFF00D323E1C56E7FEDD3F5A9A1D3EE2CBD2A226B43BE463154D8B8D4D2A171C4EE4A26EC7ECE1467C1430C64EFE7465B736C8A919C4926A91958C8577191923036C64789A6952B3DAD66A63882A29D2580273A413B9C790A550732E29CC1C42DE3D293058C774F628A9A4FE17046A53F1AA5DE5DBCAC5E476763D4B1249AB2F1BE213484CCE753A0115CE76D4A7DC67FCC6FD0D572E6DB0C34EEADBA7FE27D456903027D6976ADF88FD4D1ABC3C81963803AD3C387A9191D0F4A08BED1BCCFD4D1965AA665899885CE4E00DB63D079E33D69C6E1F4FD84613E2ECA83E07AFCB6C54166E1D0305C5BC7B01B95895CFC4B31CB7F76B4BB8A39FF00939916393DD8A545D196F04923FBA4ED83920D5BEFA6C3476B6F3AC51851DAB8EACE7DCEF0C609DFAF9FA5553993263C484B301A0BB6353EF8DC8D9B1DD20FC682A13868A428D8C83E98C7811E841AD7B65F103E828B8ACA5BA21863C9D8F407AF5F13D76A37FD4EDB623B6907527703FE54CE951EA4B1F4154442CA0F4504FA0CD691459704A92BA86BC0236C8C8E9B6D53EBCD972175471E851E23501F32A00ADA4E6E79131342AFE21F590E3D436091507518AE52E2D51D23511186505131A11463031E2401B9F3AE6305C136E9939D12369F83AA13FE1A726E78660233198E3618974C9A988C6188040009C648DB34CDDC2B1895236D40346F19C83B156EB8F9551D1F82F11135DDEC6E55BBF118F718D2339C3007006403E449A5559E0BCB721D578CC238DB580A8EDADBCCB01D14FE74A800F6A5A52749A2D92F200EE3D41077F506AA5C36FD13BAEBA9720E3A60F983E157BE7F78927B5B66844E628563D3ACA65DC8DB6F502AD92FB24B2236EE9F11A8E01F2DF3522D72D9389DB3742C0793283F9823F756DF6BB7E9DB0FA37E95D1E5F6476B8FF6C01F565FD0555798F92ECECDD5249DBBE095658F5A1C751956C83E94457DAE21FE957E8DFA50D76C8E8743066421C63AE075FDF9F951B71C2EC40245E0CF8028E09A338572933E974ED581DD484D00FCDC9DA82C1C342F651CE009A36D20A81DF53820907721BBC074AD398FECC4A174ECD5542A42ADA9D80E8D2B0C6F9FFE8A6E7E13796D19582D8A231EF94C3B1EA37C671D4F9F5A856E5FE2120263B59327DE67C027F68E73F1A2A0F8D71A772634C2463BA157A63C891E1E83F3AB5FB31E524981BA9D414074C4A7A123AB1F31E18AAEB723F101FEECFF002D27FCEBA9705B8167C321D6A414189078862D823E39359A449F10E316D01D0E146DBA8EA0799001C0AA9739F2CC2F0FDB6D40006F2AAF423C4E074228E8B8409A379F4990C8C724630A15880AA4F5D3B6C7A8A7B952CA48A59ED66FBF1066538C2E723A0E99069AD2FAE3BC4ADB490C3A1CFC8D4B70253268452032AB6C481A86A20051F78EFD28672BEE49AB4ABF78AE0B601C1233B66AC3CB3C7EC2C9E422379CB69285E28C14D3ABA127C723A0F0AD3293B3BE5B6B592162993D32E0B03D980C580DF1D3CFAD2A2AFF00DAB14C76502F7865F70A739F1D2BBE7AD2AA202E796B8A99CCED03990B6AD4349DFCC60FFEE299BB838A0F7D27FEF577EEDAB3DB5655E68B9FB4FDF593E7AAA3E699F1839C791AF52B107AA83F214CCB670B7BD121F8AAFE95479615B1BE054945C6661FCE37ED1AF444BCBB66DD6DA33FD51414DC8FC3DBADB28F8645070E8F98AE07495FEA68C8F9CAEC7F3A7E7BD75897D9B70F3D2365F831A0E4F657647A3B8F9835073C8F9E2E8757AB672A7165BDB796DE5F7F25BE218E723D41CD1B27B2587EECEC3E23F8D0E9ECBE689C4905D00C3DD2548FAE0F4A58439035DDA854881217214A8CE7277CAF8F5F1E9440D56B1CF7B72C1A6751F1CE3607CC938FA51BF63E2A8B8ECE090F9895933FD52A6AABC6B96B8ADD38EDD02A29C8546047C77C64FAD45DA97C3561DFB62D823EE92093E3923C2A76EE7B192131A22A36C55CE4B647E227720D58EC7D9E36DAB2BF435330721463AB7E55A471FD11E70D8523CBA7C8D2AEE36FCA10AF519A551535AEB60F4286AC87A027B4AD83D0C1AB224A02B5D643D0BAEB60F4056BAC86A183D643D015AAB21E85ED2B3DA5015AEB05E87D74BB4AA1FCD2CD33AEB3AA81CD54A9BCD2A088ED2B21E952A83224AC97A54A832AD5BEBA54A8321EB3DAD629551B07A464AC52A83224ACF694A9506C24AD964A54AA8DBB4A54A9507FFFD9,'Motor City Art Classics','Features opening engine cover, doors, trunk, and fuel filler cap. Color black',8693,60.62,102.74),('S18_1367','1936 Mercedes-Benz 500K Special Roadster','Vintage Cars',NULL,'Studio M Art Models','This 1:18 scale replica is constructed of heavy die-cast metal and has all the features of the original: working doors and rumble seat, independent spring suspension, detailed interior, working steering system, and a bifold hood that reveals an engine so accurate that it even includes the wiring. All this is topped off with a baked enamel finish. Color white.',8635,24.26,53.91),('S18_1589','1965 Aston Martin DB5','Classic Cars',NULL,'Classic Metal Creations','Die-cast model of the silver 1965 Aston Martin DB5 in silver. This model includes full wire wheels and doors that open with fully detailed passenger compartment. In 1:18 scale, this model measures approximately 10 inches/20 cm long.',9042,65.96,124.44),('S18_1662','1980s Black Hawk Helicopter','Planes',NULL,'Red Start Diecast','1:18 scale replica of actual Army\'s UH-60L BLACK HAWK Helicopter. 100% hand-assembled. Features rotating rotor blades, propeller blades and rubber wheels.',5330,77.27,157.69),('S18_1749','1917 Grand Touring Sedan','Vintage Cars',NULL,'Welly Diecast Productions','This 1:18 scale replica of the 1917 Grand Touring car has all the features you would expect from museum quality reproductions: all four doors and bi-fold hood opening, detailed engine and instrument panel, chrome-look trim, and tufted upholstery, all topped off with a factory baked-enamel finish.',2724,86.7,170),('S18_1889','1948 Porsche 356-A Roadster','Classic Cars',0xFFD8FFE000104A46494600010100000100010000FFDB0084000906071313121213131315161515191A181918171817151F151A1817181A1D161D1A201D28201E1D251B161521312125292B2E2E2E171F3338332D37282D2E2B010A0A0A0E0D0E1710101A2D251F1D2B302B2D2B2D2B2D2B2B2B2D352D2D2D2D2D2D2B2D2B2D2B2D2D2E2B2D2B2D372D2D2B372D2B2D2D372B2B2B2D2B2B2B2D2BFFC00011080078007803012200021101031101FFC4001C0000010501010100000000000000000000030002040506070108FFC4003B10000103020403060305080203000000000102031100210405123106415113226171819107B1C1143242A1D143525372829293F062A2172333FFC4001801000301010000000000000000000000000001020304FFC4002111000202000701010100000000000000000001021103041221314151131452FFDA000C03010002110311003F00E263A457A95F23B578154E713226A4918B5CD3B4D0E9C26801E1DAF52A8A65380A4C4C22689D3C286DD1809A9240A8816AF754795154D83FEF4AF7B31B7FA69EA196182CF1F6D0108594A67558C4ABA9EB40C6639C724A94544C492666A3759F4FD684F4EF34EC547AA513F789DA865BE60D3573134D42A99544A42695470ABF3AF280A07460B11B54E3813136889AB7C9786D0587718F93D8B60C21362E286C92AE499F5AA941C6B52A126A5C1579270EE23127FF004B4543F7AC123FA8DBDAAFFF00F17E67FC14FF00913571C1F8CC576D870B7E1B5109ECC2424241D80B5A0C56B3119CE294E2825C4A0030350528FAC11152B7745D23049F859999FD8A079BA9A78F84F997F0DAFF0028FD2B5CE66F889838800750957CA68389C7BE0C2710E2AD78D49FA9AAD2C5B1983F0A332FE1B5FE54FE95E1F85F998FD93663A3A9BD69F0D8874EA0E6216DA84405126679CD103C623EDAAD5D13A95FA1A1C436396E75956230AB087DA5B4A22403F88750763E95014F574CCF9A5625B4E1DE5A8B892A2D950885EC075858B5EE0C573CC3E1E54029040120D8C982645F98A4E1BD0AAF8008937A6C55C61F2BEDDA75E6881D9292140C89D437076B473EB5372EE105AD056E3A1BEF690027B527BA153214237A5A41A33C81D6A3B8CC56E5AE0D6A6EFBA7F95A427E6B3520F0831697711ECD0FA1A6A0C499CEC367A1F6A55D04F0630AD5A5E7C446E1B54924F974A555A06667B688491041BCEDB4FCAB5DC472D65AC248492FAC2B48E806A1E8600A8BC2CE21299D292A5192624F956833FE1F6961B0C90D3A825654120EB2A02C6E2DBEDD4D658D9CD524A5D0E184A2B6272B2D69B6987DBD2A054D90B93D448DE2770479D47CE2538871204C99126041DA8184C9D249050942FBB2B490A048FC5B03260483EF5A5C5657DA2CAD2B001004EE4913C88802FBD67F7829F3D17A5D197534B9903E55EB18B089ED125249DFE957D87E192092A716A9BC9528A47869469157385CA5004052ADD084C4F2B09F734DE6E3D0BE662710A2F41421663FE2B55BA593143C5E01C4AC16DB5C6F7DE66BA11CB9ADD490ADA0AA546DB6E4D11BC0B6366D007F227F4A859C7E0FE673F521788787DA0AD008852D69263A09B47AD66B8972E7351C430545415A1D523542CFE17801C94041F11E22BB3A70481F75291E400A7B6C94FDD20795A8966AFA2A31A3852F16A61A4B7DD05F46B712A212082484EC2C48127D2B45C1987D4C3BA0120BA93F782FF6441F926BA9AE7F1007CE0FCEA239966195BB2D1FE84FE94966ABA2DA8B5C197460560590BFED07EB51D4CBB31D9AE3F9089F4AD23FC2D8356EC24795AA03DC13853F74AD1FDAAF98FAD6AB390EC8F8C1F6427704B4027B35DC098493B7801E34A86F700FEE388578293A7F3BD2AD3F4C3D2D65E1FD189C02149D2A20A42A4A48B4C1824569DBCD0477C4C73DB975AA6E1BC58791F6559137534A3F855D2A57D8CEA0CBA14954C9B4A5491D0F8981EB5C52C2D555C19465B12B099B249024851B80A05248EA2771E5572C63CF5A82EB4870695A42874226A2AF2B5A6ECB96FDC72543D15B8FCE94F2BDC41627A6AF0B8FF1AB369F9AE7C3352DD9E429BF1FBC93FD43EB157981CCED20820F4B8AE5961CA0F745A699B368FAF9D14552E0F3244152950948D4AF21D3C49B55166DC4EE99286902361ACD87224C5CEFCABA30B02538D89CD266E62BD8AA3E18CF4E2194296809512A0403AA0A7C7A11715725CE7302B16DA74CB1F14C501E154D98714E15AFBCEEA3D13DEF95AB3AF7C464158434D124D86A3B93B00948249AB8E1E24B844B68DCE91E3E97A6AD20F23EC6B94661F1271414520213060C01F3BD54E278EB16A8871693D7503E91A456BF9A6FC275A475CC6BBA10B50DD00923D2DE8695607843895E79D4B3885F681E4A8024005044DB6BCD2AA8E55D6E1ACC1E11FD2EA0CF3BF84F3AE8993676878766F418B057349FF62B9A3CDEF43C16254D2B526E398EB5B4198D9D6F1997A9BB8EF23F787D684DB950B86B897BA24EA41B106F1E11F4AD03D96A5635B0441FC3FA7E95AD0CAE753A808511E517F020D88F035587261263B84FE36496FDD1749AB3483B514266868452B5D9A319834E2564B2B96D6A9D0266D3161B8F635ADCFF000595E1DC5B2E34E217A756BEF10A1C940CF9FE7505193872CA008F11346C365B8669652E3A565A0484A94A50445F481B488D855C152A193F87F2A40625456DC9538920C29091B1E93A46C7A9AE5D9F716623106EA86C580DA45FBC46D262BAC7DBD1886DD4373AC36AB189EFA4806D6DC4571DCBB2275DB250BF0D2DA973F203DEA7E51BBA2ADF05597891724CEF7DFE74EC0BCA495142C215A489F30444F29DA7C6B4E3815D035380A00DFB55B6D7D49FCE82EE5F826A7B4C5B09B5D2D85E20F96F15A508CDB8CAC90214A59BAA01B5ADF9548C0E5AEADC4A129EF122C2E67D2B7EAE1921869E6708FE27B427BAEAFB00D8E4B5213363E76E75EE1F2A7DC49497D0CB427537826EC3A85BE76E7CE8A00B91709B490973B5D1891A8212920A7529261279C81AB9D2AA4E2FC53486109654D96F504A5217A949B1EFEDFF00607AF5A543D857463CA84493EF511F5785AA640F3A8CFB67A73AE388A816131CA69529E7B8E46B4B91719961D3265A55FC51D41ACCA9BF2A03A8ADA2C68FA030AF338B4854C2BA8DC79F5AF0E52E20EDA8754DEB97E07365B0197D24E850017E1E3EF5AFC6FC405B25984028209599DCF24A4EC2D7AA4EC19B2C1E1CC45EABF07C12029CED145685959D0645DC999BDF7B51F2DE3161D6C381F0DC94A4A561320ACC0B4F59BED5399CF70A7BCBCC9A8B881D9A363046E4F2ABA024E4FC3A9602B4924A80054A32604C0D846E6A0E7B896DB04F6A991C8126E6C24036BD0731E33CA9AB38F978F44EA727D4DAB2D9CFC574A90A4617020B641054F5C19FF824475E74C2D15784C42319884601CC1B6E1438B2959568588499694A093A84C5FC36AD7BB9061B049D6E9C36140D821014BF452EFEC9AE2386C5ADA85B6E29B5890169304488371E14B0CBD6AD4B9593F8944A8FE736A517E8933A6671F10B0A469699771246CA7950949EBA6E27CE2B17C45C48F63348715A52903B8952949F3D3648DA6A996FD9249E47A472F4A8DAE404F4E9ED4DC863D4DCEC279DCDFDA954961F46DA77E66E6956129BB1E91CD9107F3EB4D5799F53444267CA9AA1009AC2C560A39D0549A94A143523DEAD324B2C871A0254CAA2F3A676336228EC3DD923B3C4429B26073EB1E5542B47A51B1235A520A8C0BFD2AD32D6E8B5730383370F94F8483F31515D56111B2DD74F44C247BC55376115E04D5D93B160ACDA3FF9B4847891ACFB9A8B88C5B8BFBCB2AF33B7A508DEBC50A3500D2A26D4F0A3CADCA7AD2D14909A2C2C495751346C3B3A8DBF3A0A514509F1A96C7615D68A4F81A5485E95403A25A973B5355D7FDF3A54AB310D2A14891C87BD7B4A9A0065531614D59B452A55424C1A934C48A54AAC05A69004D794A803C0DD7BA408A54A800A8022882952A801C48AF6952A433FFFD9,'Gearbox Collectibles','This precision die-cast replica features opening doors, superb detail and craftsmanship, working steering system, opening forward compartment, opening rear trunk with removable spare, 4 wheel independent spring suspension as well as factory baked enamel finish.',8826,53.9,77),('S18_1984','1995 Honda Civic','Classic Cars',0xFFD8FFE000104A46494600010100000100010000FFDB0084000906071312121212121216151516171815161718181815151515151516161515171818202820181A261B151521312125292B2E2E2E181F3538332D37282D2E2B010A0A0A0E0D0E1B10101B2B1D201F2D2B2D2D2D2B2B2E2D2B2B2F2D2D2D2B352D2B2D2D2D2D2B362B2F2D2D2B2D372E2D2D2D2D372D2B2D2D2D2D2D2D2D2B2D2DFFC00011080078007803012200021101031101FFC4001C0000010501010100000000000000000000000102030405060708FFC4003E1000020102020705050408070000000000010200031104210506123141517113618191D12232A1B1C142445282071415627292E1F0163343546383F1FFC4001A010002030101000000000000000000000000010203040506FFC400251100020201030500020300000000000000000102031112133104142141517181224261FFDA000C03010002110311003F00F3BFD658E44C4A9966233B037967B06B6409E932F8292923932FE0A9DBDECA57A584707359A54281B58C24C632A2E770D26A18871BD49F9C2A20E4D18E8DCF2EFCA43C021315896273A67C45A2D89195C47AD46DCC45A35DFF0009F28DB013682EFB9E9236A62A6E3E77922AB1DFED78CB02CA334B743222129608AFDAF847D6C2923DE1E50ED36B306296FDDBF8C03253EC1AF62C3CA6961A858485D14EF5223E9D3007183790256B8394257A95EDB8FC21002CFF0084F177CA986E8E9EB24A9AAD8DB7F90DE054FC8CCC013806F87AC5B81B8B8FEFACD3B75FD1E0BEBA1314BEFE16B1E8B7F9457D1B5C0FF22A8EB4DFD2545C53AEEAB5478B7D0CB34F4AD61BB13547E6689D307EC7C910C3BAFBC8C3AA91F38A6DC65C1A77123EF4FE27D449174EE21BEF21BAD8FD247B65F4306754516CBE6255148139CD67D3388E2D48F5543F3919D2754EFA748F445FA43B66B86333AA6180DC01F18D5DAB6E07C6689D20FC70F4CFE53F430FDA43FDBAF83308B666184662393BD6DE3FD258A4C38B5BACB498EA5F6A830FE1A9EAB2C2FEA0FBCE250F4471F0021B53C7045A2A3D6EF532B9C41BF2F94D26D198326EB8C65EE7A0C7E21BE9271A26891ECE36878874FA191DA97C0C18A8B7CF389379740DFDDAF876FF00B40F9C22DB9FC0D272A2A77C69C4E79CECDF5569705B78CCCC6EA8313EC1B49E82E7139FEDAF25A78A038CDDC36A6DBDE727A491F5354EE2D0DB128E0E76B62C72BC750AA0E604DA7D4F6E0DF0909D00EA764302797189C1E078205C5587190AE2549DC3CA5BA9A25C02495B0DE6E32BEEBF295FF633A9BDC1EEB891D2C18ADB3DC3A7F49076B6DC4F999769E058F000C86B68F7E5E512D484D158D63C18FCE4D8562779F8090F66EA42EC9B9CB75EF265C0D61BE9541D5187D23DC92F62D2C98B74F2881BB94F98FACAED4DB77C38C4DA61CE0AE9FD160B0D4AFF00657CCFA4256DABF18496F4C8E0F5DFD53BE4552985C89CF96F32E282F71B871237F49A187C3AA0B2281DFC6FCF9CAAEEBE15B714B2D1B6144A4B267D1D1B902E48EEB67E732758749D0C3114C296A86DD05F75EDBFA4EB5579CE5B5CF572A620A55A1B3DA2E441CB68037163CC67D6FDD30D1D5CA772DD96132DB6AD30FE0BC9CD6271B88A8B7A6C1474B797FECC6C3D6A68C45605DCE76BD875B019CDD3876175AE4D36DFB07D9EE3BF78EF995A4B1F834B16BBB0DDB27E667A1515E8E5372E19352C480C7629D95B300DC0DA1BAE7EB31AA6BAAA314AB84D8606C46D127E91DFE20DB2156C8A7777F8FACA58CC450A9615543119662C47777748E71521C7C7265E97D2E3135D6AA21444005B7F1B9BF59E95FA26C3AE26ECD62A805D7E42C6710D4F0A54282CA2D6B036DFBF7C7E17490A151CD1AAEBB5607DA2B7502C05C70DD2B941E9C226A4B27B5E9EC5E2693ECE0309457F154A97CF9055A63E24F87194134F6971BF07867FE16AC9F30670F8FD75EDA922520D87A94CDD6A2BF680F30E8546D29E57860FF489443F67A430549BFE6A282C47E22991F26F098ECA2C5E5BCFE917C6713D169E92C6565B62345A95396588563E0AF4D6DE730DB53454B90B569F257552478A3106741AB38AC06CF6D84AB4B65C588ED0A8CB9A3136226D8C5A13ECB03D194FC8CCD2CAE3C162C7B3CDB11A92501256E3891127AA6C92377084B55AD2F288E9479FE8DD2EA5D96E333753C0C6E3B595AE551762C6C59FDEEE2ABB88EFBCF2AC4E35997B30DB2EA6E86F6BF1DFCE6C50AE594122C48CC723C665B6BDBB1CA4B25F196B8249E0ED703AC0D4F36A85F9820117EE3CA4D8AFD2361E8DBB416E42F7267038BC405476398009B74E139ED09A3CD6BD572ACEC4850C6CA6DBCF4B9B01DC63AA8EE25A9F8FC7814E7B6B0BC9EB4DFA4AD1D8B5ECAAD20C0EE15065E07819CB69ED1984B87C187A0F9DFDB3514F759B709CFE2F45AB855D9A7B2458B8B060DB8580DE2FE71757F145A8AED6F5BA9FCA729A2F8D94473093C15D7A6C7868968609CB28ABD93A03ED586C3DB8D88DD3A43FAA91B268DC77BB1F2E5324551CC45ED873131CBABBA5ECB95105E8D0186C08FBAAFF003D4F588D85C09249C2ADFF008EA7ACA1DB0E6221ACBCC48F7173FECC7B30F86AA50C00FBA27F33FAC95F0FA39859B074CF8B5C74CE64ECE41AC6C771E07A188645DF77D63DB87C255D58D1EC73A640EE73F29B1A2B53F452BAB957254836DAC8DB9CE2F4AE96757ECA8DB6ED7663B9477CCE715C916C55D88B819806FBAC48B4D9557D44E3AB38289CAB8BC60FA4D359A8D80B58427CF9ABBA72AB3351AA4DC6E3B8E46C41892AB6EBAB969932518424B28D0D3DABF54DFD80473513997C2574DCC479CF662257AF8347F7954F513B2D29728C8935C1E3588AF882A55B307232CE84D2229A8571B2CB7D87209036BDE06DBB3CE7A557D5EA2DF66DD0CAC755697E26F87A42318C78F00F53E4E231BA5C6CA5AD52AA5C2B282145F8DF8F494745E945A481191C9B93716E3D67798BD535B5D0E7C41E3E3C24186D5747076B69187020107A191B2B8D8B121C25283F073034F52E2950780F5920D3B43F787E5F49D2B6A6AF071FCBFD642FA97C997C4113376557FA5DBF618074C503F6FCD5BD2435F1B49865517E337CEA51FDCF8CAB57529F8283E305D1C170D877332A683D36B483537752BC33CAC778FEF9C9F13A62883ECB820EECF31DC6415353EA0FF4CFC255ABAAEE3FD36F23F48A5D1424F3912EA1AF443A11BB5A988C833395201DC5768DFAD8153E135B114999AA530DD995B1BDAE0DEF90E16F498BFB05D4820B291B8D8832E3E1313506CBD5765E56CBC6D37456160CEDE5861543621AB2916B9033B6D0B004F988B2EE0740D4CAC8DE5610954E8AE6F3244D5925C1E97B479436BBA47E10CF91960C92E794698DB1E5109EE8807831766447A436A0038F48DBF7453D20BD2201224976E2DE18022B88ED9114C4B086003B389D94520738D2A39C621C05A119B222400B578B7108490C5DAEF89B42108804CB942C39421000B08448440161161080820408420030A77463528420046D44C210801FFFD9,'Min Lin Diecast','This model features, opening hood, opening doors, detailed engine, rear spoiler, opening trunk, working steering, tinted windows, baked enamel finish. Color yellow.',9772,93.89,142.25),('S18_2238','1998 Chrysler Plymouth Prowler','Classic Cars',NULL,'Gearbox Collectibles','Turnable front wheels, steering function, detailed interior, detailed engine, opening hood, opening trunk, opening doors, and detailed chassis.',4724,101.51,163.73),('S18_2248','1911 Ford Town Car','Vintage Cars',0xFFD8FFE000104A46494600010100000100010000FFDB0084000906071213111512121215131517131E1B15181818151E141A1817131C1715191B181A1D2B2C181E251B151A223123252B32342E3523203538352C37342D2E2B010A0A0A0E0D0E1A10101B2B2520222D2B36372B31302D2B37373730372B2B322F2F2D322D2D2B2D2E372F372D2D2B2D322D2D2B2D2D2D2D2D2F37372D2B2D2D2DFFC00011080078007803012200021101031101FFC4001C0001000203010101000000000000000000000506010407030208FFC400361000010400040306040407010100000000010002031104122131054151062232617181071391A1425262B1237292C1D1E1F04314FFC4001A010100020301000000000000000000000000030401020506FFC4002A110002010401020406030000000000000000010203041121311213053241916171A1C1E1F01451B1FFDA000C03010002110311003F00EE2888802222008888022220088880222200888802222008B16BC3178C8E219A47B583AB8808F46526F48D84555C6F6F7071E8D73A43FA069F534AAFC43E21CEE943A2686463F0BB52EEB6797B28A55A0BD4BD47C32E6AF11C7CF475245A9C371CD9A264AC36D736C7F82B694A5169A786651612D0C1945F36B210194444011110044440712E23DB0C689A50277372CAF6D776806BC81C957B118C7BCE67B8BDC79B8927EA54AF1CE17247899DCE7C76E99F4DF09F15D8B241B07C942C9880C7647C74EE8ED0FF00B1E8B97DC526D6783DD5956B5E95D292785E983D237AD9034B3A01F55F384958FD1ADA3E445FDF75E58DC348D048B71E4D7021DFD28916E7512E097E0DDA8C544CF970B8B5B77B0357FB2B2603B618A6EB2CCC2398C998FD88A5CAA5E352D381764A68344D1366A800355AB8BE26FCD41E6B28D89A2799565424B18679DAF756D3EA7287D3EEF6768C77C477FF00E70DFAD8FAD83414749DB2C5BF532651D18001F5367DD722878B4AD787079D0FFDA735D3FB2D38C60113802FBDFCBF369EFF0045897713C3666D7F893839C61C73924B05DB0C4B5D798B87476CAF7D9DED0B3122AB23C0D5B7F71D42D7C1F00C3C4CCA236BBA970049F72B3C4B1704019F33F860BB2B1C1BA35D5A591E11EAA78426B97939B775EDAA79218F8FE0B0DACAD6C2E233583A386E3F63E857BDA94E6BD1F48B169680CA20440707ED4112CD24921EFE73D6B435B0F45EA216BE26B24CAF394120917EB5BDA93F89DC364866CF1001938A3216DB633BB8DEC0E9A5EF6B988830B76D89EEE7F33E61129B3A380034D7A95CBAD67DC7972C60EB7773854E39D7B162978001235C3BECBA734F8803A121DCEBA15211BA561CAD904918FC328B23D08E4BC782E289FE1B9E5FBE479A0F21B5983DBC9CDCC3D415151E275A758730F9D5D65B07670D541055949C64FCBF52685579CA7B2471984866243A2731C37AA7375D451D0FEEA0B1FD9CD6D92006B6769A0DB7A52ADC5DD86BC66EBA1208D0F76C5ECB5F178795C03DEE05B60173468D175AB7A6AACAA928BDBC13CABAA9AAB14D7F7F9457311C2A66789848EA350ACFD8AE2E70D34725F7468EFE53A1FF002B49F9E276575B5C3A1D1C3A83CD6FB31194024B4FA8EAA653735946214EDE84FA937D324D60ECFC770B1626031CAECAD3473035B6C415150E3F0F061C40F79C4B4683351B1C81277AEAB9E4DDA3908CAE0D207BAFAC1F146BFC4036B9DBABEDB2D9DC4B84694BC2A8E3AE72FB16EC771E2FA0194C6B0002CD50DACF33A69D161B8C9F2E68E59223D33123DC1D942E1D8DCB6DCAE177B870FA8DBDC2DC7F11682D2E69EA36F6D7655A7566B827743A3515A3388ED1E3E13DE99DF4691FB68A63B3FDBC99EF0C92312FF268ED37D363F65569312497126CBBE816DE0B1AD3A4AD6B856E477BEB5AA9215249F24D2B6A7529BEBA6B3F0D1D6B87E3E39981F1B839A7EC7A1E88B9CF03C7B70B3B1D1B898A534E1AD0D74F4DFF00ED1615B854CAD9C0AF6728CDA865A25FE3361DCFE15265D72BD8E20740ED7F75C3F0B37A7975AAEEDFDD7EA4C6619B246E8DDE17020FBAFCEBDB1EC8CB839CB6BBAE24467911A6C4D024EE5BB8F3095239E0DAC2E15293CFA9132631F10CCCD2C8CDD0D5D69EE523E22D71006524EADEF9CBE472916BCDD8173DBF2D8D74D3BC00C8E3EF3C57E2706DE56EBFBEAAFDC1BE18E3E78A138C3033E50A6C4E05CE20B6A9CE69A6FB5AD634F5B337172BB8DC38653891E2CAE0393B2126BF99B7FBA99E1DC4E36B435F6CF33E1D7CC6DA5297C4FC39E2103DCE8431CD2EB688DE6C0AD8E602F9FD5414DD9FC5C42A4C34ADAE6184B7EADB0AA5C50EE2E9916ADD466BCCBFC36F8B185C1AD93670258F144348A1BFB8FBAF1798C0CA5B95F62FF265AF10EB6A260637374A3AB41A17E9D696E3A10058341BF84F9EF5D1696F4A54969E50AB4A3D4A126787182C136486E5711605D0034CC49AEE81E8B53072BDA72896071FCB988EBB38E87C3F70A1B078F73BE68228C8FEF1048395BF83D3FDF55BAD8465398116D008D281F21C95BE98C7D042556BE94B096BD8DB33B98ECED0E8C8E5A870BDBD3FEDD58301C643E83C007991B3B4E639154FC6E39D180D233861F11F1E42002DBE60684290C30D9CD360EA08FB28AA431B474ECABF7334A5CAFDD1739F29635CC0328345DADDF42B53E605BB04B14991F2372E803F273F3CAACD0F64F0AFFE209BB9FA7281EE4934B45072E09E5730B758A99F62B183639CD34486E66E61C8F7B4FBA2BA60208A5959061DA3E4C6ECCE77E6236F6F3452C696B92854F1454DF1CFEECBD95E73C0D7B4B5ED0F69DC38020FA83BAF44570F346B60F87C310222899103B8635AD07D686AB6296510184594406AE330114A2A48D8F1FA9A0FEEAB9C47E1EE025BA8CC47AC648FB1B1F656D58A58714F9378D49C786701F88FF0E99816C52E13318B2912E675BCBF4A23D41D87E5548C2E24015FA6ECEC6BA1FECBF5763708C958E8E468735C351FDFC8AE55C6BE0F92F2EC3CADCA7938BD8ED8EE5A087F2D686CB5947258B7B9748E4F8D6191A5C3C2D1AF2A0EAD3D7427E8A4FE1FF02C562A47C78701CC60CCE2F34D6DF85B9AB73AE8BA9F09F84B1D8FFEB787B1A6DB0C59836FF33E43DE79F61EFCBA2F0DE1D0C1188E18DB1B06CD68A1EBE67CD3A16306AEEA6AAF763A672BC3762B1A3431B7D73B694FF0FEC03AC19A503C982CFF0051FF000AFF0048B454208B553C5AE26B194BE48D2E19C36381B9636D0E67727D4A2DD4532D1CD93727996D844443011110044440111100444401111004444011110044440111100444401111004444011110044440111101FFD9,'Motor City Art Classics','Features opening hood, opening doors, opening trunk, wide white wall tires, front door arm rests, working steering system.',540,33.3,60.54),('S18_2319','1964 Mercedes Tour Bus','Trucks and Buses',NULL,'Unimax Art Galleries','Exact replica. 100+ parts. working steering system, original logos',8258,74.86,122.73),('S18_2325','1932 Model A Ford J-Coupe','Vintage Cars',0xFFD8FFE000104A46494600010100000100010000FFDB00840009060712131015121312161615161515151018171715171518181915171717151515181D2823181A251F151621312126292B302E2E17203544332D37282D2E2D010A0A0A0E0D0E170F0F152B1917202B2B2D2B2F363737322B2B362B372B2D2B2B2B2B2D2B2D2D2B372B2B372B2D2D2D37372D2B2B372B2B2B2B2B2B2B2B2B2B2BFFC00011080078007803012200021101031101FFC4001C0000010403010000000000000000000000040003050601020708FFC400431000020103020305050503080B00000000010203000411122105063113224151610732718191144252A1D192B1E12343538283A2B2C11624334455729394D2F0F1FFC4001801010101010100000000000000000000000001020304FFC4001C1101010002030101000000000000000000000102110304315112FFDA000C03010002110311003F0083514EAAD245A2638E83544A7963A7A38A8848680558A9C10D1AB053AB05151FD8D6AD0D4AF615A982821DA1A65E2A9878287921A08978E9878EA4E48A8678E8231D29A65A3E44A19D688148A54E30A5413514746C50D3905A9A3591635D4EC14799A2C96DD43714145C76F40BF1EB64FBF9F414CA738C5E0A3E6DFC2B3738EF3ABC9F349E4B6A796DAA0979C63FC29FB7FC2B4B9E7D8A34D6D182338EEBE77F869A4CE532EB726337563FB3D6AD6D55587DAA5A13DE86503CD46AFCB028C1ED27871FBD28FEC9AB4E16692F25B5092DBD6FC279AAC6EA411452E5CFBAACACA4E064E33E95312D95056258282961AB34D65404F64682BB2C742491D4ECF686819ADCD043BA52A32582951179B7B4A85F68D6A0592B794ABF98615648F89DB8D84A8C7C90EB6FA2E4D41F3BCC2EADFB18B6759119D640636D24310CA1B72322A5F1D78AC99CDB9349EE9F81FDD5D0B82F0CE066DA1333C1DA18D4C997C1D58DF233508DCAD85DE55CF88C363EA2813C991FE343E1D24A98CD474EC724CECFCA37DA3416297082C594A767FCA6862C0367F4A86E1A8CD0C9807BAC84919C6F95C7E67E95683C9917F48BF493F5A9EE0769C3AD62749756B93396D5851B1D07431DC824D69E752F970627412282AC555F5F40ACC0336FE2013BD7748E2E130A85D56CDE1A89899BE66B91C52580629DB34ACDB1DC85500124820607D3C287179C3420EF4ECC5986750C614E01034F8F5C67A6288EAB2711E1E6EED9A068FBAF224A553002B2E32481D32001F1A97E016B31691E56739254861DC241F7A3CE08047862B8BC3C66CD3DC7914F9E9663E7F8B1471E7938C7DBEE07F6649FF1551DB24B5F4A0E6B3F4AE3A39C4FFC52EBFE8A9FF3ADFF00D323E1C56E7FEDD3F5A9A1D3EE2CBD2A226B43BE463154D8B8D4D2A171C4EE4A26EC7ECE1467C1430C64EFE7465B736C8A919C4926A91958C8577191923036C64789A6952B3DAD66A63882A29D2580273A413B9C790A550732E29CC1C42DE3D293058C774F628A9A4FE17046A53F1AA5DE5DBCAC5E476763D4B1249AB2F1BE213484CCE753A0115CE76D4A7DC67FCC6FD0D572E6DB0C34EEADBA7FE27D456903027D6976ADF88FD4D1ABC3C81963803AD3C387A9191D0F4A08BED1BCCFD4D1965AA665899885CE4E00DB63D079E33D69C6E1F4FD84613E2ECA83E07AFCB6C54166E1D0305C5BC7B01B95895CFC4B31CB7F76B4BB8A39FF00939916393DD8A545D196F04923FBA4ED83920D5BEFA6C3476B6F3AC51851DAB8EACE7DCEF0C609DFAF9FA5553993263C484B301A0BB6353EF8DC8D9B1DD20FC682A13868A428D8C83E98C7811E841AD7B65F103E828B8ACA5BA21863C9D8F407AF5F13D76A37FD4EDB623B6907527703FE54CE951EA4B1F4154442CA0F4504FA0CD691459704A92BA86BC0236C8C8E9B6D53EBCD972175471E851E23501F32A00ADA4E6E79131342AFE21F590E3D436091507518AE52E2D51D23511186505131A11463031E2401B9F3AE6305C136E9939D12369F83AA13FE1A726E78660233198E3618974C9A988C6188040009C648DB34CDDC2B1895236D40346F19C83B156EB8F9551D1F82F11135DDEC6E55BBF118F718D2339C3007006403E449A5559E0BCB721D578CC238DB580A8EDADBCCB01D14FE74A800F6A5A52749A2D92F200EE3D41077F506AA5C36FD13BAEBA9720E3A60F983E157BE7F78927B5B66844E628563D3ACA65DC8DB6F502AD92FB24B2236EE9F11A8E01F2DF3522D72D9389DB3742C0793283F9823F756DF6BB7E9DB0FA37E95D1E5F6476B8FF6C01F565FD0555798F92ECECDD5249DBBE095658F5A1C751956C83E94457DAE21FE957E8DFA50D76C8E8743066421C63AE075FDF9F951B71C2EC40245E0CF8028E09A338572933E974ED581DD484D00FCDC9DA82C1C342F651CE009A36D20A81DF53820907721BBC074AD398FECC4A174ECD5542A42ADA9D80E8D2B0C6F9FFE8A6E7E13796D19582D8A231EF94C3B1EA37C671D4F9F5A856E5FE2120263B59327DE67C027F68E73F1A2A0F8D71A772634C2463BA157A63C891E1E83F3AB5FB31E524981BA9D414074C4A7A123AB1F31E18AAEB723F101FEECFF002D27FCEBA9705B8167C321D6A414189078862D823E39359A449F10E316D01D0E146DBA8EA0799001C0AA9739F2CC2F0FDB6D40006F2AAF423C4E074228E8B8409A379F4990C8C724630A15880AA4F5D3B6C7A8A7B952CA48A59ED66FBF1066538C2E723A0E99069AD2FAE3BC4ADB490C3A1CFC8D4B70253268452032AB6C481A86A20051F78EFD28672BEE49AB4ABF78AE0B601C1233B66AC3CB3C7EC2C9E422379CB69285E28C14D3ABA127C723A0F0AD3293B3BE5B6B592162993D32E0B03D980C580DF1D3CFAD2A2AFF00DAB14C76502F7865F70A739F1D2BBE7AD2AA202E796B8A99CCED03990B6AD4349DFCC60FFEE299BB838A0F7D27FEF577EEDAB3DB5655E68B9FB4FDF593E7AAA3E699F1839C791AF52B107AA83F214CCB670B7BD121F8AAFE95479615B1BE054945C6661FCE37ED1AF444BCBB66DD6DA33FD51414DC8FC3DBADB28F8645070E8F98AE07495FEA68C8F9CAEC7F3A7E7BD75897D9B70F3D2365F831A0E4F657647A3B8F9835073C8F9E2E8757AB672A7165BDB796DE5F7F25BE218E723D41CD1B27B2587EECEC3E23F8D0E9ECBE689C4905D00C3DD2548FAE0F4A58439035DDA854881217214A8CE7277CAF8F5F1E9440D56B1CF7B72C1A6751F1CE3607CC938FA51BF63E2A8B8ECE090F9895933FD52A6AABC6B96B8ADD38EDD02A29C8546047C77C64FAD45DA97C3561DFB62D823EE92093E3923C2A76EE7B192131A22A36C55CE4B647E227720D58EC7D9E36DAB2BF435330721463AB7E55A471FD11E70D8523CBA7C8D2AEE36FCA10AF519A551535AEB60F4286AC87A027B4AD83D0C1AB224A02B5D643D0BAEB60F4056BAC86A183D643D015AAB21E85ED2B3DA5015AEB05E87D74BB4AA1FCD2CD33AEB3AA81CD54A9BCD2A088ED2B21E952A83224AC97A54A832AD5BEBA54A8321EB3DAD629551B07A464AC52A83224ACF694A9506C24AD964A54AA8DBB4A54A9507FFFD9,'Autoart Studio Design','This model features grille-mounted chrome horn, lift-up louvered hood, fold-down rumble seat, working steering system, chrome-covered spare, opening doors, detailed and wired engine',9354,58.48,127.13),('S18_2432','1926 Ford Fire Engine','Trucks and Buses',0xFFD8FFE000104A46494600010100000100010000FFDB0084000906071212121510111216161215161515181717121718181613171917161B17181A181F29201D1A261B1715213121252D2C2E2E2E171F3338332F37282D2E2B010A0A0A0E0D0E1B10101B2B2620262B2D2F2D2B2E322D2D2B302B2D2D2D2D2B2D2D2B2D2D2B2D2D2B352D2D2E2F2F2D2D2D2D2F2B2D2B2D2D2D2D2D2D2D2D2D37FFC00011080078007803012200021101031101FFC4001C0000010403010000000000000000000000000105060702030408FFC4004610000103020303080509030D01000000000100020304110512210631610713224151718191143292B1D1233342527293A1C1F053628215172443445573A2A3B2B3D2F108FFC400190101000301010000000000000000000000000203040501FFC4002A11000202010302040603000000000000000001020311041221053113415161153281A1C1D1222391FFDA000C03010002110311003F00BC5084200421080108484A0150912A0042442004A92E808012A44201508420112A44A8010912A004850520DFE1FAF720150B9B10AD642C74B2BC32360BB9C7700AADC4795C749288686204B890D73CEA6DA93946E00026E4F6F6213856E7D8B6D25D79E6AB947AF79D6A4B383581B6F305719DAEAD7EBE9729EE93E0A129B8F74CE853D31DBC46C8E7D327A492DD79A0ED3D60FED537DEBBE2B26ED7570DD5537B4E55ABE2FB2344BA1D91EF389E9542F3A41B798837754BFC5A0FE49CA9F954AE67ACF8DC3F7A3B7E21495A994CFA45D1ECD3FA97CA154787F2C2F3A4B4EC3C592907D920FBD0A7BD199E82F5E5F745B9745D5155DB4D8B472737CE3AEEF56C410E077107CFC92CDCA362718B38B01072906317078F91F25176C53C32F8749BE69358E7DCBD12AA17F9D0C43EB47EC243CA8621F5D9EC051F1E04FE0BA9F45FE97D15CF5150D635F23CD9AC1727B00172A8D3CA6D7FED07B2D5AE6E516B5CD2D32021C0870CA2C41D3DCA4AD87A8F82EA7D1133DA763716AD868B9E68A28C19A40D906699C080D02C6F6B9363C09EC23BF0FC2B0D64B342C8E9DAD21AD68B36E435A5AF009E2483AEF0A929B9B75FA0DD6D7BB41BD85B7F72E8654F447CA49986962496B5BD59779EDB82BC95F1489AE897E70C74E5528A182A5A21C963166764B069712ED743A69EF596D7E051D24EC8583A4D8232F3D66475CB89E1A1F25C5162EF150CAA7B5B23D96B676E8728B5DC06F3FAEA5B71BC6A592615243237903206B46560B58103B46A7C15AF571941422794F47BA8BBC5B3185CF06EC4365E7F4365744C0E04DDEC02F921B584845C5C137D3B2CBA2A7933926A3F4CA79BE532B8987268ECA48E83C1F5B4DD6D6FD49BEBB69EB248F9A642C6011B63CCD94905A34CD671D09035B2778794EA8A30299948C918C1A3B3B8137B9D6C08EB5EA515130DD3D459372792BCA59C87B6C4E53BC7E7DEA6DB3BB1B3E205ED8A7644C8ED9A4CA5C752E0D0D6DFAF2B8EF1B828751D2B9D20206E049F7A75C1F6AAAE80B9F48474EC1E1CCCC0DBD53C3E96BC5572C6FC1B2B76AD23CE724EC722F2FF007903DF4848FF009509929F963C4773A285DA1FA0F1EE2955BB51CEF12DF563B6D7E16F7C62A5AE01B132C5B7B1D5D736F6B770E0A0F1553D8330008B8DE379F0520DB3DA580D3E580B848E73C386620EF02FA6F69D4F9AAED952E27A4490A9BB1396E89D7D26A25557E159DFF04A23AB7B9B9B3306B6B1201FC527A43BEB33DB1F14D0355B216B45F3479F4D2CECB6E37B159B28EA3535CAEC3A098F6B7EF07C56065FB1F783E29BC4917EC4FDE0FF00AADD4CC63CFCCD9BDA5DBFAAC2C37A96115C6C9B78FDFECED6B9DF55B6ED06FEE4F385ECED5D4DCC5092069EA8B03D973A5F85F44F7B158634B24AAA82453B32DF5B6770B90C0780D4F781DB6CEB369EB6A1D929A10D840018D1D1077F45AD034D02282EECA751D49D6F6558CF9B632E27B39554CDCF3C395A35CEE682DF173090D1C4A8AD54A7392F60BEEB6670D7B6E095666CAED7482530CA0822C1EC3AF44F5DBAC5930F2A1B3EDA3A86F3432C5302F637A9B6203983802E691C1D6EA0BD7158E0CD46BA7659B6CFA3442FD30B5C081D1DC46727C750B315807D1FF50FC16A2E5966506F2741269BE5F27553D4179CAD61738EE1CE1F3F57DEB63A924612046011BC7A437C2FE49BDC2FD575ADB15EC7BFBAD75245539493E0E9188D8EADFF0039F8210D67003C10996477FB9AE5A374BBB400EA4EEFFDD0F92DF4D84346E05C7B6C9CA6B03947569DDC176D1628E8E37C4CB659058DAD99DC2E770E2BCC3F972741D55AFED71CBF719DD1DB449CD3B7D8F925A8AE25DCD52339C7D85DCC06C38663BFBF40B09B02C45C3310070B85EAD3333DDD6AB83C2FB01675109616069B8DFDF61AF6E853254CB3C0FCB333C08B5FB884E7495F76F44DC761B5C23A9C79235F53AEFE3CC9EE2F8AC26869292278BDEF3744800B8E624FEE936D7774429D415F1D144C81B1383A4883DCE6B85C4874B5F85BDCA9BA7C69EDB020380DC6DA8EE4F549893E51764C45AFD1738E84EA6CE1A804F056427CE4E5EA740F198B27541446A6BE09A46D8B639736A49706F361A5C6D6BDDC77EBAAE3E5D4B44746DFA579ADF6436307F12C5DFC95514FCE4D53391AB5B1B6DEA8172ED2FD8379EBCDC1577CAD6D432AAB436375E284736D3D4E37BB88E0481EC8536B39660A538D893F2229745D60241DA8E7476ACF83BAEC3682963DCB9DD38EDE0835407829A819E7721CB0F7FCA070FA163E285C94AE396F7F5B53C50AB72E4E9D1541C1391D53540B068F1E2930BA07D5486269B46DF9C70FF68F25AB1F8A6A7C9CEC4E8DF23733330B1CA0DAF63A8D5486863F44C3839B6E72401D726DABB76BDC479057555BF9A4733A96BF2BC3AD9B24C55B4FFD1A8E204B74711B9BDFDA7E2170BF1FAA65DEFCAE60DE58EDDBEE7DDE69EF6370589CD3354E6304458D2D049324AFE96A77D8345CF59D3B54AB169A0702C8E26730E01A41858DCA0DC7448E966DD6D55D8DCB27073822D4CC66210F35200E7104B5C06BA7581D47DEABC66193C12C8C744F22276491C18ECADBEECC40B36E05F5577725DB1F2D3C923EA034E577432BB3076601D7F223CD48B65E30712C508D58451B7F883662E1E4E6AF13CAC327193849491E7B056C8CD8E66920F684FB5DB1F56D9E4863A699C18F734111B882DB9CA43AD6D45BAD3950F26788BF5E6727F892347B8959F633BCB5504B963251E2F331AF631EE6B64696B8B1D96E08ECEFD1479B81CEE3A36CDFAC777EBC15BB45C90D4685F531B3AFA2C7487CAED0A4745C9740D0049512BEDD4D0D60FC013F8ABEBCAEE60D5DB558BF8BE4A386CE76CC7C196F794BFC85037D695E7F89A3F25E88A5D81C3D9FD407FDB739DEF29F28F0A822F9A86367D96341F3015B95E48C3BFDD9E70A1D8FE73E6A9A778EDCAEB1FE2B00A4187726B5675146C6F191CDBFE6AFB45979B99E6E5E879A36DE91F874CC827898E73D99C16121B6B916DDDA10AE3E537615B8A451E5788E784B8C6F22ED21D6CCC701AD8D86BD442147647CCB96AED5C26427FF00A130873DD4D53F4432589DA6E20B5ED1E20BFD94ED26010CD454B2323E72231333B01D482C00904F5875C8EE53DDA8C063AEA67D349A070E8BAD72D78F55D6E1F15556C8ED14983CA70BC51B962B9314BBD9949D75EB6FBB710A5DD60CC7553ECC54434CE645209A2CC1D99A32BB331A7A56BDC9B68776ED2CB3969DB4673553C3E4172D85AE05D9ADD12E36B65D47EB4564D31A69D9998E648C3C43B43C7B930623061187FCBCDCCB08D402EB927F75973AAAE299EE470C2EAFD1A87D26ADC010D74AF360002EBBAC075750B2C793FA09194EEA899B967AB91D50F69DECCE00630F16B0307826FA6A19F14919515519868A3707C54EE1D399C356C930FA2D1BC33CD4D80524B078C2C94A542F4088B25420112A1080108420042108045C58AE11054B39AA8899233B1ED07CBB10840441FC90E1772E6472C77DF9277B41E16BEE4ED80EC0E1D46E12414CDE706E7BC97BC1ED0E75EC52A101240D59210801084200421080442108054210801084203FFFD9,'Carousel DieCast Legends','Gleaming red handsome appearance. Everything is here the fire hoses, ladder, axes, bells, lanterns, ready to fight any inferno.',2018,24.92,60.77),('S18_2581','P-51-D Mustang','Planes',NULL,'Gearbox Collectibles','Has retractable wheels and comes with a stand',992,49,84.48),('S18_2625','1936 Harley Davidson El Knucklehead','Motorcycles',0xFFD8FFE000104A46494600010100000100010000FFDB0084000906071213121513131315161517161F181817171817181A181D1D151D20171B181D181C28201B1A251E1820213221252D2B2E2E2E181F3538332C37282D2E2B010A0A0A0E0D0E1A10101B2F1F20212D2D2E2D2B2D2F2B2D2D2D2D2D2D2D2D2D2D2B2B2D2D2D2D2D2D2D2D2D2D2D2D2D2D2D2D2D2D2D2B2D2D2D2D2D2D2B2D2D2DFFC00011080078007803012200021101031101FFC4001C0000010501010100000000000000000000070003040506020108FFC4003D1000020102040403060403070501000000010211000304122131050622415161711332428191A12352B1F007C1D1151633627282C217248392D214FFC400190100030101010000000000000000000000000102030405FFC40024110002020104020105000000000000000000010211031213213141510422617191B1FFDA000C03010002110311003F002A5C68DDD3E6456679978C5CC3A3B41B969962560E42478AEC3D7CBD2B15C739E6FDDB6D6CA61CADC95582D3ADD214833A1C9D53542FCF77D2DA5B3D086DB2F4485331B1EE4483D27B8DBBE4D95B8FD967FC3CE644C35BBA3ABADFA554663217424CCC7A0F0D7C77985E278A07ACA676596566540809D2227F6283BC9FC796C31B6CCEAACD9835B0B9B3010A08631977F3D74AD1E3F9AAE5D5CB72CDA807DE1981DB69066B29BA2775AF26CEEF3F956652AB236DE0C79C543C7F3226200FC74B0EDD2492DD23C7C286F89C7E7F1CDE0363EBE750DF1E5410448EFE550A73337924CBDE7FC3245A54C4DABABEF675D649DCC01D234DBCAB1788671F1888DC7DF4A9576E820050649D4F953A383DC166EDE11951954C9D65F341F2F76B58B05C8EE1ECE1D522F0B82E12B96326528504E6D6436F1DB515C590A40560324EB948CD1E460C1F95535962DB93E15D02477FAD3698346E784F184B568A0B6A5A32A9619F28D736E4413A0F95515977563AC08DFBC7EFF5AA75C49037A7AD633E750E2C9A65E5BC5364CA480358EFA13266A06372E9D0A378A86D8A24EF4D632E180493E54A30A6115C9C0007EC52A8AAA4C52ADA8D2823F31F2EF0C5B79ADF11B0658184420C1ED1ED0C9D67E1AA5E2789824259B58AB28A421EA26DA81A1194981A831B7A5673BEA41F0803C6A78E2170BC9601408858008EFA0D35A2E82C7B93F8635D67554B05C43A9BCC5018F854EDE7AF9558F17E0D7ED643790AB34C11AA477D41DC53D85E2E6D5B2118E5632C011A9EDE7E1B53F87C05DBC872292D1244806078C913584B2393E8872B2BF156EDA80074F668324EBDA74155D8C89393DD1A77F0DCC93BD69EF72BA805B1189B569B2839155EE3794851B100FAC54CFF00A7B6FF00FCC3102F5FBE93052C5840EBA4EBED2F4FDBE5571C72123036CC6B23FAD2B8DA7BD33BFF0029FAD5C5E6C12894B18B611F1DDB2BA78F45B314D87C376C3187E9EBBE5B2ED0445B107B4FAD569E4768AB2A840503E74A5622053F8A367315161948907FEE2482343BDAA56F058778EABE8675116EEED1B4143ACE9E869A87DC0866D277FDFF005A71401A0127F5A997B8236A0DC06220807B891A687503ED50DC043A34E9BCEFF2F0A4D7340346FEBEEC79C547B9767B54FC45E3F111E407EF7AADBAE6648EFB55451513941AEF14A9D054EB269536C6CDF9E40C76CC6C266FF3EFF6A71BF85F8C23DFB23FF73FA2D1195DC03725DE544DB68481F99206B3E064188D2ACB087076ADA8BB98DC8EA199C09F9902BA7622BC1CEB2360B309FC32C5A44DCB2DEB9FFF009DAAD0F28636C1B7754DB655BA0B12C40220AE49226583B0F2D2883FDA9815D16C93E927EF355AFC6ADBB949408621633158999624684998ED1DEA7639B5161B91F32463F8F70ABC2F2DFB250B5C402F2B900341852BDC9CC8DB7879D6CFF87987BD872C8FEE18CBD59A172E9DF42A41F5173CAA3FB7C33959619964024680133113FCFBD5DE131364280A81E3C5F5FBCD56CBEE991B8B55A68C9739FF000F5559AEDA11659BA915648132081DC06EC2A9787DFBF84C130381B1720820B2166656CD9B50342A40F934D14AF710982D6FEE08FBD467879E8DF4F753F993353B2EED14E5160539CF1B7316961CD84B6067D2DDAC8DA91EF41F0591E1277DEB3982C2E61AD9B87B4E5623E447791A57D06702748BAEBA47BBA7D108A8B8BE006E01370EF32C8FAFF2FB53781BED93B95E01C5DC2FB6C3282AC2E010A19482E9A12867E2CDAA9EC6477AC8E07873DDB8512D97210B1C9F906EC6761FD68E69C0A27F1AD6BBFE193E950F1FCBB9A7F12DB2B4E6441ECC31241259762646FEB43C0DAEF91C72D768090C23652429D0C76D3C3CA3D3CABBC4F09675190ACF9CFD0E9A1A249FE1D5B24FE35F5D67E16DF703328D3498F4A6F8D7204D9716C9560156DBB18040F78B0CC00076D41893596CE44691C89F4C11E2F08D6CC120F98334AB498EE5AC661ADE76B04851D4C007403CE274F335E5269AED1AA9A61479831F8957F669692E5B10D6DDB42A08F74F5093A4F8E95030D88C6C445B1AEA431075F03263D2A1FF007E6E66E9B491D97C3CA626A68E79910D8543FF009187EB5E8F11ED1E736E5D31BC5606EBBA9B8F227A8672749D02CEBB78F8D3EBC0F4956511A8EA8235D674A877F9B49F770CA3D5DDBF42052C3F3616D4DA48D8F5FD376ABDCF464F1F3CFF000D4D8C29CBAB2B18D4E9B9F0927BD32786163A103C408D7EF59A6E6572D0155167B1631EB94D4CC4716BCB005C259BC994FCCB44534FD0A493ED1A7B183B8823DADD1FE9207FCAA425924FF8970FA807F9D64938CE3418258FCC30F3D75069DFEDBBFF001AF69EC0C78D1A5BF40A715E19B416B439BE44823F514CAD8B80CAB2C7D3F4AA6E0BC6959D428F7A201682493E86AE39830D76C837D2F90546636F2C2B81EF00666636DF6AE79CF43A3AF1C7723A8924DCD20B9D758D540F2DEBAB78B798807D403FCB5AEB8692E7DA09EAD8EDF23FBED577EC167311A9DE89492E195083972991D00081A04CF611A4EB4D62AD26E26B9C763ECAF49BA808F87309FA6F541C66E25DCB171815D42E466569D8B291AC4687B542BECD1D74377389096C855C0DE21A3D7C295646D70E2D796E2B9BAD6CCA981E52564C83A00629574C1DAE52FD9C59554BE8936BF06216E0FCA0FAEBFAD386E83B8FD6AA8E260C3483E6229C4C40EC6B08E946D28C89ACEBF94D739C46DDF4F2A697115D0715B2662E2CE819AA9E23C72E5B392CBB246E5491AF945595DB800240D813F6AC6B19D6B1CF3E291D1F1B1DBB66D79738F710B4A310DED1EC0682EDD407ACEB1DA7CCD5EE3F8DDDB9219C9CDA98819BFD51B8F5A9DC7712D84187C22053685A1EDC112594886CBE04096F58ACDF2FE06E5D6B966466B2C51D8C85D090358313063D297C6C8AEA43F958DD5C4B6E098A64BA8C0EAA4309DA46DF2A315EE32D77206B25432E6EACACBB6B1E3BC41A1FF2DF2D7B662A618A9860AC0F6FB69444C2F0CBC105B25401B7EE49F38AACF18B9EA4C8F8D292838B448E1EA993206202AC97D0058EFAE9A47A6954F8FE398056CA05DC5B921401D6A59959AD8EA22DF565683B122ABB9871012E58C2E6608B7ED7B50C217109745D565D47505C99881A46BE99BE1385BAA30B6572305B7666EAB4ABFB0C4B5DB04409922415D7A5A646C706DB675C5251E4BF4E75B8F0B86E1D68039327B5BC00FC5B6CD60E544206636D9343A18D75D219E69C75C406D5AC080EA19064769CF60DDB7330066F677136D0A6DAD73C46CDBC3DEB16C5DEBB8D68274384FC1C51BC067889CB732C7809EF151F8470EC528B64DBC8AA96352564643882C0EBD96E05F57F5A92B818C6704C5631D0DCBF8589E9CB876556916CA1602E0995BCA7BC750F55537966D5E62B6CDCB716EDDA2CC1A3295B4A8C402BD43A46BA465EF35ED2B88D45BE90057BCE779AE05E61DE8AF8FE4953B7E959BC7F263AEC0FD2A148B713276F8838F3A95678A8EE229CC5702B8BDAABEE611876AD16468CDE38B2DD31AADA48D74FA8AA1B03AD41FCC27EB5E9B46B92944A7A821051E833F3BE180C55C667822D2E45CB39A00904F69D00D0F7ACC704E2F72DE32EDA0F97345C03B176B685FD6607AC51079B02DDB367103345FB39651737532A95903786551FEE3E06825CC173362EF107DD72A1877C9D208F5CB35091418178C621DC1716D8C41661123E409FA56AB0FC6AE802170A34D211FF00A0AF9EF0DCCF894D3366FF0056F53539DF103E15FBD3B61A507B3C76FC47B5B2A3FCB658FF00CC567F9B2F62AF5B5C9756E10C090A82D30D3420973235DB4A129E77C57F947D6B9FEF9E28F703EB4EC2827612DDCB88A6FA3B1439AD2B99CA4C0198CCE50649235200D2B8BB8FE2E44CAC983A5D6589524EF3B1007FBA8716F9B711DDCFC8C54EC3734AFC798FFB8D24E828D78C1636E2B9C5622E0681956D5D5656D75D59650C6DA30A5433E33C72E9B8DECEF38B6750276F114A8EC7D07D007852F62A7B57495DAC541441BFC26DB6EA0D5363793ED36C22B5A057405000BF1DC8BE02B3D8EE5071B03471CBE54DBE154EE28004F83E7BC5607027086CE620116AF4FF00860F888D48EC647DB51BA1AFA56FF04B4DBAD55DEE4DB07E05FA0A698A802A582758AEC614D1B8F2459FCB4BFB976BF2D3B150151833E15DAE05BC28D2393ED0D969E4E5641F08A760051786B78548B5C15CF6346BB7CB96C7C22A55AE0883B0FA52B1816B3CB0EDF0FDA951C938528A5458082D3E82BCA55233B0B5D814A95007596BD8A54A981EE5AF72D2A5400A952A5401EE5AF32D2A5408F62BD8A54A80152A54A803FFD9,'Welly Diecast Productions','Intricately detailed with chrome accents and trim, official die-struck logos and baked enamel finish.',4357,24.23,60.57),('S18_2795','1928 Mercedes-Benz SSK','Vintage Cars',NULL,'Gearbox Collectibles','This 1:18 replica features grille-mounted chrome horn, lift-up louvered hood, fold-down rumble seat, working steering system, chrome-covered spare, opening doors, detailed and wired engine. Color black.',548,72.56,168.75),('S18_2870','1975 Batmobile','Classic Cars',0xFFD8FFE000104A46494600010100000100010000FFDB008400090607141312151413131515151718201B18181817201E1A1B211A1F17171E1D1F22202028201D21251D171D21312625292B2E2E301E213338352C37282D2F2B010A0A0A0E0D0E1910101B32252020352B2D2D2D2B382F312D302F2B2D2D2B2D2B302B2D2D2D2B2D2D2D2D2D2D2D2D2D2B2D2D2D2D2D2D2D2D2D2D2D2D2D2D2D2DFFC00011080078007803012200021101031101FFC4001C0000020301010101000000000000000000040500030601070208FFC4003A10000201020403070203070403010000000102110003041221310541510613226171819132A11452C1233342B1D1E1F0627282A21563C207FFC400190100030101010000000000000000000000010203000406FFC4002B110002020202000307050100000000000000010211032112314161F00413225171819132B1C1D1E114FFDA000C03010002110311003F007D85C406C4775F87213BC2B9F308E6368E71D69EE370F652EDBB66D8CAD9A5B5D32C69D39D384C1BF7A0650103CE80EBCF5F9A1389700372E970E4093A05EB1CE69DA423B037ECA5ABFAA9CB1B32882D3CCFC50E71D6304B872FDE03E32873132254124411CC7A4D31E37835B18503BD6421A437324062018E549CA0C75BB5703847B484312B981CD91A74232EA3EF41240DF636B4B6F12C9895CCC220831A831E211E4229D7151E3420498207FD7FA52FE0D845B36ADA062E547889113E628AED16305A4EF482C1016206E620C0A9B493D14836D6C230D87216363CE28EB56E0452EB78D270DDFAA9FDD778149FF4E789D7D287ECEF1D6C45BCD72D8B44EA8B9A4B0EBA81F6A66CC80F8A769FBB760881821862CD13AC103A475D69C5DE256C61CDF3FBB0998F33B6DEBCABCE7B5760D80145C019C2374305803EBA8A7B86B99B8302C419432791FABFA52A95AB0D6E85E3B558838637FC28DDE85540B200CA5B2F533D6B6F67182FE196E283E35063F4F9AF2C5C00B38251724E7B8D700631A9B702399102BD07B298FB6982B01984F7731B9893EF590680BB45C5FBB45372D365570D28C74CBA9076DC6D4D705891880976D99431B1D2019F9E5ED5E55DA5ED523629BBE56EEF31197639410246D04813AF51D2B6FD8FE2966D35FB7664D9016E26A4CC81313D663DA871768166B38C715B786B65EE1F2006EC7A0A94B713C5EC5C1372CB90362C9A4F96B528D868558DC7BF7697327898E8BB10D3006A398E556377848316B318D499034961A7A483D0FCAEC3707C517B42FB8C9688221C012BE2020ED3B7A57C62708EF7DD9AEDB067C16EDBF85DB996D77123E074A476CBA7141871336512E59CC4995E4872EBF964081AE877F3A02D62FBD56B651007CCA02103265C8A3DB591AF38F3A68B8A186B06E33A86B862490C96E4B65120C18FB9A55D98C025B57BEE500BC4110614466611AE9398683A5531A6ED13938DA950EB8470ABB6B06966E5F0B710477AA74D0E9A1F2D3A6959AC4F6E16FDC7B171426524386D8C18311A99DF6E55A5C13E6B8B6C8CD68A9CAEA342D2AF1332741D3AD677B5DC25AE623F1288CCB6F5B881E09540C09CA4449DFAF8452CEB9547686879F63FECEF1C2F87BA313914A29F05A13FB32214851A9D368AAED594BD60B66D8FEC9544446884C892DA49DA282ECF70ABCD67BC652C2E80C2D3345C45DC098020CEA34E5E75659E18E711DE2E55C3DB5116C7E769968F2D3E69A38E52D81F15D95F06C30C7DD7B975996E59213214D163583986A75988E868E1820A9DC3B9CA415088B9A04F2DA46A24F29F7A03B51C50ADB172D85736D83183A31685CA606B1F220568F85E67C2A362D5438504E53B73DFCE26A69B7A5D065051FD5D9E79DA0ED41BB73F0CD6E2D8608ACB1A7224EFB49D2797C5DDA6E16A3003138662D72CB2F89443A84CCADACC81CC0E467AD795F18E20D897BB7D8805D892008804E8BEC34F6F3A6986ED2DDFC0E26C1CCD9C28CD3A059D74E7B47B8AA534D34054ED7AFA0263F8CA5FBA2E46521402342091A4F8873A7D835B862EE18F866082F07581A4EE226B077ACF8F4E674FD2B55C20A23842D956756E7A55B6BAD11BBED58D05C2ECD7ADBB067002EB974500112396DA457297769385B586CF6EE8B96DDA50AEC0F30567424D4A8F02FEF22B4D1EAB89E2C05DB8F72DE6567C9F48049214061BCEC46BD055FC3F86406CF71CBE60AC6DAADB0013943680993B6E74A59C331B85C59B5DD5F0EEB958AB4A34A13060EFBEB15A2BDC5AC59179CFD0CA188DFE952D0634DCEBAD3724DE88D351D998ED7F650620A00F70FE198B778CF262E656293B920A1F498E74262B861C297297E104392EDAB4C104E9AB9989D669DF0FED00B9661AC5E9EEC9B8C54412F0C635FCD2079579E717ED0DDC45F66B96B22D88096A4684CC331060B44FA5371BEC5E546A713C62F624E1C86FC28B66552D89D608D62370C46F5AFBB8F2D65E0225C03C6E010C3783941320C9FE2E676AF3EECD63D5EE00E42B8EA343E62B4D62EAABB30BAAA47D2C14907947D5CEAEF1C2B44BDE4AF635ECB712BA73A3B02E4CABEA73F91983A72D7AFA9371CF0735C3A1DC283200EB1159CC6B2B0EFAD80BAF8947F09EA3C8D1385E2F7181592D3FC33A1A0F0D6D14C7ED152B6871C3EDE1835CCB1940CC54EC235CC08DB6AC376B3B506F620016EE22D966552971B239D090DB0E5D0FB534BE4A8574B7DDB6607EAE5AE91FE6D497B7DC433DAB76AC206076440264468157533AC454658B568B4F3F39DB3CEF1FC470C59E2C65663A92ECD079C52EB787E7DE00864CC19F090351EF46F15E0776D7ED2EA1B61886CAC8CB1D5403D26AB555EECA833A3C46D1994FF4A54A8472B19E22F6194A95B2DB4139F633C811BFBD2BBA19FF0076349D2584D74D966214098D74FF007506D6632FFC7FFAA67A05D8CD4DE4003AB30E6BB81F1CF4AE553F87F102091F49D39F5DBD6A564CCC16EE05D729244FD420C30E9A7234CF8676BEEDB70D7ADA62A047ED673803906FEA0D76F709BFF5215B81B6CAC1818F3D20C75A4766D65256E26BA6FA11BEDD7D6934F68A5493A66DF17C79318185B957639B277A50E6E64060E8E4C4691E94BED70CC5590DE171ACB6A403EB2351BD65B09C46E5AD6DB15F4314F301DB1BC864C3FAE87E44114C9B5DEC9BA7D05D8E32F6D1ADB6143123C2E49CC877CCB0227D6B53C2FB61896420A59B79540CCC756F60BBF3A5567B5162F08BB6C0EB9B5FFB001BE41A69C370F85C92B68159DF36603CA77155834DE89CAD23EF09C76FB341EED54C87655DC1F5D3ED56DCEC65C605FF001ED755756FD89100799B907D94568F83DCC2299B6B690FFA9751BF3833BF315A0B372D322AB287DF330D481A723302794803CA86494978020A2FC4F35C3F08C38396F33DB3FEAB4187F391B536B7D93C33A11671485F7524E4CA46C44199AD88C028428CED70448256415D355FA813A411A75D2B37C67B2969F5B43BA6D4189890260728F7E876D95658C953D0DC5A77D8930F778CADCEE8CDC1F4C39953D0CEE4903ED4C7885D40025FB6A9708D51EDABEFD3C2AD063AFB527C4AE3F020192F6E39F8872FF929DA99617FFD0C5D045EB49701195958CAE9E446875E9416377F0D05CD78807E0ACB126DD9B258020F76E51C03BCAB6DEE291F16E176D8F88DEB277F1207F8329A7CD686FD8C25DD6D67B0770B983A7A00C014FF0089F9A558BC5DDB0C2DAF7AE18122543298D4F865A7E41AA706BF5444534FA6265E00A04A62AD923F85919277E7A8E752ABBD712F127BB59FFD67C43ED3F6A947DDA373665709C42E5B336D8A9E71B1F51B1A7386E3F6AE18C4DB3A9D59751EE0FE9F14BAE601ED6FCE83B8B5CCE27429BAAF036577B2D86BE99F0D7C061BEB2A7D5742BF3ED48315D99C45B62A50B4734F169BCC6F1E7114A118A995254F51A1AD0F0CED85DB632DD51753CF7FF3E296E4BCC35097919F73048E86B41D9FECFE26EA9BB6DCDA51FC673004F4046F46F6838DE12EDB0E96C1BD3B91047FBB7CDEBAD65ADF10BAAFDE2DC70FF983107D3D3CA9A32F204A14B6C7D89E2189C3343B0B83ACFEBB8F7A6380ED98075CC87AEE3E46B4070FC45BC42DCEF542DC897207D4BF980E44738F5ACD5C48244CF9F5F3AB47335D7E094B0AF1FC9EB385ED867CA4B2BC1CC26241EBD67CF7A7F84ED65A261C409072EE257623F2C790AF069A2F878B972E25B5732C604EA079EBD050964835724686395A5167E82B1C455ADC286750BE228E1880674691A8F51589E33D9EB77496B733BCA8823D403A7B122B34BDAE7B5762D365B36C1541D79173100968E7B0AAF13C631D8882972E22CC8839174F211353C59A7D28763E4C314F72E86562CB590E5877D11DD804AC9333988E406BA6A74AFBC376872364BE3B924786E213027A86923D448EA2BEF138DCCC5980527783E19E71D24EB1435E21C415CC3CFF009D75CB0F2576D3F9108E4E2EA93419DA7E102E225D507BFDF3DB5195C75D1A418E62A50BC0AF9B44D82D36AE696FADB7D481E60EBA69F7352B967ED18E0EB2BA675E3F65C99172C4AD798BEDE28465719875E62A8C4F0A47136CFB7F9B5117B0F43E420E8483D455DC7E672A622C560D94C111429522B582F8232DC13E74262B838226D9915270F90EA466C8AB30C9262AFBF842A6088A98310DA98A418BB0EC51C3A81E1D44EC46C47B8D3DEAE5E0AEEC4A98B644A31D641E5EA3635416DB991EC6BBC3F8B5DB25B23784992A44A9F63B50AA763A6AB8BFB32BC6F0BB96F5224751A8FED56F04B993BDB9CD6D98F56F08FE74D2DF1E47FAC774DD40CC87DB461F7F4AFBC2F0EEF198036DADDC80DDDB8074D4186834996506ABAFA95C38E719725BFA7F5D81F66AC8CA5C804CC09E5001D3E6B456919FE904C6E790F32761572F08B587586B96C2A8272E6966804C69D6226B277B8D1BB22FEA9072A29CA8ADC8C73F5326ACBDA52558F7E7EBB23FF336EF26AFD7D8D05FC5D9B7A3DDCCDF96DF88FC9F08FBD2EC571A56F0F766DA9FE30E59879910011E50281C2706BD7006542A9F9DFC09F2D13ED35F6F86C3DBFDE5F374FE4B2207BBB7E8A6A12CBCB4E4DBF2FF003F92B1857514979FAFD8131ACF6D97C47302191C36860C861A576A62B121C2AADB5B68A4900124EBBC93A9DABB478F25F1216728C65F03D1AFBC9425CB15F587C64E8F13D7AFAD13DCD7729A92B4472E09E195485AD86AA023219531FE7DE9B3DBA1AED9A0C91477EB73C2E003F6FED40637839DD35F2FE868ABC9D47DEB96AF94F31D0D2B563262CBD7D5520A9EF0693A08F51BEBFE4D2A4E75B1716AF886027CFF00434B317C04AFD1A8E9CFFBD4E51632622C950DBA31B0C4684573B9A418AB0B74DB60CB008DB4A61FF9EBE3E8296FCD1141F989FBD0EB86ABD3074AE117DA1D649455260988BAF70E676673D58927EF5DB386248039D35B182A3ECE085328D742B937B62DB1C3B5A94FEDD98AE53A42D8AE8CC262F2E8C247DC54A95CF1938BB47A5CB8A3923C648716EDAB091A8EB5F1770DA576A576A767989C78CDC500DEC2F91A01F0FD0F3AE54AC283B5BA26CE399743E2152A5630C156D5E1E7E7B8A1EEF058FA75FE752A50714D1AE8AD707E5455AC28AED4A4A1ECB970F5F62C572A5631622F954A952880FFD9,'Red Start Diecast','Features include opening and closing doors. Color: Red',8164,56.76,132),('S18_2949','1913 Ford Model T Speedster','Vintage Cars',NULL,'Carousel DieCast Legends','This 250 part reproduction includes moving handbrakes, clutch, throttle and foot pedals, squeezable horn, detailed wired engine, removable water, gas, and oil cans, pivoting monocle windshield, all topped with a baked enamel red finish. Each replica comes with an Owners Title and Certificate of Authenticity. Color red.',4189,60.78,101.31),('S18_2957','1934 Ford V8 Coupe','Vintage Cars',0xFFD8FFE000104A46494600010100000100010000FFDB00840009060712131015121312161615161515151018171715171518181915171717151515181D2823181A251F151621312126292B302E2E17203544332D37282D2E2D010A0A0A0E0D0E170F0F152B1917202B2B2D2B2F363737322B2B362B372B2D2B2B2B2B2D2B2D2D2B372B2B372B2D2D2D37372D2B2B372B2B2B2B2B2B2B2B2B2B2BFFC00011080078007803012200021101031101FFC4001C0000010403010000000000000000000000040003050601020708FFC400431000020103020305050503080B00000000010203000411122105063113224151610732718191144252A1D192B1E12343538283A2B2C11624334455729394D2F0F1FFC4001801010101010100000000000000000000000001020304FFC4001C1101010002030101000000000000000000000102110304315112FFDA000C03010002110311003F0083514EAAD245A2638E83544A7963A7A38A8848680558A9C10D1AB053AB05151FD8D6AD0D4AF615A982821DA1A65E2A9878287921A08978E9878EA4E48A8678E8231D29A65A3E44A19D688148A54E30A5413514746C50D3905A9A3591635D4EC14799A2C96DD43714145C76F40BF1EB64FBF9F414CA738C5E0A3E6DFC2B3738EF3ABC9F349E4B6A796DAA0979C63FC29FB7FC2B4B9E7D8A34D6D182338EEBE77F869A4CE532EB726337563FB3D6AD6D55587DAA5A13DE86503CD46AFCB028C1ED27871FBD28FEC9AB4E16692F25B5092DBD6FC279AAC6EA411452E5CFBAACACA4E064E33E95312D95056258282961AB34D65404F64682BB2C742491D4ECF686819ADCD043BA52A32582951179B7B4A85F68D6A0592B794ABF98615648F89DB8D84A8C7C90EB6FA2E4D41F3BCC2EADFB18B6759119D640636D24310CA1B72322A5F1D78AC99CDB9349EE9F81FDD5D0B82F0CE066DA1333C1DA18D4C997C1D58DF233508DCAD85DE55CF88C363EA2813C991FE343E1D24A98CD474EC724CECFCA37DA3416297082C594A767FCA6862C0367F4A86E1A8CD0C9807BAC84919C6F95C7E67E95683C9917F48BF493F5A9EE0769C3AD62749756B93396D5851B1D07431DC824D69E752F970627412282AC555F5F40ACC0336FE2013BD7748E2E130A85D56CDE1A89899BE66B91C52580629DB34ACDB1DC85500124820607D3C287179C3420EF4ECC5986750C614E01034F8F5C67A6288EAB2711E1E6EED9A068FBAF224A553002B2E32481D32001F1A97E016B31691E56739254861DC241F7A3CE08047862B8BC3C66CD3DC7914F9E9663E7F8B1471E7938C7DBEE07F6649FF1551DB24B5F4A0E6B3F4AE3A39C4FFC52EBFE8A9FF3ADFF00D323E1C56E7FEDD3F5A9A1D3EE2CBD2A226B43BE463154D8B8D4D2A171C4EE4A26EC7ECE1467C1430C64EFE7465B736C8A919C4926A91958C8577191923036C64789A6952B3DAD66A63882A29D2580273A413B9C790A550732E29CC1C42DE3D293058C774F628A9A4FE17046A53F1AA5DE5DBCAC5E476763D4B1249AB2F1BE213484CCE753A0115CE76D4A7DC67FCC6FD0D572E6DB0C34EEADBA7FE27D456903027D6976ADF88FD4D1ABC3C81963803AD3C387A9191D0F4A08BED1BCCFD4D1965AA665899885CE4E00DB63D079E33D69C6E1F4FD84613E2ECA83E07AFCB6C54166E1D0305C5BC7B01B95895CFC4B31CB7F76B4BB8A39FF00939916393DD8A545D196F04923FBA4ED83920D5BEFA6C3476B6F3AC51851DAB8EACE7DCEF0C609DFAF9FA5553993263C484B301A0BB6353EF8DC8D9B1DD20FC682A13868A428D8C83E98C7811E841AD7B65F103E828B8ACA5BA21863C9D8F407AF5F13D76A37FD4EDB623B6907527703FE54CE951EA4B1F4154442CA0F4504FA0CD691459704A92BA86BC0236C8C8E9B6D53EBCD972175471E851E23501F32A00ADA4E6E79131342AFE21F590E3D436091507518AE52E2D51D23511186505131A11463031E2401B9F3AE6305C136E9939D12369F83AA13FE1A726E78660233198E3618974C9A988C6188040009C648DB34CDDC2B1895236D40346F19C83B156EB8F9551D1F82F11135DDEC6E55BBF118F718D2339C3007006403E449A5559E0BCB721D578CC238DB580A8EDADBCCB01D14FE74A800F6A5A52749A2D92F200EE3D41077F506AA5C36FD13BAEBA9720E3A60F983E157BE7F78927B5B66844E628563D3ACA65DC8DB6F502AD92FB24B2236EE9F11A8E01F2DF3522D72D9389DB3742C0793283F9823F756DF6BB7E9DB0FA37E95D1E5F6476B8FF6C01F565FD0555798F92ECECDD5249DBBE095658F5A1C751956C83E94457DAE21FE957E8DFA50D76C8E8743066421C63AE075FDF9F951B71C2EC40245E0CF8028E09A338572933E974ED581DD484D00FCDC9DA82C1C342F651CE009A36D20A81DF53820907721BBC074AD398FECC4A174ECD5542A42ADA9D80E8D2B0C6F9FFE8A6E7E13796D19582D8A231EF94C3B1EA37C671D4F9F5A856E5FE2120263B59327DE67C027F68E73F1A2A0F8D71A772634C2463BA157A63C891E1E83F3AB5FB31E524981BA9D414074C4A7A123AB1F31E18AAEB723F101FEECFF002D27FCEBA9705B8167C321D6A414189078862D823E39359A449F10E316D01D0E146DBA8EA0799001C0AA9739F2CC2F0FDB6D40006F2AAF423C4E074228E8B8409A379F4990C8C724630A15880AA4F5D3B6C7A8A7B952CA48A59ED66FBF1066538C2E723A0E99069AD2FAE3BC4ADB490C3A1CFC8D4B70253268452032AB6C481A86A20051F78EFD28672BEE49AB4ABF78AE0B601C1233B66AC3CB3C7EC2C9E422379CB69285E28C14D3ABA127C723A0F0AD3293B3BE5B6B592162993D32E0B03D980C580DF1D3CFAD2A2AFF00DAB14C76502F7865F70A739F1D2BBE7AD2AA202E796B8A99CCED03990B6AD4349DFCC60FFEE299BB838A0F7D27FEF577EEDAB3DB5655E68B9FB4FDF593E7AAA3E699F1839C791AF52B107AA83F214CCB670B7BD121F8AAFE95479615B1BE054945C6661FCE37ED1AF444BCBB66DD6DA33FD51414DC8FC3DBADB28F8645070E8F98AE07495FEA68C8F9CAEC7F3A7E7BD75897D9B70F3D2365F831A0E4F657647A3B8F9835073C8F9E2E8757AB672A7165BDB796DE5F7F25BE218E723D41CD1B27B2587EECEC3E23F8D0E9ECBE689C4905D00C3DD2548FAE0F4A58439035DDA854881217214A8CE7277CAF8F5F1E9440D56B1CF7B72C1A6751F1CE3607CC938FA51BF63E2A8B8ECE090F9895933FD52A6AABC6B96B8ADD38EDD02A29C8546047C77C64FAD45DA97C3561DFB62D823EE92093E3923C2A76EE7B192131A22A36C55CE4B647E227720D58EC7D9E36DAB2BF435330721463AB7E55A471FD11E70D8523CBA7C8D2AEE36FCA10AF519A551535AEB60F4286AC87A027B4AD83D0C1AB224A02B5D643D0BAEB60F4056BAC86A183D643D015AAB21E85ED2B3DA5015AEB05E87D74BB4AA1FCD2CD33AEB3AA81CD54A9BCD2A088ED2B21E952A83224AC97A54A832AD5BEBA54A8321EB3DAD629551B07A464AC52A83224ACF694A9506C24AD964A54AA8DBB4A54A9507FFFD9,'Min Lin Diecast','Chrome Trim, Chrome Grille, Opening Hood, Opening Doors, Opening Trunk, Detailed Engine, Working Steering System',5649,34.35,62.46),('S18_3029','1999 Yamaha Speed Boat','Ships',0xFFD8FFE000104A46494600010100000100010000FFDB0084000906071312121212121216151516171815161718181815151515151516161515171818202820181A261B151521312125292B2E2E2E181F3538332D37282D2E2B010A0A0A0E0D0E1B10101B2B1D201F2D2B2D2D2D2B2B2E2D2B2B2F2D2D2D2B352D2B2D2D2D2D2B362B2F2D2D2B2D372E2D2D2D2D372D2B2D2D2D2D2D2D2D2B2D2DFFC00011080078007803012200021101031101FFC4001C0000010501010100000000000000000000000102030405060708FFC4003E1000020102020705050408070000000000010200031104210506123141517113618191D12232A1B1C142445282071415627292E1F0163343546383F1FFC4001A010002030101000000000000000000000000010203040506FFC400251100020201030500020300000000000000000102031112133104142141517181224261FFDA000C03010002110311003F00F3BFD658E44C4A9966233B037967B06B6409E932F8292923932FE0A9DBDECA57A584707359A54281B58C24C632A2E770D26A18871BD49F9C2A20E4D18E8DCF2EFCA43C021315896273A67C45A2D89195C47AD46DCC45A35DFF0009F28DB013682EFB9E9236A62A6E3E77922AB1DFED78CB02CA334B743222129608AFDAF847D6C2923DE1E50ED36B306296FDDBF8C03253EC1AF62C3CA6961A858485D14EF5223E9D3007183790256B8394257A95EDB8FC21002CFF0084F177CA986E8E9EB24A9AAD8DB7F90DE054FC8CCC013806F87AC5B81B8B8FEFACD3B75FD1E0BEBA1314BEFE16B1E8B7F9457D1B5C0FF22A8EB4DFD2545C53AEEAB5478B7D0CB34F4AD61BB13547E6689D307EC7C910C3BAFBC8C3AA91F38A6DC65C1A77123EF4FE27D449174EE21BEF21BAD8FD247B65F4306754516CBE6255148139CD67D3388E2D48F5543F3919D2754EFA748F445FA43B66B86333AA6180DC01F18D5DAB6E07C6689D20FC70F4CFE53F430FDA43FDBAF83308B666184662393BD6DE3FD258A4C38B5BACB498EA5F6A830FE1A9EAB2C2FEA0FBCE250F4471F0021B53C7045A2A3D6EF532B9C41BF2F94D26D198326EB8C65EE7A0C7E21BE9271A26891ECE36878874FA191DA97C0C18A8B7CF389379740DFDDAF876FF00B40F9C22DB9FC0D272A2A77C69C4E79CECDF5569705B78CCCC6EA8313EC1B49E82E7139FEDAF25A78A038CDDC36A6DBDE727A491F5354EE2D0DB128E0E76B62C72BC750AA0E604DA7D4F6E0DF0909D00EA764302797189C1E078205C5587190AE2549DC3CA5BA9A25C02495B0DE6E32BEEBF295FF633A9BDC1EEB891D2C18ADB3DC3A7F49076B6DC4F999769E058F000C86B68F7E5E512D484D158D63C18FCE4D8562779F8090F66EA42EC9B9CB75EF265C0D61BE9541D5187D23DC92F62D2C98B74F2881BB94F98FACAED4DB77C38C4DA61CE0AE9FD160B0D4AFF00657CCFA4256DABF18496F4C8E0F5DFD53BE4552985C89CF96F32E282F71B871237F49A187C3AA0B2281DFC6FCF9CAAEEBE15B714B2D1B6144A4B267D1D1B902E48EEB67E732758749D0C3114C296A86DD05F75EDBFA4EB5579CE5B5CF572A620A55A1B3DA2E441CB68037163CC67D6FDD30D1D5CA772DD96132DB6AD30FE0BC9CD6271B88A8B7A6C1474B797FECC6C3D6A68C45605DCE76BD875B019CDD3876175AE4D36DFB07D9EE3BF78EF995A4B1F834B16BBB0DDB27E667A1515E8E5372E19352C480C7629D95B300DC0DA1BAE7EB31AA6BAAA314AB84D8606C46D127E91DFE20DB2156C8A7777F8FACA58CC450A9615543119662C47777748E71521C7C7265E97D2E3135D6AA21444005B7F1B9BF59E95FA26C3AE26ECD62A805D7E42C6710D4F0A54282CA2D6B036DFBF7C7E17490A151CD1AAEBB5607DA2B7502C05C70DD2B941E9C226A4B27B5E9EC5E2693ECE0309457F154A97CF9055A63E24F87194134F6971BF07867FE16AC9F30670F8FD75EDA922520D87A94CDD6A2BF680F30E8546D29E57860FF489443F67A430549BFE6A282C47E22991F26F098ECA2C5E5BCFE917C6713D169E92C6565B62345A95396588563E0AF4D6DE730DB53454B90B569F257552478A3106741AB38AC06CF6D84AB4B65C588ED0A8CB9A3136226D8C5A13ECB03D194FC8CCD2CAE3C162C7B3CDB11A92501256E3891127AA6C92377084B55AD2F288E9479FE8DD2EA5D96E333753C0C6E3B595AE551762C6C59FDEEE2ABB88EFBCF2AC4E35997B30DB2EA6E86F6BF1DFCE6C50AE594122C48CC723C665B6BDBB1CA4B25F196B8249E0ED703AC0D4F36A85F9820117EE3CA4D8AFD2361E8DBB416E42F7267038BC405476398009B74E139ED09A3CD6BD572ACEC4850C6CA6DBCF4B9B01DC63AA8EE25A9F8FC7814E7B6B0BC9EB4DFA4AD1D8B5ECAAD20C0EE15065E07819CB69ED1984B87C187A0F9DFDB3514F759B709CFE2F45AB855D9A7B2458B8B060DB8580DE2FE71757F145A8AED6F5BA9FCA729A2F8D94473093C15D7A6C7868968609CB28ABD93A03ED586C3DB8D88DD3A43FAA91B268DC77BB1F2E5324551CC45ED873131CBABBA5ECB95105E8D0186C08FBAAFF003D4F588D85C09249C2ADFF008EA7ACA1DB0E6221ACBCC48F7173FECC7B30F86AA50C00FBA27F33FAC95F0FA39859B074CF8B5C74CE64ECE41AC6C771E07A188645DF77D63DB87C255D58D1EC73A640EE73F29B1A2B53F452BAB957254836DAC8DB9CE2F4AE96757ECA8DB6ED7663B9477CCE715C916C55D88B819806FBAC48B4D9557D44E3AB38289CAB8BC60FA4D359A8D80B58427CF9ABBA72AB3351AA4DC6E3B8E46C41892AB6EBAB969932518424B28D0D3DABF54DFD80473513997C2574DCC479CF662257AF8347F7954F513B2D29728C8935C1E3588AF882A55B307232CE84D2229A8571B2CB7D87209036BDE06DBB3CE7A557D5EA2DF66DD0CAC755697E26F87A42318C78F00F53E4E231BA5C6CA5AD52AA5C2B282145F8DF8F494745E945A481191C9B93716E3D67798BD535B5D0E7C41E3E3C24186D5747076B69187020107A191B2B8D8B121C25283F073034F52E2950780F5920D3B43F787E5F49D2B6A6AF071FCBFD642FA97C997C4113376557FA5DBF618074C503F6FCD5BD2435F1B49865517E337CEA51FDCF8CAB57529F8283E305D1C170D877332A683D36B483537752BC33CAC778FEF9C9F13A62883ECB820EECF31DC6415353EA0FF4CFC255ABAAEE3FD36F23F48A5D1424F3912EA1AF443A11BB5A988C833395201DC5768DFAD8153E135B114999AA530DD995B1BDAE0DEF90E16F498BFB05D4820B291B8D8832E3E1313506CBD5765E56CBC6D37456160CEDE5861543621AB2916B9033B6D0B004F988B2EE0740D4CAC8DE5610954E8AE6F3244D5925C1E97B479436BBA47E10CF91960C92E794698DB1E5109EE8807831766447A436A0038F48DBF7453D20BD2201224976E2DE18022B88ED9114C4B086003B389D94520738D2A39C621C05A119B222400B578B7108490C5DAEF89B42108804CB942C39421000B08448440161161080820408420030A77463528420046D44C210801FFFD9,'Min Lin Diecast','Exact replica. Wood and Metal. Many extras including rigging, long boats, pilot house, anchors, etc. Comes with three masts, all square-rigged.',4259,51.61,86.02),('S18_3136','2002 Chevy Corvette','Vintage Cars',NULL,'Gearbox Collectibles','fdsdsffds',5654,62.11,104.72),('S18_3140','1903 Ford Model A','Vintage Cars',NULL,'Unimax Art Galleries','Features opening trunk,  working steering system',3913,68.3,136.59),('S18_3232','1992 Ferrari 360 Spider red','Classic Cars',0xFFD8FFE000104A46494600010100000100010000FFDB0084000906071212121510111216161215161515181717121718181613171917161B17181A181F29201D1A261B1715213121252D2C2E2E2E171F3338332F37282D2E2B010A0A0A0E0D0E1B10101B2B2620262B2D2F2D2B2E322D2D2B302B2D2D2D2D2B2D2D2B2D2D2B2D2D2B352D2D2E2F2F2D2D2D2D2F2B2D2B2D2D2D2D2D2D2D2D2D37FFC00011080078007803012200021101031101FFC4001C0000010403010000000000000000000000000105060702030408FFC4004610000103020303080509030D01000000000100020304110512210631610713224151718191143292B1D1233342527293A1C1F053628215172443445573A2A3B2B3D2F108FFC400190101000301010000000000000000000000000203040501FFC4002A11000202010302040603000000000000000001020311041221053113415161153281A1C1D1222391FFDA000C03010002110311003F00BC5084200421080108484A0150912A0042442004A92E808012A44201508420112A44A8010912A004850520DFE1FAF720150B9B10AD642C74B2BC32360BB9C7700AADC4795C749288686204B890D73CEA6DA93946E00026E4F6F6213856E7D8B6D25D79E6AB947AF79D6A4B383581B6F305719DAEAD7EBE9729EE93E0A129B8F74CE853D31DBC46C8E7D327A492DD79A0ED3D60FED537DEBBE2B26ED7570DD5537B4E55ABE2FB2344BA1D91EF389E9542F3A41B798837754BFC5A0FE49CA9F954AE67ACF8DC3F7A3B7E21495A994CFA45D1ECD3FA97CA154787F2C2F3A4B4EC3C592907D920FBD0A7BD199E82F5E5F745B9745D5155DB4D8B472737CE3AEEF56C410E077107CFC92CDCA362718B38B01072906317078F91F25176C53C32F8749BE69358E7DCBD12AA17F9D0C43EB47EC243CA8621F5D9EC051F1E04FE0BA9F45FE97D15CF5150D635F23CD9AC1727B00172A8D3CA6D7FED07B2D5AE6E516B5CD2D32021C0870CA2C41D3DCA4AD87A8F82EA7D1133DA763716AD868B9E68A28C19A40D906699C080D02C6F6B9363C09EC23BF0FC2B0D64B342C8E9DAD21AD68B36E435A5AF009E2483AEF0A929B9B75FA0DD6D7BB41BD85B7F72E8654F447CA49986962496B5BD59779EDB82BC95F1489AE897E70C74E5528A182A5A21C963166764B069712ED743A69EF596D7E051D24EC8583A4D8232F3D66475CB89E1A1F25C5162EF150CAA7B5B23D96B676E8728B5DC06F3FAEA5B71BC6A592615243237903206B46560B58103B46A7C15AF571941422794F47BA8BBC5B3185CF06EC4365E7F4365744C0E04DDEC02F921B584845C5C137D3B2CBA2A7933926A3F4CA79BE532B8987268ECA48E83C1F5B4DD6D6FD49BEBB69EB248F9A642C6011B63CCD94905A34CD671D09035B2778794EA8A30299948C918C1A3B3B8137B9D6C08EB5EA515130DD3D459372792BCA59C87B6C4E53BC7E7DEA6DB3BB1B3E205ED8A7644C8ED9A4CA5C752E0D0D6DFAF2B8EF1B828751D2B9D20206E049F7A75C1F6AAAE80B9F48474EC1E1CCCC0DBD53C3E96BC5572C6FC1B2B76AD23CE724EC722F2FF007903DF4848FF009509929F963C4773A285DA1FA0F1EE2955BB51CEF12DF563B6D7E16F7C62A5AE01B132C5B7B1D5D736F6B770E0A0F1553D8330008B8DE379F0520DB3DA580D3E580B848E73C386620EF02FA6F69D4F9AAED952E27A4490A9BB1396E89D7D26A25557E159DFF04A23AB7B9B9B3306B6B1201FC527A43BEB33DB1F14D0355B216B45F3479F4D2CECB6E37B159B28EA3535CAEC3A098F6B7EF07C56065FB1F783E29BC4917EC4FDE0FF00AADD4CC63CFCCD9BDA5DBFAAC2C37A96115C6C9B78FDFECED6B9DF55B6ED06FEE4F385ECED5D4DCC5092069EA8B03D973A5F85F44F7B158634B24AAA82453B32DF5B6770B90C0780D4F781DB6CEB369EB6A1D929A10D840018D1D1077F45AD034D02282EECA751D49D6F6558CF9B632E27B39554CDCF3C395A35CEE682DF173090D1C4A8AD54A7392F60BEEB6670D7B6E095666CAED7482530CA0822C1EC3AF44F5DBAC5930F2A1B3EDA3A86F3432C5302F637A9B6203983802E691C1D6EA0BD7158E0CD46BA7659B6CFA3442FD30B5C081D1DC46727C750B315807D1FF50FC16A2E5966506F2741269BE5F27553D4179CAD61738EE1CE1F3F57DEB63A924612046011BC7A437C2FE49BDC2FD575ADB15EC7BFBAD75245539493E0E9188D8EADFF0039F8210D67003C10996477FB9AE5A374BBB400EA4EEFFDD0F92DF4D84346E05C7B6C9CA6B03947569DDC176D1628E8E37C4CB659058DAD99DC2E770E2BCC3F972741D55AFED71CBF719DD1DB449CD3B7D8F925A8AE25DCD52339C7D85DCC06C38663BFBF40B09B02C45C3310070B85EAD3333DDD6AB83C2FB01675109616069B8DFDF61AF6E853254CB3C0FCB333C08B5FB884E7495F76F44DC761B5C23A9C79235F53AEFE3CC9EE2F8AC26869292278BDEF3744800B8E624FEE936D7774429D415F1D144C81B1383A4883DCE6B85C4874B5F85BDCA9BA7C69EDB020380DC6DA8EE4F549893E51764C45AFD1738E84EA6CE1A804F056427CE4E5EA740F198B27541446A6BE09A46D8B639736A49706F361A5C6D6BDDC77EBAAE3E5D4B44746DFA579ADF6436307F12C5DFC95514FCE4D53391AB5B1B6DEA8172ED2FD8379EBCDC1577CAD6D432AAB436375E284736D3D4E37BB88E0481EC8536B39660A538D893F2229745D60241DA8E7476ACF83BAEC3682963DCB9DD38EDE0835407829A819E7721CB0F7FCA070FA163E285C94AE396F7F5B53C50AB72E4E9D1541C1391D53540B068F1E2930BA07D5486269B46DF9C70FF68F25AB1F8A6A7C9CEC4E8DF23733330B1CA0DAF63A8D5486863F44C3839B6E72401D726DABB76BDC479057555BF9A4733A96BF2BC3AD9B24C55B4FFD1A8E204B74711B9BDFDA7E2170BF1FAA65DEFCAE60DE58EDDBEE7DDE69EF6370589CD3354E6304458D2D049324AFE96A77D8345CF59D3B54AB169A0702C8E26730E01A41858DCA0DC7448E966DD6D55D8DCB27073822D4CC66210F35200E7104B5C06BA7581D47DEABC66193C12C8C744F22276491C18ECADBEECC40B36E05F5577725DB1F2D3C923EA034E577432BB3076601D7F223CD48B65E30712C508D58451B7F883662E1E4E6AF13CAC327193849491E7B056C8CD8E66920F684FB5DB1F56D9E4863A699C18F734111B882DB9CA43AD6D45BAD3950F26788BF5E6727F892347B8959F633BCB5504B963251E2F331AF631EE6B64696B8B1D96E08ECEFD1479B81CEE3A36CDFAC777EBC15BB45C90D4685F531B3AFA2C7487CAED0A4745C9740D0049512BEDD4D0D60FC013F8ABEBCAEE60D5DB558BF8BE4A386CE76CC7C196F794BFC85037D695E7F89A3F25E88A5D81C3D9FD407FDB739DEF29F28F0A822F9A86367D96341F3015B95E48C3BFDD9E70A1D8FE73E6A9A778EDCAEB1FE2B00A4187726B5675146C6F191CDBFE6AFB45979B99E6E5E879A36DE91F874CC827898E73D99C16121B6B916DDDA10AE3E537615B8A451E5788E784B8C6F22ED21D6CCC701AD8D86BD442147647CCB96AED5C26427FF00A130873DD4D53F4432589DA6E20B5ED1E20BFD94ED26010CD454B2323E72231333B01D482C00904F5875C8EE53DDA8C063AEA67D349A070E8BAD72D78F55D6E1F15556C8ED14983CA70BC51B962B9314BBD9949D75EB6FBB710A5DD60CC7553ECC54434CE645209A2CC1D99A32BB331A7A56BDC9B68776ED2CB3969DB4673553C3E4172D85AE05D9ADD12E36B65D47EB4564D31A69D9998E648C3C43B43C7B930623061187FCBCDCCB08D402EB927F75973AAAE299EE470C2EAFD1A87D26ADC010D74AF360002EBBAC075750B2C793FA09194EEA899B967AB91D50F69DECCE00630F16B0307826FA6A19F14919515519868A3707C54EE1D399C356C930FA2D1BC33CD4D80524B078C2C94A542F4088B25420112A1080108420042108045C58AE11054B39AA8899233B1ED07CBB10840441FC90E1772E6472C77DF9277B41E16BEE4ED80EC0E1D46E12414CDE706E7BC97BC1ED0E75EC52A101240D59210801084200421080442108054210801084203FFFD9,'Unimax Art Galleries','his replica features opening doors, superb detail and craftsmanship, working steering system, opening forward compartment, opening rear trunk with removable spare, 4 wheel independent spring suspension as well as factory baked enamel finish.',8347,77.9,169.34),('S18_3233','1985 Toyota Supra','Classic Cars',NULL,'Highway 66 Mini Classics','This model features soft rubber tires, working steering, rubber mud guards, authentic Ford logos, detailed undercarriage, opening doors and hood, removable split rear gate, full size spare mounted in bed, detailed interior with opening glove box',7733,57.01,107.57),('S18_3259','Collectable Wooden Train','Trains',0xFFD8FFE000104A46494600010100000100010000FFDB00840009060711120F15101013151615121515111516151517171515171617161719151715181D2B20181B25201616223122282A2B2E3330171F3344352C372C2D2E2B010A0A0A0D0D0D1510101B2B1D1D1D2B2D2D2D322B2B2D2B2D2D2B2D2D2D2D2D2B2D2D2B372D2D2F2B3737372B2D2D2D2B2D2D2B2B2B2B2B2D2D2D2D2B372D3737FFC00011080078007803012200021101031101FFC4001C0000000701010000000000000000000000000203040506070108FFC4003B10000201020404050106040407000000000102030011040512210631415113226171819107324252A1B12362C1D1141692F0153334437293A2FFC40017010101010100000000000000000000000000010203FFC4001B11010101010003010000000000000000000001021103213112FFDA000C03010002110311003F003B60A907C15584C1493C15D5956E4C1D377C25591F0F4DA4C3D056DF0F483C753D2E1E99CB0D4E08775A49AA4658A9B3C7514D49A25E9778E93F0EA2880D28A6B81294094001AE835D0946F0E80B7AE51FC3A141A914A4DD2974954B15BD88A473D8E58B0ED2C2BE2B28FBABB91EB6E66D5AFD21ACD614A6132C925DE30ADECCA7F6359271AE60CD2E1D71059C08FC5651F99F71B7A0A6596E730C2E24816589C11664DB7EDB1DC7A1A9D4B78DB25E16C4FE4FD4540E65964B11B491BAFAE8623FD405AAC399675897F0DA3C49895A2492C003BB6FDBDA9BC398625859B1C5BDD17FA56F32DF6C6B727A54258F6BF4E57F5EDEFE94D648AAED362B1601F3ABA1D8F89102A47637BDC52587CA8B79D61C3EC77D3A941F717D36F8AB73126D46923A4FC3A96E35C42619D4BE15A35704EA8E4F113CA45EEA5411CC7534CE3018061B822E2B957594D8474A2C54E0474B24545355868E21A7AB0D2A21A08E1050A92F068504A67199478625E5242960058163763B0006E6A560CC9E342E9E636F2DEF63E9B771507F68904630E9233001255BDF71B82A2FE8091F15038AC59932D8DA2674F07131C6C031BE9120401ADE841A96094E28E098716E71114AF04CDCCEEC87DC5EEBF07E0D530704E6093AACD7316F799009428DF7B12BEFB91FD2B53505400D73EBFDC52A26D8EE6C7636245FD2E2B3D5E4A8A6BC706190B2C8190465D775240D2A476FB8691C232EADD907C816FAD5C72AC56191046D0A691CB6BDBE0FBD4C479660E45BA418771D8C497FDABA67C9C8E5AF176F59D6778B78E3D4AC4C66C091B81CBA8DAA4387F305B102E14DB4DF73F36AB9CB9261882A91471311CD23456FDAC7DAA0715C28F71E68A641B989E3080FEB7FD456E6A58E7AC59555FB469237812ECBA964B58917B329BEDF4AA370CE28AB9C2B6F624C5D6E07E1F8DAAD1C43C3F1348D02EB49363E1121758FE42C02C96E561E94C978732D0C8BAF1384955832962B60C3AA9D837C13D37A6B1AFAB8D665E74E105E9CC6952A786DDEED0CE9311BB5C687B9EACB7363EF4C67C24B11FE2232FA91B7D79573777523A5963A4E2929D230A0208A853A514282338E72A658CCB73A54DD81375B7722B3AC833C8639648A4FF95232957E614AED765EAA6C3D45ABD178CC20616ACD78AFECEA0901785423EE7CA2C09F5156A263019D23D965B2B1034906F1B8EEAD4F3130581236BEDF5AC560C6E272E7304A9AE3BDCC6DCBDD0FE13EB57DC8788B5C7AA0632C7B6A43B4B16E39F71EBCAB3F45A1AE3FDFF4A521C5BA1BA920F7068926363F09A526CA8A5DAFCC002FCAB3DC3F1A4ED26B789044DE65557FE304DFCFA7F1FB7D2A58BD6C997F149FBB30B8EE39FD3AD58629A39575210C3F6F4EE2B2EC3CA24412210410082391BEFB52F81CCCC3207D5A6DCFA0B75BFA73A9D55F71F96C73298E455753F81C03F23FBF4AAA675C28FA4885EEA79C738D6A7FF190EE3E6FF14FA6E3BC26A4462D793EE8B73EA0DF98A3A718E1EFA4B953FCC2DFAF423FAD6F3E4B8BEAB1BF1E773DC6338C8F1D836F0A777887FDB644BE9DF9C46F6B7750C39D59326E35C6469FC4098D8C0F3347E59547768C8DFE96F5157FC666583922F0B10D14808DF5141ABD6D7D8EF59C7116519640EB245348818928629033230B6DD48F422D5DB171BFBF5C37378F97D2D995E639663C7F088573F84791FF00D3C9BE2979F86A41BC4E1C763E56FA5EC7EB59AE2E2C2E2415F16D88505E394A08BC42BBE8937B163D1C58FBD3DE04FB459048B86C5B1646164958F99081B0627661EA7F5AC6F1CEF2BAF8FC974B6488F19D2EA54F622C6854DFF98B0ED095791270A092174B35BBE953B7B8A15CFF004EBC5ADD699CF0034FCD26E2AA28FC51C2F16250AB8DFA1EA2B16CE723C565D309119858F9645DBEB5E969A3BD406719524AA55D4107A1A7D18F47C56B8BC3BC13FF000E56006A41E5916E35023F09B5FD0D3DCC3326C3E08088AEA919435AC4016B93EF7B8BF301140B534E23E0D6C34C258B78EFB8FCA0EC4FEB50EE1E300EDA651A0DC6CB7DC5FE79D2255C38133550B2467655D2E83F95F70A3E75003DAA57159B61A4D519601D411A5F6DF6D8DF972B6F59FE5198AC18D0B381A5E358A404794120117F4DC55F31794ACA8A5583A8FBAAE03151B79436A06DCB6D406D5868C7078C572158F868A412ACEA50693E5F0C0E47BD1D3151873E743F7883A8589DED44192E1A404241392BF7B44987600FB1DC7D69962F8661DEF0E22303F13C71C83E12320FFF005539D5EABCD97E20EE509BEE4EB8CDCFB86E7FDE9A38209B817EDA97FBFF00BBD59DB8223E5A9874FF00A37E7FFBAA01F27C02B32B62A5254952170CC2C41B117D6DFB56E466A2F1DAAE2EB65B796E458F7237EF5CC36164914E8D36BD892C07C5AF7EB4EB1F974018E99411C80F0E45DBD4DAC4F2A9ACB32793FC378C6658A25E4CD180580EA3CD723A72A9438E18C30C3AB095914CC3C3663AAD1A03B1040F312493D390F5A1560C8B844CF221C42CACAEBA9F55A350BCD790BB13DAF429C56D57AE31A206A17AD20AE299CC97A7A69271415ACDF2D591194F504563D9A629F0327853C64B2EBF0FCAA51C35AECB213E5E971626FDAB7A9A3A83CE3298E74292A0653D08FD683CD93CA5D8BB736258FB9DEA5326E23C461B68DAEBF95B75F8ED576CEFECE956ED0936FCA7A7CD53B1B904919B1153824F28E355C306F0B0A353905D8CAC5988EE4827A9FAD482FDA4124B3C3BADB400FE507A9375E7DAAA6B95B76A39CA1BB567917B53F997DA24D244638E3119616D7AF5103D3CA2C7D6ABD1E36210F85E192DD5CDBBEE075171B51D7296ED4BC7951ED567A4BECBE1F3D04AAB42BA6E35150AAC46FB0D8D86FF00A569580FF86E31A290A9D50D8AA163A6E395D391B567B87C949E953383C95C1BADC1AA36687140F2342A9592CD326CDBD0A0D243576F4886A306AA14BD70D16F42F409BAD36962A7868845411726141A8AC76468FF00780AB295A4DA3AA289270A203B0A2FF9697B55E5A01499C30ED5053178696964E1C4ED56DFF0F5D586A8AE4191A2F4A7D165ABDAA68414710D046C78115CA961150A001A8E0D72850775D77550A141DD55CBD0A141C35CA142805A869A142839E1D74250A1501C2D1C0A142A0305A1428551FFD9,'Carousel DieCast Legends','Hand crafted wooden toy train set is in about 1:18 scale, 25 inches in total length including 2 additional carts, of actual vintage train. This antique style wooden toy train model set is all hand-assembled with 100% wood.',6450,67.56,100.84),('S18_3278','1969 Dodge Super Bee','Classic Cars',NULL,'Min Lin Diecast','This replica features opening doors, superb detail and craftsmanship, working steering system, opening forward compartment, opening rear trunk with removable spare, 4 wheel independent spring suspension as well as factory baked enamel finish.',1917,49.05,80.41),('S18_3320','1917 Maxwell Touring Car','Vintage Cars',0xFFD8FFE000104A46494600010100000100010000FFDB0084000906071212121510111216161215161515181717121718181613171917161B17181A181F29201D1A261B1715213121252D2C2E2E2E171F3338332F37282D2E2B010A0A0A0E0D0E1B10101B2B2620262B2D2F2D2B2E322D2D2B302B2D2D2D2D2B2D2D2B2D2D2B2D2D2B352D2D2E2F2F2D2D2D2D2F2B2D2B2D2D2D2D2D2D2D2D2D37FFC00011080078007803012200021101031101FFC4001C0000010403010000000000000000000000000105060702030408FFC4004610000103020303080509030D01000000000100020304110512210631610713224151718191143292B1D1233342527293A1C1F053628215172443445573A2A3B2B3D2F108FFC400190101000301010000000000000000000000000203040501FFC4002A11000202010302040603000000000000000001020311041221053113415161153281A1C1D1222391FFDA000C03010002110311003F00BC5084200421080108484A0150912A0042442004A92E808012A44201508420112A44A8010912A004850520DFE1FAF720150B9B10AD642C74B2BC32360BB9C7700AADC4795C749288686204B890D73CEA6DA93946E00026E4F6F6213856E7D8B6D25D79E6AB947AF79D6A4B383581B6F305719DAEAD7EBE9729EE93E0A129B8F74CE853D31DBC46C8E7D327A492DD79A0ED3D60FED537DEBBE2B26ED7570DD5537B4E55ABE2FB2344BA1D91EF389E9542F3A41B798837754BFC5A0FE49CA9F954AE67ACF8DC3F7A3B7E21495A994CFA45D1ECD3FA97CA154787F2C2F3A4B4EC3C592907D920FBD0A7BD199E82F5E5F745B9745D5155DB4D8B472737CE3AEEF56C410E077107CFC92CDCA362718B38B01072906317078F91F25176C53C32F8749BE69358E7DCBD12AA17F9D0C43EB47EC243CA8621F5D9EC051F1E04FE0BA9F45FE97D15CF5150D635F23CD9AC1727B00172A8D3CA6D7FED07B2D5AE6E516B5CD2D32021C0870CA2C41D3DCA4AD87A8F82EA7D1133DA763716AD868B9E68A28C19A40D906699C080D02C6F6B9363C09EC23BF0FC2B0D64B342C8E9DAD21AD68B36E435A5AF009E2483AEF0A929B9B75FA0DD6D7BB41BD85B7F72E8654F447CA49986962496B5BD59779EDB82BC95F1489AE897E70C74E5528A182A5A21C963166764B069712ED743A69EF596D7E051D24EC8583A4D8232F3D66475CB89E1A1F25C5162EF150CAA7B5B23D96B676E8728B5DC06F3FAEA5B71BC6A592615243237903206B46560B58103B46A7C15AF571941422794F47BA8BBC5B3185CF06EC4365E7F4365744C0E04DDEC02F921B584845C5C137D3B2CBA2A7933926A3F4CA79BE532B8987268ECA48E83C1F5B4DD6D6FD49BEBB69EB248F9A642C6011B63CCD94905A34CD671D09035B2778794EA8A30299948C918C1A3B3B8137B9D6C08EB5EA515130DD3D459372792BCA59C87B6C4E53BC7E7DEA6DB3BB1B3E205ED8A7644C8ED9A4CA5C752E0D0D6DFAF2B8EF1B828751D2B9D20206E049F7A75C1F6AAAE80B9F48474EC1E1CCCC0DBD53C3E96BC5572C6FC1B2B76AD23CE724EC722F2FF007903DF4848FF009509929F963C4773A285DA1FA0F1EE2955BB51CEF12DF563B6D7E16F7C62A5AE01B132C5B7B1D5D736F6B770E0A0F1553D8330008B8DE379F0520DB3DA580D3E580B848E73C386620EF02FA6F69D4F9AAED952E27A4490A9BB1396E89D7D26A25557E159DFF04A23AB7B9B9B3306B6B1201FC527A43BEB33DB1F14D0355B216B45F3479F4D2CECB6E37B159B28EA3535CAEC3A098F6B7EF07C56065FB1F783E29BC4917EC4FDE0FF00AADD4CC63CFCCD9BDA5DBFAAC2C37A96115C6C9B78FDFECED6B9DF55B6ED06FEE4F385ECED5D4DCC5092069EA8B03D973A5F85F44F7B158634B24AAA82453B32DF5B6770B90C0780D4F781DB6CEB369EB6A1D929A10D840018D1D1077F45AD034D02282EECA751D49D6F6558CF9B632E27B39554CDCF3C395A35CEE682DF173090D1C4A8AD54A7392F60BEEB6670D7B6E095666CAED7482530CA0822C1EC3AF44F5DBAC5930F2A1B3EDA3A86F3432C5302F637A9B6203983802E691C1D6EA0BD7158E0CD46BA7659B6CFA3442FD30B5C081D1DC46727C750B315807D1FF50FC16A2E5966506F2741269BE5F27553D4179CAD61738EE1CE1F3F57DEB63A924612046011BC7A437C2FE49BDC2FD575ADB15EC7BFBAD75245539493E0E9188D8EADFF0039F8210D67003C10996477FB9AE5A374BBB400EA4EEFFDD0F92DF4D84346E05C7B6C9CA6B03947569DDC176D1628E8E37C4CB659058DAD99DC2E770E2BCC3F972741D55AFED71CBF719DD1DB449CD3B7D8F925A8AE25DCD52339C7D85DCC06C38663BFBF40B09B02C45C3310070B85EAD3333DDD6AB83C2FB01675109616069B8DFDF61AF6E853254CB3C0FCB333C08B5FB884E7495F76F44DC761B5C23A9C79235F53AEFE3CC9EE2F8AC26869292278BDEF3744800B8E624FEE936D7774429D415F1D144C81B1383A4883DCE6B85C4874B5F85BDCA9BA7C69EDB020380DC6DA8EE4F549893E51764C45AFD1738E84EA6CE1A804F056427CE4E5EA740F198B27541446A6BE09A46D8B639736A49706F361A5C6D6BDDC77EBAAE3E5D4B44746DFA579ADF6436307F12C5DFC95514FCE4D53391AB5B1B6DEA8172ED2FD8379EBCDC1577CAD6D432AAB436375E284736D3D4E37BB88E0481EC8536B39660A538D893F2229745D60241DA8E7476ACF83BAEC3682963DCB9DD38EDE0835407829A819E7721CB0F7FCA070FA163E285C94AE396F7F5B53C50AB72E4E9D1541C1391D53540B068F1E2930BA07D5486269B46DF9C70FF68F25AB1F8A6A7C9CEC4E8DF23733330B1CA0DAF63A8D5486863F44C3839B6E72401D726DABB76BDC479057555BF9A4733A96BF2BC3AD9B24C55B4FFD1A8E204B74711B9BDFDA7E2170BF1FAA65DEFCAE60DE58EDDBEE7DDE69EF6370589CD3354E6304458D2D049324AFE96A77D8345CF59D3B54AB169A0702C8E26730E01A41858DCA0DC7448E966DD6D55D8DCB27073822D4CC66210F35200E7104B5C06BA7581D47DEABC66193C12C8C744F22276491C18ECADBEECC40B36E05F5577725DB1F2D3C923EA034E577432BB3076601D7F223CD48B65E30712C508D58451B7F883662E1E4E6AF13CAC327193849491E7B056C8CD8E66920F684FB5DB1F56D9E4863A699C18F734111B882DB9CA43AD6D45BAD3950F26788BF5E6727F892347B8959F633BCB5504B963251E2F331AF631EE6B64696B8B1D96E08ECEFD1479B81CEE3A36CDFAC777EBC15BB45C90D4685F531B3AFA2C7487CAED0A4745C9740D0049512BEDD4D0D60FC013F8ABEBCAEE60D5DB558BF8BE4A386CE76CC7C196F794BFC85037D695E7F89A3F25E88A5D81C3D9FD407FDB739DEF29F28F0A822F9A86367D96341F3015B95E48C3BFDD9E70A1D8FE73E6A9A778EDCAEB1FE2B00A4187726B5675146C6F191CDBFE6AFB45979B99E6E5E879A36DE91F874CC827898E73D99C16121B6B916DDDA10AE3E537615B8A451E5788E784B8C6F22ED21D6CCC701AD8D86BD442147647CCB96AED5C26427FF00A130873DD4D53F4432589DA6E20B5ED1E20BFD94ED26010CD454B2323E72231333B01D482C00904F5875C8EE53DDA8C063AEA67D349A070E8BAD72D78F55D6E1F15556C8ED14983CA70BC51B962B9314BBD9949D75EB6FBB710A5DD60CC7553ECC54434CE645209A2CC1D99A32BB331A7A56BDC9B68776ED2CB3969DB4673553C3E4172D85AE05D9ADD12E36B65D47EB4564D31A69D9998E648C3C43B43C7B930623061187FCBCDCCB08D402EB927F75973AAAE299EE470C2EAFD1A87D26ADC010D74AF360002EBBAC075750B2C793FA09194EEA899B967AB91D50F69DECCE00630F16B0307826FA6A19F14919515519868A3707C54EE1D399C356C930FA2D1BC33CD4D80524B078C2C94A542F4088B25420112A1080108420042108045C58AE11054B39AA8899233B1ED07CBB10840441FC90E1772E6472C77DF9277B41E16BEE4ED80EC0E1D46E12414CDE706E7BC97BC1ED0E75EC52A101240D59210801084200421080442108054210801084203FFFD9,'Exoto Designs','Features Gold Trim, Full Size Spare Tire, Chrome Trim, Chrome Grille, Opening Hood, Opening Doors, Opening Trunk, Detailed Engine, Working Steering System',7913,57.54,99.21),('S18_3482','1976 Ford Gran Torino','Classic Cars',0xFFD8FFE000104A46494600010100000100010000FFDB0084000906071213121513131315161517161F181817171817181A181D1D151D20171B181D181C28201B1A251E1820213221252D2B2E2E2E181F3538332C37282D2E2B010A0A0A0E0D0E1A10101B2F1F20212D2D2E2D2B2D2F2B2D2D2D2D2D2D2D2D2D2D2B2B2D2D2D2D2D2D2D2D2D2D2D2D2D2D2D2D2D2D2D2B2D2D2D2D2D2D2B2D2D2DFFC00011080078007803012200021101031101FFC4001C0000010501010100000000000000000000070003040506020108FFC4003D1000020102040403060403070501000000010211000304122131050622415161711332428191A12352B1F007C1D1151633627282C217248392D214FFC400190100030101010000000000000000000000000102030405FFC40024110002020104020105000000000000000000010211031213213141510422617191B1FFDA000C03010002110311003F002A5C68DDD3E6456679978C5CC3A3B41B969962560E42478AEC3D7CBD2B15C739E6FDDB6D6CA61CADC95582D3ADD214833A1C9D53542FCF77D2DA5B3D086DB2F4485331B1EE4483D27B8DBBE4D95B8FD967FC3CE644C35BBA3ABADFA554663217424CCC7A0F0D7C77985E278A07ACA676596566540809D2227F6283BC9FC796C31B6CCEAACD9835B0B9B3010A08631977F3D74AD1E3F9AAE5D5CB72CDA807DE1981DB69066B29BA2775AF26CEEF3F956652AB236DE0C79C543C7F3226200FC74B0EDD2492DD23C7C286F89C7E7F1CDE0363EBE750DF1E5410448EFE550A73337924CBDE7FC3245A54C4DABABEF675D649DCC01D234DBCAB1788671F1888DC7DF4A9576E820050649D4F953A383DC166EDE11951954C9D65F341F2F76B58B05C8EE1ECE1D522F0B82E12B96326528504E6D6436F1DB515C590A40560324EB948CD1E460C1F95535962DB93E15D02477FAD3698346E784F184B568A0B6A5A32A9619F28D736E4413A0F95515977563AC08DFBC7EFF5AA75C49037A7AD633E750E2C9A65E5BC5364CA480358EFA13266A06372E9D0A378A86D8A24EF4D632E180493E54A30A6115C9C0007EC52A8AAA4C52ADA8D2823F31F2EF0C5B79ADF11B0658184420C1ED1ED0C9D67E1AA5E2789824259B58AB28A421EA26DA81A1194981A831B7A5673BEA41F0803C6A78E2170BC9601408858008EFA0D35A2E82C7B93F8635D67554B05C43A9BCC5018F854EDE7AF9558F17E0D7ED643790AB34C11AA477D41DC53D85E2E6D5B2118E5632C011A9EDE7E1B53F87C05DBC872292D1244806078C913584B2393E8872B2BF156EDA80074F668324EBDA74155D8C89393DD1A77F0DCC93BD69EF72BA805B1189B569B2839155EE3794851B100FAC54CFF00A7B6FF00FCC3102F5FBE93052C5840EBA4EBED2F4FDBE5571C72123036CC6B23FAD2B8DA7BD33BFF0029FAD5C5E6C12894B18B611F1DDB2BA78F45B314D87C376C3187E9EBBE5B2ED0445B107B4FAD569E4768AB2A840503E74A5622053F8A367315161948907FEE2482343BDAA56F058778EABE8675116EEED1B4143ACE9E869A87DC0866D277FDFF005A71401A0127F5A997B8236A0DC06220807B891A687503ED50DC043A34E9BCEFF2F0A4D7340346FEBEEC79C547B9767B54FC45E3F111E407EF7AADBAE6648EFB55451513941AEF14A9D054EB269536C6CDF9E40C76CC6C266FF3EFF6A71BF85F8C23DFB23FF73FA2D1195DC03725DE544DB68481F99206B3E064188D2ACB087076ADA8BB98DC8EA199C09F9902BA7622BC1CEB2360B309FC32C5A44DCB2DEB9FFF009DAAD0F28636C1B7754DB655BA0B12C40220AE49226583B0F2D2883FDA9815D16C93E927EF355AFC6ADBB949408621633158999624684998ED1DEA7639B5161B91F32463F8F70ABC2F2DFB250B5C402F2B900341852BDC9CC8DB7879D6CFF87987BD872C8FEE18CBD59A172E9DF42A41F5173CAA3FB7C33959619964024680133113FCFBD5DE131364280A81E3C5F5FBCD56CBEE991B8B55A68C9739FF000F5559AEDA11659BA915648132081DC06EC2A9787DFBF84C130381B1720820B2166656CD9B50342A40F934D14AF710982D6FEE08FBD467879E8DF4F753F993353B2EED14E5160539CF1B7316961CD84B6067D2DDAC8DA91EF41F0591E1277DEB3982C2E61AD9B87B4E5623E447791A57D06702748BAEBA47BBA7D108A8B8BE006E01370EF32C8FAFF2FB53781BED93B95E01C5DC2FB6C3282AC2E010A19482E9A12867E2CDAA9EC6477AC8E07873DDB8512D97210B1C9F906EC6761FD68E69C0A27F1AD6BBFE193E950F1FCBB9A7F12DB2B4E6441ECC31241259762646FEB43C0DAEF91C72D768090C23652429D0C76D3C3CA3D3CABBC4F09675190ACF9CFD0E9A1A249FE1D5B24FE35F5D67E16DF703328D3498F4A6F8D7204D9716C9560156DBB18040F78B0CC00076D41893596CE44691C89F4C11E2F08D6CC120F98334AB498EE5AC661ADE76B04851D4C007403CE274F335E5269AED1AA9A61479831F8957F669692E5B10D6DDB42A08F74F5093A4F8E95030D88C6C445B1AEA431075F03263D2A1FF007E6E66E9B491D97C3CA626A68E79910D8543FF009187EB5E8F11ED1E736E5D31BC5606EBBA9B8F227A8672749D02CEBB78F8D3EBC0F4956511A8EA8235D674A877F9B49F770CA3D5DDBF42052C3F3616D4DA48D8F5FD376ABDCF464F1F3CFF000D4D8C29CBAB2B18D4E9B9F0927BD32786163A103C408D7EF59A6E6572D0155167B1631EB94D4CC4716BCB005C259BC994FCCB44534FD0A493ED1A7B183B8823DADD1FE9207FCAA425924FF8970FA807F9D64938CE3418258FCC30F3D75069DFEDBBFF001AF69EC0C78D1A5BF40A715E19B416B439BE44823F514CAD8B80CAB2C7D3F4AA6E0BC6959D428F7A201682493E86AE39830D76C837D2F90546636F2C2B81EF00666636DF6AE79CF43A3AF1C7723A8924DCD20B9D758D540F2DEBAB78B798807D403FCB5AEB8692E7DA09EAD8EDF23FBED577EC167311A9DE89492E195083972991D00081A04CF611A4EB4D62AD26E26B9C763ECAF49BA808F87309FA6F541C66E25DCB171815D42E466569D8B291AC4687B542BECD1D74377389096C855C0DE21A3D7C295646D70E2D796E2B9BAD6CCA981E52564C83A00629574C1DAE52FD9C59554BE8936BF06216E0FCA0FAEBFAD386E83B8FD6AA8E260C3483E6229C4C40EC6B08E946D28C89ACEBF94D739C46DDF4F2A697115D0715B2662E2CE819AA9E23C72E5B392CBB246E5491AF945595DB800240D813F6AC6B19D6B1CF3E291D1F1B1DBB66D79738F710B4A310DED1EC0682EDD407ACEB1DA7CCD5EE3F8DDDB9219C9CDA98819BFD51B8F5A9DC7712D84187C22053685A1EDC112594886CBE04096F58ACDF2FE06E5D6B966466B2C51D8C85D090358313063D297C6C8AEA43F958DD5C4B6E098A64BA8C0EAA4309DA46DF2A315EE32D77206B25432E6EACACBB6B1E3BC41A1FF2DF2D7B662A618A9860AC0F6FB69444C2F0CBC105B25401B7EE49F38AACF18B9EA4C8F8D292838B448E1EA993206202AC97D0058EFAE9A47A6954F8FE398056CA05DC5B921401D6A59959AD8EA22DF565683B122ABB9871012E58C2E6608B7ED7B50C217109745D565D47505C99881A46BE99BE1385BAA30B6572305B7666EAB4ABFB0C4B5DB04409922415D7A5A646C706DB675C5251E4BF4E75B8F0B86E1D68039327B5BC00FC5B6CD60E544206636D9343A18D75D219E69C75C406D5AC080EA19064769CF60DDB7330066F677136D0A6DAD73C46CDBC3DEB16C5DEBB8D68274384FC1C51BC067889CB732C7809EF151F8470EC528B64DBC8AA96352564643882C0EBD96E05F57F5A92B818C6704C5631D0DCBF8589E9CB876556916CA1602E0995BCA7BC750F55537966D5E62B6CDCB716EDDA2CC1A3295B4A8C402BD43A46BA465EF35ED2B88D45BE90057BCE779AE05E61DE8AF8FE4953B7E959BC7F263AEC0FD2A148B713276F8838F3A95678A8EE229CC5702B8BDAABEE611876AD16468CDE38B2DD31AADA48D74FA8AA1B03AD41FCC27EB5E9B46B92944A7A821051E833F3BE180C55C667822D2E45CB39A00904F69D00D0F7ACC704E2F72DE32EDA0F97345C03B176B685FD6607AC51079B02DDB367103345FB39651737532A95903786551FEE3E06825CC173362EF107DD72A1877C9D208F5CB35091418178C621DC1716D8C41661123E409FA56AB0FC6AE802170A34D211FF00A0AF9EF0DCCF894D3366FF0056F53539DF103E15FBD3B61A507B3C76FC47B5B2A3FCB658FF00CC567F9B2F62AF5B5C9756E10C090A82D30D3420973235DB4A129E77C57F947D6B9FEF9E28F703EB4EC2827612DDCB88A6FA3B1439AD2B99CA4C0198CCE50649235200D2B8BB8FE2E44CAC983A5D6589524EF3B1007FBA8716F9B711DDCFC8C54EC3734AFC798FFB8D24E828D78C1636E2B9C5622E0681956D5D5656D75D59650C6DA30A5433E33C72E9B8DECEF38B6750276F114A8EC7D07D007852F62A7B57495DAC541441BFC26DB6EA0D5363793ED36C22B5A057405000BF1DC8BE02B3D8EE5071B03471CBE54DBE154EE28004F83E7BC5607027086CE620116AF4FF00860F888D48EC647DB51BA1AFA56FF04B4DBAD55DEE4DB07E05FA0A698A802A582758AEC614D1B8F2459FCB4BFB976BF2D3B150151833E15DAE05BC28D2393ED0D969E4E5641F08A760051786B78548B5C15CF6346BB7CB96C7C22A55AE0883B0FA52B1816B3CB0EDF0FDA951C938528A5458082D3E82BCA55233B0B5D814A95007596BD8A54A981EE5AF72D2A5400A952A5401EE5AF32D2A5408F62BD8A54A80152A54A803FFD9,'Gearbox Collectibles','Highly detailed 1976 Ford Gran Torino \"Starsky and Hutch\" diecast model. Very well constructed and painted in red and white patterns.',9127,73.49,146.99),('S18_3685','1948 Porsche Type 356 Roadster','Classic Cars',0xFFD8FFE000104A46494600010100000100010000FFDB0084000906071312121212121216151516171815161718181815151515151516161515171818202820181A261B151521312125292B2E2E2E181F3538332D37282D2E2B010A0A0A0E0D0E1B10101B2B1D201F2D2B2D2D2D2B2B2E2D2B2B2F2D2D2D2B352D2B2D2D2D2D2B362B2F2D2D2B2D372E2D2D2D2D372D2B2D2D2D2D2D2D2D2B2D2DFFC00011080078007803012200021101031101FFC4001C0000010501010100000000000000000000000102030405060708FFC4003E1000020102020705050408070000000000010200031104210506123141517113618191D12232A1B1C142445282071415627292E1F0163343546383F1FFC4001A010002030101000000000000000000000000010203040506FFC400251100020201030500020300000000000000000102031112133104142141517181224261FFDA000C03010002110311003F00F3BFD658E44C4A9966233B037967B06B6409E932F8292923932FE0A9DBDECA57A584707359A54281B58C24C632A2E770D26A18871BD49F9C2A20E4D18E8DCF2EFCA43C021315896273A67C45A2D89195C47AD46DCC45A35DFF0009F28DB013682EFB9E9236A62A6E3E77922AB1DFED78CB02CA334B743222129608AFDAF847D6C2923DE1E50ED36B306296FDDBF8C03253EC1AF62C3CA6961A858485D14EF5223E9D3007183790256B8394257A95EDB8FC21002CFF0084F177CA986E8E9EB24A9AAD8DB7F90DE054FC8CCC013806F87AC5B81B8B8FEFACD3B75FD1E0BEBA1314BEFE16B1E8B7F9457D1B5C0FF22A8EB4DFD2545C53AEEAB5478B7D0CB34F4AD61BB13547E6689D307EC7C910C3BAFBC8C3AA91F38A6DC65C1A77123EF4FE27D449174EE21BEF21BAD8FD247B65F4306754516CBE6255148139CD67D3388E2D48F5543F3919D2754EFA748F445FA43B66B86333AA6180DC01F18D5DAB6E07C6689D20FC70F4CFE53F430FDA43FDBAF83308B666184662393BD6DE3FD258A4C38B5BACB498EA5F6A830FE1A9EAB2C2FEA0FBCE250F4471F0021B53C7045A2A3D6EF532B9C41BF2F94D26D198326EB8C65EE7A0C7E21BE9271A26891ECE36878874FA191DA97C0C18A8B7CF389379740DFDDAF876FF00B40F9C22DB9FC0D272A2A77C69C4E79CECDF5569705B78CCCC6EA8313EC1B49E82E7139FEDAF25A78A038CDDC36A6DBDE727A491F5354EE2D0DB128E0E76B62C72BC750AA0E604DA7D4F6E0DF0909D00EA764302797189C1E078205C5587190AE2549DC3CA5BA9A25C02495B0DE6E32BEEBF295FF633A9BDC1EEB891D2C18ADB3DC3A7F49076B6DC4F999769E058F000C86B68F7E5E512D484D158D63C18FCE4D8562779F8090F66EA42EC9B9CB75EF265C0D61BE9541D5187D23DC92F62D2C98B74F2881BB94F98FACAED4DB77C38C4DA61CE0AE9FD160B0D4AFF00657CCFA4256DABF18496F4C8E0F5DFD53BE4552985C89CF96F32E282F71B871237F49A187C3AA0B2281DFC6FCF9CAAEEBE15B714B2D1B6144A4B267D1D1B902E48EEB67E732758749D0C3114C296A86DD05F75EDBFA4EB5579CE5B5CF572A620A55A1B3DA2E441CB68037163CC67D6FDD30D1D5CA772DD96132DB6AD30FE0BC9CD6271B88A8B7A6C1474B797FECC6C3D6A68C45605DCE76BD875B019CDD3876175AE4D36DFB07D9EE3BF78EF995A4B1F834B16BBB0DDB27E667A1515E8E5372E19352C480C7629D95B300DC0DA1BAE7EB31AA6BAAA314AB84D8606C46D127E91DFE20DB2156C8A7777F8FACA58CC450A9615543119662C47777748E71521C7C7265E97D2E3135D6AA21444005B7F1B9BF59E95FA26C3AE26ECD62A805D7E42C6710D4F0A54282CA2D6B036DFBF7C7E17490A151CD1AAEBB5607DA2B7502C05C70DD2B941E9C226A4B27B5E9EC5E2693ECE0309457F154A97CF9055A63E24F87194134F6971BF07867FE16AC9F30670F8FD75EDA922520D87A94CDD6A2BF680F30E8546D29E57860FF489443F67A430549BFE6A282C47E22991F26F098ECA2C5E5BCFE917C6713D169E92C6565B62345A95396588563E0AF4D6DE730DB53454B90B569F257552478A3106741AB38AC06CF6D84AB4B65C588ED0A8CB9A3136226D8C5A13ECB03D194FC8CCD2CAE3C162C7B3CDB11A92501256E3891127AA6C92377084B55AD2F288E9479FE8DD2EA5D96E333753C0C6E3B595AE551762C6C59FDEEE2ABB88EFBCF2AC4E35997B30DB2EA6E86F6BF1DFCE6C50AE594122C48CC723C665B6BDBB1CA4B25F196B8249E0ED703AC0D4F36A85F9820117EE3CA4D8AFD2361E8DBB416E42F7267038BC405476398009B74E139ED09A3CD6BD572ACEC4850C6CA6DBCF4B9B01DC63AA8EE25A9F8FC7814E7B6B0BC9EB4DFA4AD1D8B5ECAAD20C0EE15065E07819CB69ED1984B87C187A0F9DFDB3514F759B709CFE2F45AB855D9A7B2458B8B060DB8580DE2FE71757F145A8AED6F5BA9FCA729A2F8D94473093C15D7A6C7868968609CB28ABD93A03ED586C3DB8D88DD3A43FAA91B268DC77BB1F2E5324551CC45ED873131CBABBA5ECB95105E8D0186C08FBAAFF003D4F588D85C09249C2ADFF008EA7ACA1DB0E6221ACBCC48F7173FECC7B30F86AA50C00FBA27F33FAC95F0FA39859B074CF8B5C74CE64ECE41AC6C771E07A188645DF77D63DB87C255D58D1EC73A640EE73F29B1A2B53F452BAB957254836DAC8DB9CE2F4AE96757ECA8DB6ED7663B9477CCE715C916C55D88B819806FBAC48B4D9557D44E3AB38289CAB8BC60FA4D359A8D80B58427CF9ABBA72AB3351AA4DC6E3B8E46C41892AB6EBAB969932518424B28D0D3DABF54DFD80473513997C2574DCC479CF662257AF8347F7954F513B2D29728C8935C1E3588AF882A55B307232CE84D2229A8571B2CB7D87209036BDE06DBB3CE7A557D5EA2DF66DD0CAC755697E26F87A42318C78F00F53E4E231BA5C6CA5AD52AA5C2B282145F8DF8F494745E945A481191C9B93716E3D67798BD535B5D0E7C41E3E3C24186D5747076B69187020107A191B2B8D8B121C25283F073034F52E2950780F5920D3B43F787E5F49D2B6A6AF071FCBFD642FA97C997C4113376557FA5DBF618074C503F6FCD5BD2435F1B49865517E337CEA51FDCF8CAB57529F8283E305D1C170D877332A683D36B483537752BC33CAC778FEF9C9F13A62883ECB820EECF31DC6415353EA0FF4CFC255ABAAEE3FD36F23F48A5D1424F3912EA1AF443A11BB5A988C833395201DC5768DFAD8153E135B114999AA530DD995B1BDAE0DEF90E16F498BFB05D4820B291B8D8832E3E1313506CBD5765E56CBC6D37456160CEDE5861543621AB2916B9033B6D0B004F988B2EE0740D4CAC8DE5610954E8AE6F3244D5925C1E97B479436BBA47E10CF91960C92E794698DB1E5109EE8807831766447A436A0038F48DBF7453D20BD2201224976E2DE18022B88ED9114C4B086003B389D94520738D2A39C621C05A119B222400B578B7108490C5DAEF89B42108804CB942C39421000B08448440161161080820408420030A77463528420046D44C210801FFFD9,'Gearbox Collectibles','This model features working front and rear suspension on accurately replicated and actuating shock absorbers as well as opening engine cover, rear stabilizer flap,  and 4 opening doors.',8990,62.16,141.28),('S18_3782','1957 Vespa GS150','Motorcycles',0xFFD8FFE000104A46494600010100000100010000FFDB0084000906071312121212121216151516171815161718181815151515151516161515171818202820181A261B151521312125292B2E2E2E181F3538332D37282D2E2B010A0A0A0E0D0E1B10101B2B1D201F2D2B2D2D2D2B2B2E2D2B2B2F2D2D2D2B352D2B2D2D2D2D2B362B2F2D2D2B2D372E2D2D2D2D372D2B2D2D2D2D2D2D2D2B2D2DFFC00011080078007803012200021101031101FFC4001C0000010501010100000000000000000000000102030405060708FFC4003E1000020102020705050408070000000000010200031104210506123141517113618191D12232A1B1C142445282071415627292E1F0163343546383F1FFC4001A010002030101000000000000000000000000010203040506FFC400251100020201030500020300000000000000000102031112133104142141517181224261FFDA000C03010002110311003F00F3BFD658E44C4A9966233B037967B06B6409E932F8292923932FE0A9DBDECA57A584707359A54281B58C24C632A2E770D26A18871BD49F9C2A20E4D18E8DCF2EFCA43C021315896273A67C45A2D89195C47AD46DCC45A35DFF0009F28DB013682EFB9E9236A62A6E3E77922AB1DFED78CB02CA334B743222129608AFDAF847D6C2923DE1E50ED36B306296FDDBF8C03253EC1AF62C3CA6961A858485D14EF5223E9D3007183790256B8394257A95EDB8FC21002CFF0084F177CA986E8E9EB24A9AAD8DB7F90DE054FC8CCC013806F87AC5B81B8B8FEFACD3B75FD1E0BEBA1314BEFE16B1E8B7F9457D1B5C0FF22A8EB4DFD2545C53AEEAB5478B7D0CB34F4AD61BB13547E6689D307EC7C910C3BAFBC8C3AA91F38A6DC65C1A77123EF4FE27D449174EE21BEF21BAD8FD247B65F4306754516CBE6255148139CD67D3388E2D48F5543F3919D2754EFA748F445FA43B66B86333AA6180DC01F18D5DAB6E07C6689D20FC70F4CFE53F430FDA43FDBAF83308B666184662393BD6DE3FD258A4C38B5BACB498EA5F6A830FE1A9EAB2C2FEA0FBCE250F4471F0021B53C7045A2A3D6EF532B9C41BF2F94D26D198326EB8C65EE7A0C7E21BE9271A26891ECE36878874FA191DA97C0C18A8B7CF389379740DFDDAF876FF00B40F9C22DB9FC0D272A2A77C69C4E79CECDF5569705B78CCCC6EA8313EC1B49E82E7139FEDAF25A78A038CDDC36A6DBDE727A491F5354EE2D0DB128E0E76B62C72BC750AA0E604DA7D4F6E0DF0909D00EA764302797189C1E078205C5587190AE2549DC3CA5BA9A25C02495B0DE6E32BEEBF295FF633A9BDC1EEB891D2C18ADB3DC3A7F49076B6DC4F999769E058F000C86B68F7E5E512D484D158D63C18FCE4D8562779F8090F66EA42EC9B9CB75EF265C0D61BE9541D5187D23DC92F62D2C98B74F2881BB94F98FACAED4DB77C38C4DA61CE0AE9FD160B0D4AFF00657CCFA4256DABF18496F4C8E0F5DFD53BE4552985C89CF96F32E282F71B871237F49A187C3AA0B2281DFC6FCF9CAAEEBE15B714B2D1B6144A4B267D1D1B902E48EEB67E732758749D0C3114C296A86DD05F75EDBFA4EB5579CE5B5CF572A620A55A1B3DA2E441CB68037163CC67D6FDD30D1D5CA772DD96132DB6AD30FE0BC9CD6271B88A8B7A6C1474B797FECC6C3D6A68C45605DCE76BD875B019CDD3876175AE4D36DFB07D9EE3BF78EF995A4B1F834B16BBB0DDB27E667A1515E8E5372E19352C480C7629D95B300DC0DA1BAE7EB31AA6BAAA314AB84D8606C46D127E91DFE20DB2156C8A7777F8FACA58CC450A9615543119662C47777748E71521C7C7265E97D2E3135D6AA21444005B7F1B9BF59E95FA26C3AE26ECD62A805D7E42C6710D4F0A54282CA2D6B036DFBF7C7E17490A151CD1AAEBB5607DA2B7502C05C70DD2B941E9C226A4B27B5E9EC5E2693ECE0309457F154A97CF9055A63E24F87194134F6971BF07867FE16AC9F30670F8FD75EDA922520D87A94CDD6A2BF680F30E8546D29E57860FF489443F67A430549BFE6A282C47E22991F26F098ECA2C5E5BCFE917C6713D169E92C6565B62345A95396588563E0AF4D6DE730DB53454B90B569F257552478A3106741AB38AC06CF6D84AB4B65C588ED0A8CB9A3136226D8C5A13ECB03D194FC8CCD2CAE3C162C7B3CDB11A92501256E3891127AA6C92377084B55AD2F288E9479FE8DD2EA5D96E333753C0C6E3B595AE551762C6C59FDEEE2ABB88EFBCF2AC4E35997B30DB2EA6E86F6BF1DFCE6C50AE594122C48CC723C665B6BDBB1CA4B25F196B8249E0ED703AC0D4F36A85F9820117EE3CA4D8AFD2361E8DBB416E42F7267038BC405476398009B74E139ED09A3CD6BD572ACEC4850C6CA6DBCF4B9B01DC63AA8EE25A9F8FC7814E7B6B0BC9EB4DFA4AD1D8B5ECAAD20C0EE15065E07819CB69ED1984B87C187A0F9DFDB3514F759B709CFE2F45AB855D9A7B2458B8B060DB8580DE2FE71757F145A8AED6F5BA9FCA729A2F8D94473093C15D7A6C7868968609CB28ABD93A03ED586C3DB8D88DD3A43FAA91B268DC77BB1F2E5324551CC45ED873131CBABBA5ECB95105E8D0186C08FBAAFF003D4F588D85C09249C2ADFF008EA7ACA1DB0E6221ACBCC48F7173FECC7B30F86AA50C00FBA27F33FAC95F0FA39859B074CF8B5C74CE64ECE41AC6C771E07A188645DF77D63DB87C255D58D1EC73A640EE73F29B1A2B53F452BAB957254836DAC8DB9CE2F4AE96757ECA8DB6ED7663B9477CCE715C916C55D88B819806FBAC48B4D9557D44E3AB38289CAB8BC60FA4D359A8D80B58427CF9ABBA72AB3351AA4DC6E3B8E46C41892AB6EBAB969932518424B28D0D3DABF54DFD80473513997C2574DCC479CF662257AF8347F7954F513B2D29728C8935C1E3588AF882A55B307232CE84D2229A8571B2CB7D87209036BDE06DBB3CE7A557D5EA2DF66DD0CAC755697E26F87A42318C78F00F53E4E231BA5C6CA5AD52AA5C2B282145F8DF8F494745E945A481191C9B93716E3D67798BD535B5D0E7C41E3E3C24186D5747076B69187020107A191B2B8D8B121C25283F073034F52E2950780F5920D3B43F787E5F49D2B6A6AF071FCBFD642FA97C997C4113376557FA5DBF618074C503F6FCD5BD2435F1B49865517E337CEA51FDCF8CAB57529F8283E305D1C170D877332A683D36B483537752BC33CAC778FEF9C9F13A62883ECB820EECF31DC6415353EA0FF4CFC255ABAAEE3FD36F23F48A5D1424F3912EA1AF443A11BB5A988C833395201DC5768DFAD8153E135B114999AA530DD995B1BDAE0DEF90E16F498BFB05D4820B291B8D8832E3E1313506CBD5765E56CBC6D37456160CEDE5861543621AB2916B9033B6D0B004F988B2EE0740D4CAC8DE5610954E8AE6F3244D5925C1E97B479436BBA47E10CF91960C92E794698DB1E5109EE8807831766447A436A0038F48DBF7453D20BD2201224976E2DE18022B88ED9114C4B086003B389D94520738D2A39C621C05A119B222400B578B7108490C5DAEF89B42108804CB942C39421000B08448440161161080820408420030A77463528420046D44C210801FFFD9,'Studio M Art Models','Features rotating wheels , working kick stand. Comes with stand.',7689,32.95,62.17),('S18_3856','1941 Chevrolet Special Deluxe Cabriolet','Vintage Cars',0xFFD8FFE000104A46494600010100000100010000FFDB00840009060712131015121312161615161515151018171715171518181915171717151515181D2823181A251F151621312126292B302E2E17203544332D37282D2E2D010A0A0A0E0D0E170F0F152B1917202B2B2D2B2F363737322B2B362B372B2D2B2B2B2B2D2B2D2D2B372B2B372B2D2D2D37372D2B2B372B2B2B2B2B2B2B2B2B2B2BFFC00011080078007803012200021101031101FFC4001C0000010403010000000000000000000000040003050601020708FFC400431000020103020305050503080B00000000010203000411122105063113224151610732718191144252A1D192B1E12343538283A2B2C11624334455729394D2F0F1FFC4001801010101010100000000000000000000000001020304FFC4001C1101010002030101000000000000000000000102110304315112FFDA000C03010002110311003F0083514EAAD245A2638E83544A7963A7A38A8848680558A9C10D1AB053AB05151FD8D6AD0D4AF615A982821DA1A65E2A9878287921A08978E9878EA4E48A8678E8231D29A65A3E44A19D688148A54E30A5413514746C50D3905A9A3591635D4EC14799A2C96DD43714145C76F40BF1EB64FBF9F414CA738C5E0A3E6DFC2B3738EF3ABC9F349E4B6A796DAA0979C63FC29FB7FC2B4B9E7D8A34D6D182338EEBE77F869A4CE532EB726337563FB3D6AD6D55587DAA5A13DE86503CD46AFCB028C1ED27871FBD28FEC9AB4E16692F25B5092DBD6FC279AAC6EA411452E5CFBAACACA4E064E33E95312D95056258282961AB34D65404F64682BB2C742491D4ECF686819ADCD043BA52A32582951179B7B4A85F68D6A0592B794ABF98615648F89DB8D84A8C7C90EB6FA2E4D41F3BCC2EADFB18B6759119D640636D24310CA1B72322A5F1D78AC99CDB9349EE9F81FDD5D0B82F0CE066DA1333C1DA18D4C997C1D58DF233508DCAD85DE55CF88C363EA2813C991FE343E1D24A98CD474EC724CECFCA37DA3416297082C594A767FCA6862C0367F4A86E1A8CD0C9807BAC84919C6F95C7E67E95683C9917F48BF493F5A9EE0769C3AD62749756B93396D5851B1D07431DC824D69E752F970627412282AC555F5F40ACC0336FE2013BD7748E2E130A85D56CDE1A89899BE66B91C52580629DB34ACDB1DC85500124820607D3C287179C3420EF4ECC5986750C614E01034F8F5C67A6288EAB2711E1E6EED9A068FBAF224A553002B2E32481D32001F1A97E016B31691E56739254861DC241F7A3CE08047862B8BC3C66CD3DC7914F9E9663E7F8B1471E7938C7DBEE07F6649FF1551DB24B5F4A0E6B3F4AE3A39C4FFC52EBFE8A9FF3ADFF00D323E1C56E7FEDD3F5A9A1D3EE2CBD2A226B43BE463154D8B8D4D2A171C4EE4A26EC7ECE1467C1430C64EFE7465B736C8A919C4926A91958C8577191923036C64789A6952B3DAD66A63882A29D2580273A413B9C790A550732E29CC1C42DE3D293058C774F628A9A4FE17046A53F1AA5DE5DBCAC5E476763D4B1249AB2F1BE213484CCE753A0115CE76D4A7DC67FCC6FD0D572E6DB0C34EEADBA7FE27D456903027D6976ADF88FD4D1ABC3C81963803AD3C387A9191D0F4A08BED1BCCFD4D1965AA665899885CE4E00DB63D079E33D69C6E1F4FD84613E2ECA83E07AFCB6C54166E1D0305C5BC7B01B95895CFC4B31CB7F76B4BB8A39FF00939916393DD8A545D196F04923FBA4ED83920D5BEFA6C3476B6F3AC51851DAB8EACE7DCEF0C609DFAF9FA5553993263C484B301A0BB6353EF8DC8D9B1DD20FC682A13868A428D8C83E98C7811E841AD7B65F103E828B8ACA5BA21863C9D8F407AF5F13D76A37FD4EDB623B6907527703FE54CE951EA4B1F4154442CA0F4504FA0CD691459704A92BA86BC0236C8C8E9B6D53EBCD972175471E851E23501F32A00ADA4E6E79131342AFE21F590E3D436091507518AE52E2D51D23511186505131A11463031E2401B9F3AE6305C136E9939D12369F83AA13FE1A726E78660233198E3618974C9A988C6188040009C648DB34CDDC2B1895236D40346F19C83B156EB8F9551D1F82F11135DDEC6E55BBF118F718D2339C3007006403E449A5559E0BCB721D578CC238DB580A8EDADBCCB01D14FE74A800F6A5A52749A2D92F200EE3D41077F506AA5C36FD13BAEBA9720E3A60F983E157BE7F78927B5B66844E628563D3ACA65DC8DB6F502AD92FB24B2236EE9F11A8E01F2DF3522D72D9389DB3742C0793283F9823F756DF6BB7E9DB0FA37E95D1E5F6476B8FF6C01F565FD0555798F92ECECDD5249DBBE095658F5A1C751956C83E94457DAE21FE957E8DFA50D76C8E8743066421C63AE075FDF9F951B71C2EC40245E0CF8028E09A338572933E974ED581DD484D00FCDC9DA82C1C342F651CE009A36D20A81DF53820907721BBC074AD398FECC4A174ECD5542A42ADA9D80E8D2B0C6F9FFE8A6E7E13796D19582D8A231EF94C3B1EA37C671D4F9F5A856E5FE2120263B59327DE67C027F68E73F1A2A0F8D71A772634C2463BA157A63C891E1E83F3AB5FB31E524981BA9D414074C4A7A123AB1F31E18AAEB723F101FEECFF002D27FCEBA9705B8167C321D6A414189078862D823E39359A449F10E316D01D0E146DBA8EA0799001C0AA9739F2CC2F0FDB6D40006F2AAF423C4E074228E8B8409A379F4990C8C724630A15880AA4F5D3B6C7A8A7B952CA48A59ED66FBF1066538C2E723A0E99069AD2FAE3BC4ADB490C3A1CFC8D4B70253268452032AB6C481A86A20051F78EFD28672BEE49AB4ABF78AE0B601C1233B66AC3CB3C7EC2C9E422379CB69285E28C14D3ABA127C723A0F0AD3293B3BE5B6B592162993D32E0B03D980C580DF1D3CFAD2A2AFF00DAB14C76502F7865F70A739F1D2BBE7AD2AA202E796B8A99CCED03990B6AD4349DFCC60FFEE299BB838A0F7D27FEF577EEDAB3DB5655E68B9FB4FDF593E7AAA3E699F1839C791AF52B107AA83F214CCB670B7BD121F8AAFE95479615B1BE054945C6661FCE37ED1AF444BCBB66DD6DA33FD51414DC8FC3DBADB28F8645070E8F98AE07495FEA68C8F9CAEC7F3A7E7BD75897D9B70F3D2365F831A0E4F657647A3B8F9835073C8F9E2E8757AB672A7165BDB796DE5F7F25BE218E723D41CD1B27B2587EECEC3E23F8D0E9ECBE689C4905D00C3DD2548FAE0F4A58439035DDA854881217214A8CE7277CAF8F5F1E9440D56B1CF7B72C1A6751F1CE3607CC938FA51BF63E2A8B8ECE090F9895933FD52A6AABC6B96B8ADD38EDD02A29C8546047C77C64FAD45DA97C3561DFB62D823EE92093E3923C2A76EE7B192131A22A36C55CE4B647E227720D58EC7D9E36DAB2BF435330721463AB7E55A471FD11E70D8523CBA7C8D2AEE36FCA10AF519A551535AEB60F4286AC87A027B4AD83D0C1AB224A02B5D643D0BAEB60F4056BAC86A183D643D015AAB21E85ED2B3DA5015AEB05E87D74BB4AA1FCD2CD33AEB3AA81CD54A9BCD2A088ED2B21E952A83224AC97A54A832AD5BEBA54A8321EB3DAD629551B07A464AC52A83224ACF694A9506C24AD964A54AA8DBB4A54A9507FFFD9,'Exoto Designs','Features opening hood, opening doors, opening trunk, wide white wall tires, front door arm rests, working steering system, leather upholstery. Color black.',2378,64.58,105.87),('S18_4027','1970 Triumph Spitfire','Classic Cars',NULL,'Min Lin Diecast','Features include opening and closing doors. Color: White.',5545,91.92,143.62),('S18_4409','1932 Alfa Romeo 8C2300 Spider Sport','Vintage Cars',0xFFD8FFE000104A46494600010100000100010000FFDB008400090607141312151413131515151718201B18181817201E1A1B211A1F17171E1D1F22202028201D21251D171D21312625292B2E2E301E213338352C37282D2F2B010A0A0A0E0D0E1910101B32252020352B2D2D2D2B382F312D302F2B2D2D2B2D2B302B2D2D2D2B2D2D2D2D2D2D2D2D2D2B2D2D2D2D2D2D2D2D2D2D2D2D2D2D2D2DFFC00011080078007803012200021101031101FFC4001C0000020301010101000000000000000000040500030601070208FFC4003A10000201020403070203070403010000000102110003041221310541510613226171819132A11452C1233342B1D1E1F0627282A21563C207FFC400190100030101010000000000000000000000010203000406FFC4002B110002020202000307050100000000000000010211032112314161F00413225171819132B1C1D1E114FFDA000C03010002110311003F007D85C406C4775F87213BC2B9F308E6368E71D69EE370F652EDBB66D8CAD9A5B5D32C69D39D384C1BF7A0650103CE80EBCF5F9A1389700372E970E4093A05EB1CE69DA423B037ECA5ABFAA9CB1B32882D3CCFC50E71D6304B872FDE03E32873132254124411CC7A4D31E37835B18503BD6421A437324062018E549CA0C75BB5703847B484312B981CD91A74232EA3EF41240DF636B4B6F12C9895CCC220831A831E211E4229D7151E3420498207FD7FA52FE0D845B36ADA062E547889113E628AED16305A4EF482C1016206E620C0A9B493D14836D6C230D87216363CE28EB56E0452EB78D270DDFAA9FDD778149FF4E789D7D287ECEF1D6C45BCD72D8B44EA8B9A4B0EBA81F6A66CC80F8A769FBB760881821862CD13AC103A475D69C5DE256C61CDF3FBB0998F33B6DEBCABCE7B5760D80145C019C2374305803EBA8A7B86B99B8302C419432791FABFA52A95AB0D6E85E3B558838637FC28DDE85540B200CA5B2F533D6B6F67182FE196E283E35063F4F9AF2C5C00B38251724E7B8D700631A9B702399102BD07B298FB6982B01984F7731B9893EF590680BB45C5FBB45372D365570D28C74CBA9076DC6D4D705891880976D99431B1D2019F9E5ED5E55DA5ED523629BBE56EEF31197639410246D04813AF51D2B6FD8FE2966D35FB7664D9016E26A4CC81313D663DA871768166B38C715B786B65EE1F2006EC7A0A94B713C5EC5C1372CB90362C9A4F96B528D868558DC7BF7697327898E8BB10D3006A398E556377848316B318D499034961A7A483D0FCAEC3707C517B42FB8C9688221C012BE2020ED3B7A57C62708EF7DD9AEDB067C16EDBF85DB996D77123E074A476CBA7141871336512E59CC4995E4872EBF964081AE877F3A02D62FBD56B651007CCA02103265C8A3DB591AF38F3A68B8A186B06E33A86B862490C96E4B65120C18FB9A55D98C025B57BEE500BC4110614466611AE9398683A5531A6ED13938DA950EB8470ABB6B06966E5F0B710477AA74D0E9A1F2D3A6959AC4F6E16FDC7B171426524386D8C18311A99DF6E55A5C13E6B8B6C8CD68A9CAEA342D2AF1332741D3AD677B5DC25AE623F1288CCB6F5B881E09540C09CA4449DFAF8452CEB9547686879F63FECEF1C2F87BA313914A29F05A13FB32214851A9D368AAED594BD60B66D8FEC9544446884C892DA49DA282ECF70ABCD67BC652C2E80C2D3345C45DC098020CEA34E5E75659E18E711DE2E55C3DB5116C7E769968F2D3E69A38E52D81F15D95F06C30C7DD7B975996E59213214D163583986A75988E868E1820A9DC3B9CA415088B9A04F2DA46A24F29F7A03B51C50ADB172D85736D83183A31685CA606B1F220568F85E67C2A362D5438504E53B73DFCE26A69B7A5D065051FD5D9E79DA0ED41BB73F0CD6E2D8608ACB1A7224EFB49D2797C5DDA6E16A3003138662D72CB2F89443A84CCADACC81CC0E467AD795F18E20D897BB7D8805D892008804E8BEC34F6F3A6986ED2DDFC0E26C1CCD9C28CD3A059D74E7B47B8AA534D34054ED7AFA0263F8CA5FBA2E46521402342091A4F8873A7D835B862EE18F866082F07581A4EE226B077ACF8F4E674FD2B55C20A23842D956756E7A55B6BAD11BBED58D05C2ECD7ADBB067002EB974500112396DA457297769385B586CF6EE8B96DDA50AEC0F30567424D4A8F02FEF22B4D1EAB89E2C05DB8F72DE6567C9F48049214061BCEC46BD055FC3F86406CF71CBE60AC6DAADB0013943680993B6E74A59C331B85C59B5DD5F0EEB958AB4A34A13060EFBEB15A2BDC5AC59179CFD0CA188DFE952D0634DCEBAD3724DE88D351D998ED7F650620A00F70FE198B778CF262E656293B920A1F498E74262B861C297297E104392EDAB4C104E9AB9989D669DF0FED00B9661AC5E9EEC9B8C54412F0C635FCD2079579E717ED0DDC45F66B96B22D88096A4684CC331060B44FA5371BEC5E546A713C62F624E1C86FC28B66552D89D608D62370C46F5AFBB8F2D65E0225C03C6E010C3783941320C9FE2E676AF3EECD63D5EE00E42B8EA343E62B4D62EAABB30BAAA47D2C14907947D5CEAEF1C2B44BDE4AF635ECB712BA73A3B02E4CABEA73F91983A72D7AFA9371CF0735C3A1DC283200EB1159CC6B2B0EFAD80BAF8947F09EA3C8D1385E2F7181592D3FC33A1A0F0D6D14C7ED152B6871C3EDE1835CCB1940CC54EC235CC08DB6AC376B3B506F620016EE22D966552971B239D090DB0E5D0FB534BE4A8574B7DDB6607EAE5AE91FE6D497B7DC433DAB76AC206076440264468157533AC454658B568B4F3F39DB3CEF1FC470C59E2C65663A92ECD079C52EB787E7DE00864CC19F090351EF46F15E0776D7ED2EA1B61886CAC8CB1D5403D26AB555EECA833A3C46D1994FF4A54A8472B19E22F6194A95B2DB4139F633C811BFBD2BBA19FF0076349D2584D74D966214098D74FF007506D6632FFC7FFAA67A05D8CD4DE4003AB30E6BB81F1CF4AE553F87F102091F49D39F5DBD6A564CCC16EE05D729244FD420C30E9A7234CF8676BEEDB70D7ADA62A047ED673803906FEA0D76F709BFF5215B81B6CAC1818F3D20C75A4766D65256E26BA6FA11BEDD7D6934F68A5493A66DF17C79318185B957639B277A50E6E64060E8E4C4691E94BED70CC5590DE171ACB6A403EB2351BD65B09C46E5AD6DB15F4314F301DB1BC864C3FAE87E44114C9B5DEC9BA7D05D8E32F6D1ADB6143123C2E49CC877CCB0227D6B53C2FB61896420A59B79540CCC756F60BBF3A5567B5162F08BB6C0EB9B5FFB001BE41A69C370F85C92B68159DF36603CA77155834DE89CAD23EF09C76FB341EED54C87655DC1F5D3ED56DCEC65C605FF001ED755756FD89100799B907D94568F83DCC2299B6B690FFA9751BF3833BF315A0B372D322AB287DF330D481A723302794803CA86494978020A2FC4F35C3F08C38396F33DB3FEAB4187F391B536B7D93C33A11671485F7524E4CA46C44199AD88C028428CED70448256415D355FA813A411A75D2B37C67B2969F5B43BA6D4189890260728F7E876D95658C953D0DC5A77D8930F778CADCEE8CDC1F4C39953D0CEE4903ED4C7885D40025FB6A9708D51EDABEFD3C2AD063AFB527C4AE3F020192F6E39F8872FF929DA99617FFD0C5D045EB49701195958CAE9E446875E9416377F0D05CD78807E0ACB126DD9B258020F76E51C03BCAB6DEE291F16E176D8F88DEB277F1207F8329A7CD686FD8C25DD6D67B0770B983A7A00C014FF0089F9A558BC5DDB0C2DAF7AE18122543298D4F865A7E41AA706BF5444534FA6265E00A04A62AD923F85919277E7A8E752ABBD712F127BB59FFD67C43ED3F6A947DDA373665709C42E5B336D8A9E71B1F51B1A7386E3F6AE18C4DB3A9D59751EE0FE9F14BAE601ED6FCE83B8B5CCE27429BAAF036577B2D86BE99F0D7C061BEB2A7D5742BF3ED48315D99C45B62A50B4734F169BCC6F1E7114A118A995254F51A1AD0F0CED85DB632DD51753CF7FF3E296E4BCC35097919F73048E86B41D9FECFE26EA9BB6DCDA51FC673004F4046F46F6838DE12EDB0E96C1BD3B91047FBB7CDEBAD65ADF10BAAFDE2DC70FF983107D3D3CA9A32F204A14B6C7D89E2189C3343B0B83ACFEBB8F7A6380ED98075CC87AEE3E46B4070FC45BC42DCEF542DC897207D4BF980E44738F5ACD5C48244CF9F5F3AB47335D7E094B0AF1FC9EB385ED867CA4B2BC1CC26241EBD67CF7A7F84ED65A261C409072EE257623F2C790AF069A2F878B972E25B5732C604EA079EBD050964835724686395A5167E82B1C455ADC286750BE228E1880674691A8F51589E33D9EB77496B733BCA8823D403A7B122B34BDAE7B5762D365B36C1541D79173100968E7B0AAF13C631D8882972E22CC8839174F211353C59A7D28763E4C314F72E86562CB590E5877D11DD804AC9333988E406BA6A74AFBC376872364BE3B924786E213027A86923D448EA2BEF138DCCC5980527783E19E71D24EB1435E21C415CC3CFF009D75CB0F2576D3F9108E4E2EA93419DA7E102E225D507BFDF3DB5195C75D1A418E62A50BC0AF9B44D82D36AE696FADB7D481E60EBA69F7352B967ED18E0EB2BA675E3F65C99172C4AD798BEDE28465719875E62A8C4F0A47136CFB7F9B5117B0F43E420E8483D455DC7E672A622C560D94C111429522B582F8232DC13E74262B838226D9915270F90EA466C8AB30C9262AFBF842A6088A98310DA98A418BB0EC51C3A81E1D44EC46C47B8D3DEAE5E0AEEC4A98B644A31D641E5EA3635416DB991EC6BBC3F8B5DB25B23784992A44A9F63B50AA763A6AB8BFB32BC6F0BB96F5224751A8FED56F04B993BDB9CD6D98F56F08FE74D2DF1E47FAC774DD40CC87DB461F7F4AFBC2F0EEF198036DADDC80DDDB8074D4186834996506ABAFA95C38E719725BFA7F5D81F66AC8CA5C804CC09E5001D3E6B456919FE904C6E790F32761572F08B587586B96C2A8272E6966804C69D6226B277B8D1BB22FEA9072A29CA8ADC8C73F5326ACBDA52558F7E7EBB23FF336EF26AFD7D8D05FC5D9B7A3DDCCDF96DF88FC9F08FBD2EC571A56F0F766DA9FE30E59879910011E50281C2706BD7006542A9F9DFC09F2D13ED35F6F86C3DBFDE5F374FE4B2207BBB7E8A6A12CBCB4E4DBF2FF003F92B1857514979FAFD8131ACF6D97C47302191C36860C861A576A62B121C2AADB5B68A4900124EBBC93A9DABB478F25F1216728C65F03D1AFBC9425CB15F587C64E8F13D7AFAD13DCD7729A92B4472E09E195485AD86AA023219531FE7DE9B3DBA1AED9A0C91477EB73C2E003F6FED40637839DD35F2FE868ABC9D47DEB96AF94F31D0D2B563262CBD7D5520A9EF0693A08F51BEBFE4D2A4E75B1716AF886027CFF00434B317C04AFD1A8E9CFFBD4E51632622C950DBA31B0C4684573B9A418AB0B74DB60CB008DB4A61FF9EBE3E8296FCD1141F989FBD0EB86ABD3074AE117DA1D649455260988BAF70E676673D58927EF5DB386248039D35B182A3ECE085328D742B937B62DB1C3B5A94FEDD98AE53A42D8AE8CC262F2E8C247DC54A95CF1938BB47A5CB8A3923C648716EDAB091A8EB5F1770DA576A576A767989C78CDC500DEC2F91A01F0FD0F3AE54AC283B5BA26CE399743E2152A5630C156D5E1E7E7B8A1EEF058FA75FE752A50714D1AE8AD707E5455AC28AED4A4A1ECB970F5F62C572A5631622F954A952880FFD9,'Exoto Designs','This 1:18 scale precision die cast replica features the 6 front headlights of the original, plus a detailed version of the 142 horsepower straight 8 engine, dual spares and their famous comprehensive dashboard. Color black.',6553,43.26,92.03),('S18_4522','1904 Buick Runabout','Vintage Cars',0x89504E470D0A1A0A0000000D49484452000000780000007808030000000EBAC6E000000150504C5445FFFFFFFFCC00CEA563000000FFCE00FFD000FFD100E0E0E0352007F0F0F0FAFAFAF6F6F6FFD300FAC8009C9C9C313131E9E9E9525252BCBCBC6C6C6CCCA462393939636363A38300DBAE00C1C1C1C9C9C9767676D3A865AF8E52EFC000EBEBEB121212EEEFF7AEAEAE404040D8D8D89999997E7E7E484848242424DCB16BF7F7FDCAA1008A8A8ABD9700876B00877E7DE4B700DEDFE75B5B5BA5A6A68E846C938258745C20989CA773694A725B004D381F43331E573F20957947928D83828179866F1D786436A5833DAD946087712B987A00A79F91685F47655943EABA71B08F29D2A7007A641FB491169370359C9481A07A4AC79D577F6B35977E2A6E74816E5005AA8D615B49007F72494B4122BA992B8D836F674A198F7100A98C36C8CAD7675D377D66412002002B2117B59456291300533403AD9F82B8B3A658491EB29747BD9A2654460CBCBFCCC5A84E332623E19CC17B0000075C494441546881ED9AED57DA48148703C9400949C010248434404C784DD80071D5B66245D16A4ADDDADDADADABB65BDBDA76BBFBFF7FDB99890856115B329EB37BF8793C44883C73EF9DB97367261435D34C33CD34D37F517A7BC20DF938116E3E91666FBC21992EC54880A389B99B6F50E88528197079C21D598304175BCCC6866164471C3FF2761EBA3B9FBF3928DF0B5E30CC564ECFE3BF0CDD2A29081735E38AD0CA25214E849ECE17E6F2ED854AC9FF97AC2866F35383D3850A0D95423825812E05968AE7680BBD0D493A6DC11E461752E82311DED42EA3ABF969C9D134FC12A50D71D0AE325D29CDD115858ACDC1EFB6CC02EC78960FA6E98268D129187278D96AD1E8723A70A2823A0FFC3A8A32E934746B99D631384629851C45A568D3071B94582853F1345D62D1FDF35383F1704AB6E8289B43C651026DB110ACC3CB760C81050C865E17A107C4026A1C6BD2A5A9C17838C5E66903FE2A141AB8189C3CBF61008EFAE03636353E8FC33D1D7860711EC1E1A5782DB81CF3C12606477143A6049761C858812E506C09F98F4DD059EA5B709B9EC3E032ECE4E9683CB6405F7CFEC3E0349D12B3168D62AAC348EA2DBA1CBD02563058A9248C649AAEA40A74057D6E88F1F371CE668DEF4D2E513C74E1D881FF18C7631535018207AECC0D5D9D4C1444D806A81C6A180C8F80865B290EDF4C7FF7B83675617E3EA7E006C7CD446101B75D2F0DD2650C65B2584B40EF0A15686754C829C90404C33EA123708E85E0C4D4A9EC568A620F5078BEC4AE61C94CDA5794A34B7744BA505C3005C1A2A71EC6DF2DD1EF8BA52067C8DBC948A55216919A64A699669AE9FFA166AD562C369B774C659B9620CC3F79679AE69D4E0DF1254189B51543542845B84B70536729B3592B1ABA5EB3EE905B9C2F6DB53EB9AE7BB0FCC96D594B7714E8E6C7C64B596B7000008EEFF3F55E7DC5BA83A2A776D670380D3091101290795E8E70F6A2429CBB54E79910131A8881827CED384B9ABBCB0DA943317CEF2B51B098B90E8BC8DC11496F27179D31E010237F2C9203EB99315844AE9F914B626B32180FD6BAC4C673B3C78DB73804BC3D5260DD1E6F3014D7236472CDE5C7752DDFD94E870CB8B81AB9890B4DDE2763B2F8780298D1C844793298FF4C64E9A6676EEC5B21D4B189AC91CF6EEED4C864EF90C4D67D7B223814F942C2D7932D8619DB25B0D5730B7028622F050FBE85AB43C02101EE4F76B57374123C58D99C308E510A6928C14F8EC68BB1603048E20CBF1ABCC9C5EE3857F37D6FF01190B76A8183DD7160C6E90F262E46DB0CBCF82ABAE35CCDF08D6131F6450C3ACAEC9E366E3E06B6DFE351991D3C9832F1B7331801E012861908449C1E0722118E979DCC7AF0078F2799089A81EA889BD9EEF69D81EC2F9BFF2CBBCBEEB6BB56CE09C1A7EBE20BD485FA2B309EDCCA49F1ACF31354A745AF9D9DB4DBB5E2B9F469CF44AEA8661D780CA3F5BC0607830A972C35ACA4022BF976E9ECAB5FF764839F928D52AACF01BBC7F5A0C9CCA583C4982B3BBBDDE539EBA468055F772916FBA6CE1D69C0810B0A50EF0C3B6F4DF0220C0011A67EF4178165A328C4D71AF515E8E7BAC6307CBFD3F4D16CDE1CE40FC0799DE073755BA7CEEA0D3437A2D4CCF0F6EA5213762665C9F5860537E706BF76EB44A9E8DF1A7F91AE429AFDD975178F6D073704FD30C07103E752469CAA99A3C90B865593D15E080021DE97F734F029C297DEBFBC8C41598BF76CBB9FC1DA7DF6C420F288487EAF77B9FE61383BB37BF0CB2FF77D49AAB42A10D80262B73C66D46286931BDB9214562F1456ABDB048AFA6CC6B3BD211868BD27E11D357C49EAF3E5E02B5CD3CEFC36040367FDF71D55BACC0D4B6A37F8ED4DB1EF3960C87DBC510D5F951A7E19F8FCA464F86159E7EC9F5EC70D87ABCFA77D3CE28A58615FE607D5CE8B0DF55A6E58DAD9D7832653CD5F65DF64AEBF7ABDBD18BD1538985AF2C1405E57C7188CC2EC065F85F860465B51AFF4E7118B9783DF5FF4C1C05E1C3AFA4A03D42A01B0E0BBBA278D60D411AFAB6A5592563BC1A7CD35943219E7F100ACEE481B1B55A89DAA1A46AF1BDDF5439DC0EA1CAF261879F31C5CADFEFCE0E1C3478F1E6D3F3D85963F5F79B3A89F1079FE63118C80E15C74EFFD3DA8F7EBAAF4A995CB9508AC8E7D35BB3EF80D0657DFFE790FEB9554BD4F64C3E742D95D0C769E9EE2FEFCCEE7BE7F1B56D7C93E0672BE0F027A3E981E8055F580EC7188E083CF13887AF0E1C387F7F71E3EE8AAE1538BE0D100955C3B2FF6FC94A986579F3D7BFBF63E9A2ED437044F4394BDFAA0BAE5EC7DA97A51F4486AB5BB46ECD997E6AFBBDAF0AC0BD4FF90762EB2C806B1633E367A78C447464B5BA01DED4B50A7A7A707AF082CD5B0625F2D5BFEF68C0D96B6BDE3E3E3D7FD8C1DFC860B564DEFECD6AF3BDA03214DD3E03A22E2B84D022B8893C3232F3466A7099F69C217FB60AF1370BA8CEE65BC6B0F322FDBCEC9F58C7B125C078B29F7EBFCE44D5B6434E0B4DDBDA0626DEC7D1916B493D98CF33A18B4BE2933B7C6627448DB9F7EC3BA691D4D0EEE1534E73D16A70BB5E2DA379D618E15E0FB87536C5AD7F4E3B187D4938D3EDEFAD14C66B899D00F724378636671D22AE65FB5CFE0A3A37CB0090000000049454E44AE426082,'Exoto Designs','Features opening trunk,  working steering system',8290,52.66,87.77),('S18_4600','1940s Fear','Trucks and Buses',0xFFD8FFE000104A46494600010100000100010000FFDB008400090607131312121312121516151717161A1715181716171815181818181619171715181D2821181A251D161821312125292B2E2E2E181F3338332D37282D2E2B010A0A0A0E0D0D180F10182B1E181D2D2D2B2D2B2B2D2D2D2D2D2D2B2D2D2D2B2B322D2D2D2B2D2B2B2D372B2D2D2B2B2B2B2D2B2B2B2B2B2B2B2B2B2B2B2B2B2BFFC00011080078007803012200021101031101FFC4001C0000010501010100000000000000000000040003050607020108FFC4003610000201020404040503020701000000000102110003041221310506415113226171328191A1D107B1C142F014153372A2E1F124FFC400190100030101010000000000000000000000010203000405FFC4002111000202020203000300000000000000000001021103211231042241325161FFDA000C03010002110311003F00C5C57445735D05AC61015D014A9C4158C7A96E6BB36ABD2B35DAA1158C70045773DABD75A6D54CD630889AF3345142C18DA86B968D631C9BB3BD2914E26189A25707F5ED42C2A2C6B0B4657962C01D7ED5DB2C56B3550DB0A549DABCA262102D7614D12B60D3B6B0F2685801ECE1D89DAA570DC267E2D28BC161E3615296ACD24A47563C37B6056784281BD12BC2C77A2D500AB0F28F2F3632E10095B4919DFDF655F5FDAA7726743C508AB654BFC81EE10A80B37455524FD054827E9D638F9861DFE6547EE6B7AE1BC32D5850969028EFD4FB9DCD195649FD386728DE91F3BE379331968667C3DC8EE066007AE598A8B5E1226499FDABE9A678AAC73272C59C482CA16DDEE8C068C7B381BFBD0717F030946FD8C486004441AE1B870ED15298866476B7714ABA9865EC47F1485C06A2DCACEF5862D68837C3C76343DC1153D72D7A5017F0D34EA443260A22584CD79445CB115E552CE369A1C5C353D670DE94E85D69F4148D8F8A3CA4776C4577EFA5345EBA0A7DBD6A4CF560A8E9EE56E1C8FC3C59C1D958D5943B7A96D7F1584DF200EB2675AFA170403E1D04C29B6BA83063289D7A6954C7D9CDE5BF51F4C75A2C505D42E3750CB987CA6688AAA3731E11CF80888C10880CA2046C501DE23715238CE346DDBF10AC0EF563CF0AE2BC4AD5903C5BA893B062013EC275FA5461E2084064B8A41D8A9041FA75AA1E3B9A96CB3DD440A5D896830F73D89D63ED4761718B7CF8885BCC0660DA191B131B98913E83B514621FF51EC8F12DDF5FEA051FDD7553F491F21556B5709AB1F3AE37C896CEE4C9F97FED54D5BB54322D9E978EDF1248531700EA6959BC0E93AD357C9A9176AC66ED9A55EDB6D695359C59316C906C21512450EDEB52D8A2CDDA2A2EFE9BC51130356361A37AE5AE93F8A1EE3D74AD0294EFB3BBA6B66FD3CC43DFE1A14B4119ED86DE00900D630866B64FD24C3E5C0292673DCB8C3D3588FB5531F673791F8950C7F23DFB46E5D62AA96901CE80CF947C4098F31A1F8AF3A5CF0FC0660CA001B08FAD697CC169F159B0C8D954AB176F97941F427F9ACC38DFE9C5F42B95C39CB2D954E5524EC24C911D6A92B673639452DA1A7E02D7F0F6DECB343BE7F8039DB295CE08394763A558B96F80361AD92E49F71963D00ED4170EC2DEE1E117366561AEF13E93B558F0D8F173563F8A2BA26DAB32CE65BA4E26E89D15A07B44D020ED44731903157A36CDA7D0546B5CA94FB3BB14AA2822E0AF52FC883BD0CB7269BCD4945791216184EB5ED3187D6950272AB27F198CCA606DFCD47E2B121868B00695EDCB8BB1FAF5A6B10CB1E5A7A39E149828DE93B49A6589A7550EF07E9428EA52D1D5C78102B52FD20E361B0F730E4F9AD348F547933F220FD6B2964353BC81886B58EB646CD28DECDF8314D1D12CDEC8BF732730DDC382961D12EDDBAC19DE3C896D57583EAF549E27C5F16412788DC6F2AB795C00434F41B447DEA73F50B97FC506EE8A7C6552C44F95D749F4047DEA83FE50FF0002DB5276CCAC35DF5FB5519C91E894C1731DCF35BBD7CDCB6C342C64AB0D8CFDAAD431396DCCF4AA6F0EE0D6FC480D9D95497020A83B08EFA9FB5593895B22D651FDC0A2981AD945C4E2BC47763D4934D31F5A618418A59A91A3A232D0E4D748F4C99AE904C1A5E23F326786592C77DB6A5531CBF850403977FA52A9B7B2529EC8BF152587FCA857613A19AE6EDD0099FC0A2B855896CC5446A04F4204CD5A31B15FF05E0E80B0001AD038360D5B0F686552720D6449EA2456698FBCCC6141AD4F80D94FF0D69BC448C8A24EA410208899D0D55C5244D4A5FB07C5702275F20F97E2A5783F2E225DB57405D08CDBF5D34EDAD0CD76D12155AE5C6EC8328FCD4BF0FC5E4CAB1944C053A9EFAB4D25219CDD12F88C2DBB8AF66E805586DDE3F622A89C4BF4E2DA9252E47B99207698ABBE249D0AF997D080CBEA277A84E3D6AE95F2BC8F4DFF00346845268ADE1B83A61D72A9049DE0CFD69BC42F94CD16960ACE84B7ED433D9CA4789D768E9F9A26B2A98FE12BAE500B93B4C40FE288C0F0BB51E7B6330DC493F4CA24D5970782C3DF765B9745B70272B8F31DFE1D753A545F1DE2166C5A5B968B6704836DC417923669D088DA0D0A0F22AFCC186700B20416C6E173CFCF30151581BA2441D6A67887385EBF6DAD325B556D0955331DA49EB50AF813F126BDC751EDDE9E3115C8BF72DE6369AE05F2ACC9F6124D2AB2F20610A619030DC1247FBA4C7D2BDA9CB1C5B193338C0E1B21525A6E302C27508A04C9EFF6A3B8E62B32E1AF20D05A5579D3CDACE63EB2683E217E2CDEB9FD570AA83E9B91ED1438C54E1C5A3A02BBFBEBF623EF4EE34B42E2939360EED9665A4F61A0FF00BA93E4FE2D6ECB5CFF00101FC172BE65D4A309931D4476EC2A3B05855B814B4E80C8EA75323D87F34663B87CEA4A851A2A83F8AA57246AA360C325BCA870D06DB00732EB9C7AB76F4A3B87DA40E4B42FAB103AF4AC22CF18BF850570F7EE5B9D615B49EF9769AB3F2C719BAD87CCCE6EDC2ED99DCE72B1F0AC1D069AC99A9B546B2F9CC1C5BC3374DB704448883AED00FBD75C06FBB02B70C9C9331B91F1027D3EF558B0CF7EEDBB73249CCC4E821758A99BBC76C5B2F65189BCC352232AA830759EA4FCE2818213893DCBA8A1404852CADBEADA91F20681E25CDD82175ECB00C4E8C4EDECB037151D85C4E62C4127CC04EE60023F7359B71DBDFF00D575D0ED7091F2807EF358C6B9CC56F0F72C5B67CA97500F0D947FA8BD881D3D7BD64BCD3C55B1789BB7080A0905506C00113EE779F5A5C4B8FBDC5CA8322F5D75F6F415177C9055C7F7DE8A4667987DE2AC9C170CD72E2A0D06EC7B2FF04D43E18490CA267A7507B5681CBD80F0965B576D5BDFA0F614F740D325788F1A183C2390006CA45B5F52200FEFB52ACE79DF1E5F10CA49848006B12449F9D7B4AD8500E3B179AD5B048D27F8143F8B9ADC4EA3D7A1DA952A362C344D728DAF1B3ABDEB76C032ACED07311FD27A1F53DE98E2CCD6D88625BA4E9FC134A9504D8590AD7099A93C2629AC22B234132489D08D201A54A89912B7F9B41B67C2574BB041272950A7E2CAD324FA4507CBBC516D3DC378160E06A20B489EE469AD2A540211C479A2EE52B622CA7A435C69EA5E3CBEC2A06C81A6BB834A951463BC361731CBA6BEB44F12B4BE1A804797D452A54DF0120CE56E1A09B85881E59592371AD59ADE396CA3DC770428989124F451EE6BDA548133CE218A1718BEC5892C27A9D49A54A95031FFD9,'Motor City Art Classics','This 1940s Ford Pick-Up truck is re-created in 1:18 scale of original 1940s Ford truck. This antique style metal 1940s Ford Flatbed truck is all hand-assembled. This collectible 1940\'s Pick-Up truck is painted in classic dark green color, and features rotating wheels.',3128,84.76,121.08),('S18_4668','1939 Cadillac Limousine','Vintage Cars',0xFFD8FFE000104A46494600010100000100010000FFDB008400090607131312151313131616151717181A181718181A201D1B171A17191A1A191C1D1F1D28201A22251B1A1A22312125292B2E2E2E171F3338362D37282D2E2D010A0A0A0E0D0E1A1010182D1F1F1F2D2D2D2B302B2B322D2D2D372D2D2D2D2F2D2D372B2D352B2B2D2D2D2D2D2D2B352B372B2B2F37372D2D372D2D2D35362B2DFFC00011080078007803012200021101031101FFC4001B00000105010100000000000000000000000400030506070201FFC40040100001030105050505070204070000000001020311000405122131064151617113228191A1073252B1D114234272C1E1F015624382D2F117244492A2B2E2FFC400190100030101010000000000000000000000000102030504FFC40025110002020104010403010000000000000000010211031221314104135161A12281F105FFDA000C03010002110311003F00C7ECE924E5AF1E5147582DE5A261055206860856ECF5E3E74C26EBB49FFA77BC1A5FD2A42CB73BE539B0F26143FC25491BF513972A9120969F616B2950C23094E30924A08221502019CC651AD5B5BB176484049C488012A1A1FA1A85B06CC2810B4A171AC142B4DC39467525654A9951CD6949198C32927983952B45A4F909066A0AF8D996DDEF370DAFFF0013D46E3CC7AD4AA2D414A8402723270C67969C68A4A15C15E4680E4CBAF0B038CAB0B8920EE3B8F43BE848AD076A13F7684AD3DC5AE09D08CA64731555BD6E1719EF7BE8F880D3A8FD6AAC8688840AEB0E7A54AD89B6F082604EF274CB86FAF1780E49198C811BE959204065AD7A9755BF77C8575837CC7850EF120D031E7D734D639D6925539C457A96C9070A498D72A00E4AEBDA6C4D2A606C977FB56607BFDA8EB9FCAA758F6AB61FC4E281FCA6B04536674DFC4510AB49C1830A78CEFF009D46934D6CDEDFF6A1604890E2D7F910A3E7028373DAA34505C66CCFB802B092308015C0C99F21587D999C65299024812741CCF21AF855F2E3B1A18C94E8536F0295122024E402B5207780273D1154A2273659FF00E2B3C74BBDC8E6E7FF00342DA7DA791EF5DA3FCCA1FE9342D9EEE73EF5580C44A7239E6321E1514FD9965425B5403BC4556844EB252DDB5DDBA61773A5426727233E3924500ABE4C809BB5689C80FB408E9250478549591092A18CA024F17129F13AF96552D6DB558834A1DA3695C643B54A81D3D296916A66737F32840C4ED9D6D7685510EB6A00800FBA1A1124C88571E155EB0053AA4B681DF5181981AF53945681B40F38A6DB2CB8202895A9290A01111BC41321590E074A16F37DFB3396659510DBA48C2A0DE7118B4139489D351431F3C94CB7D996D38B6D70149241822391115C582C8A75C4B6800A95C480071249F3A91DAD495DADD52412094E9F94573B2ADA85A9B25240CFFF00534BA0D80FFA5AFB553660291EF6632F119699D4A94A509C2068662779D2673194F9EEA99BE50FA71A85A96D24A86141109D0492A0721D4664D531F7DE5CE274AA3292A9A4D58A839EFBCC903539C6F9C873E14AA62E5BB986876EF3C64250A42103F1124C28C1E034E3CABCA131D15DB5D989592233CF5DE449F5A6DBB02D4A888E7FED5A93FB096723EED4E24F0ED207AA4F9506E7B3E180292FB9394A4A527331BC91CE8B35FC0A222C0E274DDBC7EF561B4ED05ADC4E070A5686CCA5303093A77809994EECA8E57B3D7C242D0FA3300C1410448DF06866361ADAEB81A4A90ACA492A3094E92A3BB978F034D322A37C8AC4965FB4128B2B44AF16168CFDDE08852B2C2AC4374573D8E24E25E48070884A53278242733D49356EBBB60FB25A5BB429480BEEA5D42B1B654744A8182927413AE92343D5E5B02E9708FB582110940ECB203726317777F5CEA27193568F77899F0E36D4D5DF75C7F4AC58AEB46BD934DFF7384927C87D2A71A24003ED2C44461285293E4ACBD2BD77616DC3316841EA850FD2BC46CCDE69D14C2FAC7EA2A16A5D9EFF005FC39755FA3D76C8D38D25A2F3294A49230A5635D7FC41BC93E26A66EDB05DE928C6BED42525385780A73DE013223777AA22D1755E088FF9361C11C13F3047CA82712FA7DFBABFEC2BFD245352923370F0E7DD17D8BB8E8C3249E68D7A499A60ECC94D98F6A842DF910EAC01DDC87BB8A400370354CBB6FBB3B4FA02AC36AED4830D2085FA2883A67A08A236AF6994BFB9423B24CF7A4824F2CB21E7FBED04AAD9CCF27D253D38F75F24ADDA9BBF094DA4B4A7428F792925313034D321C69ABEB61D6538DA4B6E20E60B420C71D73F035470B26758FE72AD2FD99DB9C8ECD6E27B24A4AA15008248DE4E59FCEA658ECC0CEDDBAC0949C43883AE53A8DDAD2AD5F6B6D96271B9290EAA4A52A4280320F7BBDC01E34AB1F4F27B8ABE4AED8EDE0C1A3987F233C7D35AC8AE9DA3521212A41501948307C8EB568BB76B193EF288EA923EA2B5D8D9C24B7AD8D059598CEA0F69EF02CB610DE4A749528F4EEA474113E26BABBAF66D63BAB4ABA2850BB598029852C800B40E6790269F666C7762EFB255F667D5890E4883B8F149E2323EBBAAD28B529C42B128F6CD8536E409C6A6CF755AE45420CFF7D66B664A52B2EA7BC9C270CC4A4EE5248CF28AB25EFB53F64B49742643ECB2EE106249490ACE322484791ABB5126307374B91AB9F69DC36DB4B6B7416D0250234270C09D4CC9A3AE4DA7B5A99507C203FF00841309D07BD26759D2B23BC6FF00C4ACC0D660680F1EBCEBBB1ED089857AE7EBAD636FA4753160F1D6D39EFF0046E2D5F8E7660ADB4E3DE01187A8244FA78D1763BC03A907084AB7A664A62B3DBBAF12B617D9B812B489C3F1278A7A4663F81BBB7689495E174C1DCB1E9D7AD166AFFCF4D37064D5BED616EBE1095151385442547BA98184900E44824EE3DDE155FBDACA90D92414A93A0208A7D9BFC336973B6C83984E34023BC0405473D0F4E75E6D46D0B4EA3B34B91A494A4A89DE32CBE635AD53B395971CB1CB4B2AB6658E20738FA7D68E6EF6713252ADDC7F7CE84B134833852EBA123113DC4401E2A8EB274D2997ED6272404C0DEA2AF531E80539703C2AF22ECB8EC659B1B188AE14931A2480374FAD2AADECD32E2B1290AC001EFA8132A498C2908FC510ACE46B4A9ADD13923A64D15C1662DE4B6C8E7FEF91A7996317BAB48FCD97ED51D65BC5E6FDD518F84E63C8D48377A32E64EB65B3F1B798F141FD0D438266B8FCA9C157272EB2A4FBC8F18F91AD5D5717F53BA6CA50405A0602A2263300CF2948ACE18B1AE258712E8DF835F141CEAFDEC936A52CA97667E021C20A4E9DE3A8F1CAA5474BB34CB99668528D307DA1D9D361EC5A69C0EAFB3D066ACB22B200EEA248D79D5376E2FCED9C4A51EE36DA1B078848CCF899F0EB563F6936C6987D61A752EA9633526640120209E409C86599ACD5C26093A9AA934DEC678E2F1C6DF2FE82F67AE755A5DC00C2466A5701579FE856140C0409E24E742EC531D9D896E81DE71644F24E4079926995A4A6147539D3E4C19CDEF73AECA9ED1951533AFE53C798FE74884DEA75227A7D2AE975DE58886DD41C2B94856184AE3231B899E1E359F6D15D46CCFADACE0669FCA74FA7854BC69B3D787CD9E38E9E826DD7AC819404CE19D73DDD070AE516CC6246B908E1000F58A8258A7EC6EE154EE3AD38AD2659B2BCAED9AA6CAD816F3282DB29582A033509E054410263219693BA6A9DB52D845A1E4272C2A88DD2323EA28ABA6F87D8EE36BC2954124894A4FC4781CF775A8FBD2EC75B754DBA25C39900CE2073C4201907504553E088C65AB8277604B44B8DDA1C5372016D4140027F16A23409F334AA0DAB92D0ACC029E13091D333207852A13DB81E4824F664D5E3B229566D929E4731FB5562F1B89D6BDE498E234AD3893D6997237E5CE998192049499048234228945E2E0CA67AD5EEF1B95A727200F1194FE955AB66CF286682143D7CAA5A4F9358659C378BA2157680733AD32A5CEFA79EB290608834C1451A46F2B7C9AC6CA340DCE14356DC5E23D57F422BDB4065C400B21A0129C2A29241CB4046FD241E2299F629684B89B4D89710B01691C646157C91EB45DD5B356855E219509B380A538143BBDD484913B8994914456E672F722987D1D837017882C95A547BAA1840279284188E238533ED4AC7DDB2DA3E3414ABA8015FEAA3AF8B990DBEEB2D3A92868A716A22477920C4295840922354E5A575ED5141362B1A37E2040E5D99FA8A72D851DCA2DDB71A5E6C38A742062208206E8DE4F3D28CB3DC9650614F95ABE14467E024FAD0775DECDB4D615B41C3DA15004C0129489CD27E18F1A286D72C64869081CB3FA0A0A4585DB3B30D0430B4CA92313A3259DCDC28C8C477C5582D2F3ED8FBC7ECD66000819A881C0494FA0ACC2D5B456859CDC30344C081FBD00AB4C820819D0539B6F72E7785F56649389E5BC7FB7207CA01F1AF2A874A8159B5941E67C62B80B1F881F3A39563E67CA9A2C9D35CEA8806C0D9DF1D6847AC4066143EB47AECA7E1F1A60B24683F7A4D0C8D72C285832949EBA8FD6A3AD3B30D2B4514FA8A9A71266620F11FCCEBD4AC6F028115BBAEC4F58AD087DA214506634C49DE9F11FA56E4C3ADDBECE97ECCA0164033BE60E47989233E245678D5982A48343D990F59D65CB3BA5B52B5100A0F54E50798D7C2934F9435ECC9C63629E2B0BB6101092A924A71AC29524424000AB2055C05679ED4EFC168B484A7DD6811FE6313E400A96DA5BF2F375247763494933E00E959F39627127BE9503FDC0D2A6DDB1EC96C0B86BA4B54637663C28A62C44E9F2AAA248F6ECD352363B9F1FE248EA6A6ACBB36B29C58A348046FE71A54831B3EA98584AA46A99CBAEEA7404237B3C823DF2A3BB02647F3C6955D2C975601946ECE35FE75A54501792FB2356E0F13C73F4A65C6ACEA12201278EE3FCDD4A954167AD58539E19DD90839F0D3A535F6748EEAA46FCF7F1F2A54A81035AECAD9F9C47A7EF403B75A4E807F3E54A9530017AC2469DE8F4FAD3093C89A54A801E459F17A0AE55772F41066952AA10C0BBCEB813E0914E26C0714C660713A74A54A9201DEC6370F2EB5DA667DDA54AA847A72DD4A952A00FFD9,'Studio M Art Models','Features completely detailed interior including Velvet flocked drapes,deluxe wood grain floor, and a wood grain casket with seperate chrome handles',6645,23.14,50.31),('S18_4721','1957 Corvette Convertible','Classic Cars',NULL,'Classic Metal Creations','1957 die cast Corvette Convertible in Roman Red with white sides and whitewall tires. 1:18 scale quality die-cast with detailed engine and underbvody. Now you can own The Classic Corvette.',1249,69.93,148.8),('S18_4933','1957 Ford Thunderbird','Classic Cars',NULL,'Studio M Art Models','This 1:18 scale precision die-cast replica, with its optional porthole hardtop and factory baked-enamel Thunderbird Bronze finish, is a 100% accurate rendition of this American classic.',3209,34.21,71.27),('S24_1046','1970 Chevy Chevelle SS 454','Classic Cars',0xFFD8FFE000104A46494600010100000100010000FFDB0084000906071213111512121215131517131E1B15181818151E141A1817131C1715191B181A1D2B2C181E251B151A223123252B32342E3523203538352C37342D2E2B010A0A0A0E0D0E1A10101B2B2520222D2B36372B31302D2B37373730372B2B322F2F2D322D2D2B2D2E372F372D2D2B2D322D2D2B2D2D2D2D2D2F37372D2B2D2D2DFFC00011080078007803012200021101031101FFC4001C0001000203010101000000000000000000000506010407030208FFC400361000010400040306040407010100000000010002031104122131054151062232617181071391A1425262B1237292C1D1E1F04314FFC4001A010100020301000000000000000000000000030401020506FFC4002A110002010401020406030000000000000000010203041121311213053241916171A1C1E1F01451B1FFDA000C03010002110311003F00EE2888802222008888022220088880222200888802222008B16BC3178C8E219A47B583AB8808F46526F48D84555C6F6F7071E8D73A43FA069F534AAFC43E21CEE943A2686463F0BB52EEB6797B28A55A0BD4BD47C32E6AF11C7CF475245A9C371CD9A264AC36D736C7F82B694A5169A786651612D0C1945F36B210194444011110044440712E23DB0C689A50277372CAF6D776806BC81C957B118C7BCE67B8BDC79B8927EA54AF1CE17247899DCE7C76E99F4DF09F15D8B241B07C942C9880C7647C74EE8ED0FF00B1E8B97DC526D6783DD5956B5E95D292785E983D237AD9034B3A01F55F384958FD1ADA3E445FDF75E58DC348D048B71E4D7021DFD28916E7512E097E0DDA8C544CF970B8B5B77B0357FB2B2603B618A6EB2CCC2398C998FD88A5CAA5E352D381764A68344D1366A800355AB8BE26FCD41E6B28D89A2799565424B18679DAF756D3EA7287D3EEF6768C77C477FF00E70DFAD8FAD83414749DB2C5BF532651D18001F5367DD722878B4AD787079D0FFDA735D3FB2D38C60113802FBDFCBF369EFF0045897713C3666D7F893839C61C73924B05DB0C4B5D798B87476CAF7D9DED0B3122AB23C0D5B7F71D42D7C1F00C3C4CCA236BBA970049F72B3C4B1704019F33F860BB2B1C1BA35D5A591E11EAA78426B97939B775EDAA79218F8FE0B0DACAD6C2E233583A386E3F63E857BDA94E6BD1F48B169680CA20440707ED4112CD24921EFE73D6B435B0F45EA216BE26B24CAF394120917EB5BDA93F89DC364866CF1001938A3216DB633BB8DEC0E9A5EF6B988830B76D89EEE7F33E61129B3A380034D7A95CBAD67DC7972C60EB7773854E39D7B162978001235C3BECBA734F8803A121DCEBA15211BA561CAD904918FC328B23D08E4BC782E289FE1B9E5FBE479A0F21B5983DBC9CDCC3D415151E275A758730F9D5D65B07670D541055949C64FCBF52685579CA7B2471984866243A2731C37AA7375D451D0FEEA0B1FD9CD6D92006B6769A0DB7A52ADC5DD86BC66EBA1208D0F76C5ECB5F178795C03DEE05B60173468D175AB7A6AACAA928BDBC13CABAA9AAB14D7F7F9457311C2A66789848EA350ACFD8AE2E70D34725F7468EFE53A1FF002B49F9E276575B5C3A1D1C3A83CD6FB31194024B4FA8EAA653735946214EDE84FA937D324D60ECFC770B1626031CAECAD3473035B6C415150E3F0F061C40F79C4B4683351B1C81277AEAB9E4DDA3908CAE0D207BAFAC1F146BFC4036B9DBABEDB2D9DC4B84694BC2A8E3AE72FB16EC771E2FA0194C6B0002CD50DACF33A69D161B8C9F2E68E59223D33123DC1D942E1D8DCB6DCAE177B870FA8DBDC2DC7F11682D2E69EA36F6D7655A7566B827743A3515A3388ED1E3E13DE99DF4691FB68A63B3FDBC99EF0C92312FF268ED37D363F65569312497126CBBE816DE0B1AD3A4AD6B856E477BEB5AA9215249F24D2B6A7529BEBA6B3F0D1D6B87E3E39981F1B839A7EC7A1E88B9CF03C7B70B3B1D1B898A534E1AD0D74F4DFF00ED1615B854CAD9C0AF6728CDA865A25FE3361DCFE15265D72BD8E20740ED7F75C3F0B37A7975AAEEDFDD7EA4C6619B246E8DDE17020FBAFCEBDB1EC8CB839CB6BBAE24467911A6C4D024EE5BB8F3095239E0DAC2E15293CFA9132631F10CCCD2C8CDD0D5D69EE523E22D71006524EADEF9CBE472916BCDD8173DBF2D8D74D3BC00C8E3EF3C57E2706DE56EBFBEAAFDC1BE18E3E78A138C3033E50A6C4E05CE20B6A9CE69A6FB5AD634F5B337172BB8DC38653891E2CAE0393B2126BF99B7FBA99E1DC4E36B435F6CF33E1D7CC6DA5297C4FC39E2103DCE8431CD2EB688DE6C0AD8E602F9FD5414DD9FC5C42A4C34ADAE6184B7EADB0AA5C50EE2E9916ADD466BCCBFC36F8B185C1AD93670258F144348A1BFB8FBAF1798C0CA5B95F62FF265AF10EB6A260637374A3AB41A17E9D696E3A10058341BF84F9EF5D1696F4A54969E50AB4A3D4A126787182C136486E5711605D0034CC49AEE81E8B53072BDA72896071FCB988EBB38E87C3F70A1B078F73BE68228C8FEF1048395BF83D3FDF55BAD8465398116D008D281F21C95BE98C7D042556BE94B096BD8DB33B98ECED0E8C8E5A870BDBD3FEDD58301C643E83C007991B3B4E639154FC6E39D180D233861F11F1E42002DBE60684290C30D9CD360EA08FB28AA431B474ECABF7334A5CAFDD1739F29635CC0328345DADDF42B53E605BB04B14991F2372E803F273F3CAACD0F64F0AFFE209BB9FA7281EE4934B45072E09E5730B758A99F62B183639CD34486E66E61C8F7B4FBA2BA60208A5959061DA3E4C6ECCE77E6236F6F3452C696B92854F1454DF1CFEECBD95E73C0D7B4B5ED0F69DC38020FA83BAF44570F346B60F87C310222899103B8635AD07D686AB6296510184594406AE330114A2A48D8F1FA9A0FEEAB9C47E1EE025BA8CC47AC648FB1B1F656D58A58714F9378D49C786701F88FF0E99816C52E13318B2912E675BCBF4A23D41D87E5548C2E24015FA6ECEC6BA1FECBF5763708C958E8E468735C351FDFC8AE55C6BE0F92F2EC3CADCA7938BD8ED8EE5A087F2D686CB5947258B7B9748E4F8D6191A5C3C2D1AF2A0EAD3D7427E8A4FE1FF02C562A47C78701CC60CCE2F34D6DF85B9AB73AE8BA9F09F84B1D8FFEB787B1A6DB0C59836FF33E43DE79F61EFCBA2F0DE1D0C1188E18DB1B06CD68A1EBE67CD3A16306AEEA6AAF763A672BC3762B1A3431B7D73B694FF0FEC03AC19A503C982CFF0051FF000AFF0048B454208B553C5AE26B194BE48D2E19C36381B9636D0E67727D4A2DD4532D1CD93727996D844443011110044440111100444401111004444011110044440111100444401111004444011110044440111101FFD9,'Unimax Art Galleries','This model features rotating wheels, working streering system and opening doors. All parts are particularly delicate due to their precise scale and require special care and attention. It should not be picked up by the doors, roof, hood or trunk.',1005,49.24,73.49),('S24_1444','1970 Dodge Coronet','Classic Cars',0xFFD8FFE000104A46494600010100000100010000FFDB0084000906071313121213131315161515191A181918171817151F151A1817181A1D161D1A201D28201E1D251B161521312125292B2E2E2E171F3338332D37282D2E2B010A0A0A0E0D0E1710101A2D251F1D2B302B2D2B2D2B2D2B2B2B2D352D2D2D2D2D2D2B2D2B2D2B2D2D2E2B2D2B2D372D2D2B372D2B2D2D372B2B2B2D2B2B2B2D2BFFC00011080078007803012200021101031101FFC4001C0000010501010100000000000000000000030002040506070108FFC4003B10000103020403060305080203000000000102031100210405123106415113226171819107B1C1143242A1D143525372829293F062A2172333FFC4001801000301010000000000000000000000000001020304FFC4002111000202000701010100000000000000000001021103041221314151131452FFDA000C03010002110311003F00E263A457A95F23B578154E713226A4918B5CD3B4D0E9C26801E1DAF52A8A65380A4C4C22689D3C286DD1809A9240A8816AF754795154D83FEF4AF7B31B7FA69EA196182CF1F6D0108594A67558C4ABA9EB40C6639C724A94544C492666A3759F4FD684F4EF34EC547AA513F789DA865BE60D3573134D42A99544A42695470ABF3AF280A07460B11B54E3813136889AB7C9786D0587718F93D8B60C21362E286C92AE499F5AA941C6B52A126A5C1579270EE23127FF004B4543F7AC123FA8DBDAAFFF00F17E67FC14FF00913571C1F8CC576D870B7E1B5109ECC2424241D80B5A0C56B3119CE294E2825C4A0030350528FAC11152B7745D23049F859999FD8A079BA9A78F84F997F0DAFF0028FD2B5CE66F889838800750957CA68389C7BE0C2710E2AD78D49FA9AAD2C5B1983F0A332FE1B5FE54FE95E1F85F998FD93663A3A9BD69F0D8874EA0E6216DA84405126679CD103C623EDAAD5D13A95FA1A1C436396E75956230AB087DA5B4A22403F88750763E95014F574CCF9A5625B4E1DE5A8B892A2D950885EC075858B5EE0C573CC3E1E54029040120D8C982645F98A4E1BD0AAF8008937A6C55C61F2BEDDA75E6881D9292140C89D437076B473EB5372EE105AD056E3A1BEF690027B527BA153214237A5A41A33C81D6A3B8CC56E5AE0D6A6EFBA7F95A427E6B3520F0831697711ECD0FA1A6A0C499CEC367A1F6A55D04F0630AD5A5E7C446E1B54924F974A555A06667B688491041BCEDB4FCAB5DC472D65AC248492FAC2B48E806A1E8600A8BC2CE21299D292A5192624F956833FE1F6961B0C90D3A825654120EB2A02C6E2DBEDD4D658D9CD524A5D0E184A2B6272B2D69B6987DBD2A054D90B93D448DE2770479D47CE2538871204C99126041DA8184C9D249050942FBB2B490A048FC5B03260483EF5A5C5657DA2CAD2B001004EE4913C88802FBD67F7829F3D17A5D197534B9903E55EB18B089ED125249DFE957D87E192092A716A9BC9528A47869469157385CA5004052ADD084C4F2B09F734DE6E3D0BE662710A2F41421663FE2B55BA593143C5E01C4AC16DB5C6F7DE66BA11CB9ADD490ADA0AA546DB6E4D11BC0B6366D007F227F4A859C7E0FE673F521788787DA0AD008852D69263A09B47AD66B8972E7351C430545415A1D523542CFE17801C94041F11E22BB3A70481F75291E400A7B6C94FDD20795A8966AFA2A31A3852F16A61A4B7DD05F46B712A212082484EC2C48127D2B45C1987D4C3BA0120BA93F782FF6441F926BA9AE7F1007CE0FCEA239966195BB2D1FE84FE94966ABA2DA8B5C197460560590BFED07EB51D4CBB31D9AE3F9089F4AD23FC2D8356EC24795AA03DC13853F74AD1FDAAF98FAD6AB390EC8F8C1F6427704B4027B35DC098493B7801E34A86F700FEE388578293A7F3BD2AD3F4C3D2D65E1FD189C02149D2A20A42A4A48B4C1824569DBCD0477C4C73DB975AA6E1BC58791F6559137534A3F855D2A57D8CEA0CBA14954C9B4A5491D0F8981EB5C52C2D555C19465B12B099B249024851B80A05248EA2771E5572C63CF5A82EB4870695A42874226A2AF2B5A6ECB96FDC72543D15B8FCE94F2BDC41627A6AF0B8FF1AB369F9AE7C3352DD9E429BF1FBC93FD43EB157981CCED20820F4B8AE5961CA0F745A699B368FAF9D14552E0F3244152950948D4AF21D3C49B55166DC4EE99286902361ACD87224C5CEFCABA30B02538D89CD266E62BD8AA3E18CF4E2194296809512A0403AA0A7C7A11715725CE7302B16DA74CB1F14C501E154D98714E15AFBCEEA3D13DEF95AB3AF7C464158434D124D86A3B93B00948249AB8E1E24B844B68DCE91E3E97A6AD20F23EC6B94661F1271414520213060C01F3BD54E278EB16A8871693D7503E91A456BF9A6FC275A475CC6BBA10B50DD00923D2DE8695607843895E79D4B3885F681E4A8024005044DB6BCD2AA8E55D6E1ACC1E11FD2EA0CF3BF84F3AE8993676878766F418B057349FF62B9A3CDEF43C16254D2B526E398EB5B4198D9D6F1997A9BB8EF23F787D684DB950B86B897BA24EA41B106F1E11F4AD03D96A5635B0441FC3FA7E95AD0CAE753A808511E517F020D88F035587261263B84FE36496FDD1749AB3483B514266868452B5D9A319834E2564B2B96D6A9D0266D3161B8F635ADCFF000595E1DC5B2E34E217A756BEF10A1C940CF9FE7505193872CA008F11346C365B8669652E3A565A0484A94A50445F481B488D855C152A193F87F2A40625456DC9538920C29091B1E93A46C7A9AE5D9F716623106EA86C580DA45FBC46D262BAC7DBD1886DD4373AC36AB189EFA4806D6DC4571DCBB2275DB250BF0D2DA973F203DEA7E51BBA2ADF05597891724CEF7DFE74EC0BCA495142C215A489F30444F29DA7C6B4E3815D035380A00DFB55B6D7D49FCE82EE5F826A7B4C5B09B5D2D85E20F96F15A508CDB8CAC90214A59BAA01B5ADF9548C0E5AEADC4A129EF122C2E67D2B7EAE1921869E6708FE27B427BAEAFB00D8E4B5213363E76E75EE1F2A7DC49497D0CB427537826EC3A85BE76E7CE8A00B91709B490973B5D1891A8212920A7529261279C81AB9D2AA4E2FC53486109654D96F504A5217A949B1EFEDFF00607AF5A543D857463CA84493EF511F5785AA640F3A8CFB67A73AE388A816131CA69529E7B8E46B4B91719961D3265A55FC51D41ACCA9BF2A03A8ADA2C68FA030AF338B4854C2BA8DC79F5AF0E52E20EDA8754DEB97E07365B0197D24E850017E1E3EF5AFC6FC405B25984028209599DCF24A4EC2D7AA4EC19B2C1E1CC45EABF07C12029CED145685959D0645DC999BDF7B51F2DE3161D6C381F0DC94A4A561320ACC0B4F59BED5399CF70A7BCBCC9A8B881D9A363046E4F2ABA024E4FC3A9602B4924A80054A32604C0D846E6A0E7B896DB04F6A991C8126E6C24036BD0731E33CA9AB38F978F44EA727D4DAB2D9CFC574A90A4617020B641054F5C19FF824475E74C2D15784C42319884601CC1B6E1438B2959568588499694A093A84C5FC36AD7BB9061B049D6E9C36140D821014BF452EFEC9AE2386C5ADA85B6E29B5890169304488371E14B0CBD6AD4B9593F8944A8FE736A517E8933A6671F10B0A469699771246CA7950949EBA6E27CE2B17C45C48F63348715A52903B8952949F3D3648DA6A996FD9249E47A472F4A8DAE404F4E9ED4DC863D4DCEC279DCDFDA954961F46DA77E66E6956129BB1E91CD9107F3EB4D5799F53444267CA9AA1009AC2C560A39D0549A94A143523DEAD324B2C871A0254CAA2F3A676336228EC3DD923B3C4429B26073EB1E5542B47A51B1235A520A8C0BFD2AD32D6E8B5730383370F94F8483F31515D56111B2DD74F44C247BC55376115E04D5D93B160ACDA3FF9B4847891ACFB9A8B88C5B8BFBCB2AF33B7A508DEBC50A3500D2A26D4F0A3CADCA7AD2D14909A2C2C495751346C3B3A8DBF3A0A514509F1A96C7615D68A4F81A5485E95403A25A973B5355D7FDF3A54AB310D2A14891C87BD7B4A9A0065531614D59B452A55424C1A934C48A54AAC05A69004D794A803C0DD7BA408A54A800A8022882952A801C48AF6952A433FFFD9,'Highway 66 Mini Classics','1:24 scale die-cast about 18\" long doors open, hood opens and rubber wheels',4074,32.37,57.8),('S24_1578','1997 BMW R 1100 S','Motorcycles',NULL,'Autoart Studio Design','Detailed scale replica with working suspension and constructed from over 70 parts',666,60.86,112.7),('S24_1628','1966 Shelby Cobra 427 S/C','Classic Cars',0xFFD8FFE000104A46494600010100000100010000FFDB008400090607131312151313131616151717181A181718181A201D1B171A17191A1A191C1D1F1D28201A22251B1A1A22312125292B2E2E2E171F3338362D37282D2E2D010A0A0A0E0D0E1A1010182D1F1F1F2D2D2D2B302B2B322D2D2D372D2D2D2D2F2D2D372B2D352B2B2D2D2D2D2D2D2B352B372B2B2F37372D2D372D2D2D35362B2DFFC00011080078007803012200021101031101FFC4001B00000105010100000000000000000000000400030506070201FFC40040100001030105050505070204070000000001020311000405122131064151617113228191A1073252B1D114234272C1E1F015624382D2F117244492A2B2E2FFC400190100030101010000000000000000000000000102030504FFC40025110002020104010403010000000000000000010211031221314104135161A12281F105FFDA000C03010002110311003F00C7ECE924E5AF1E5147582DE5A261055206860856ECF5E3E74C26EBB49FFA77BC1A5FD2A42CB73BE539B0F26143FC25491BF513972A9120969F616B2950C23094E30924A08221502019CC651AD5B5BB176484049C488012A1A1FA1A85B06CC2810B4A171AC142B4DC39467525654A9951CD6949198C32927983952B45A4F909066A0AF8D996DDEF370DAFFF0013D46E3CC7AD4AA2D414A8402723270C67969C68A4A15C15E4680E4CBAF0B038CAB0B8920EE3B8F43BE848AD076A13F7684AD3DC5AE09D08CA64731555BD6E1719EF7BE8F880D3A8FD6AAC8688840AEB0E7A54AD89B6F082604EF274CB86FAF1780E49198C811BE959204065AD7A9755BF77C8575837CC7850EF120D031E7D734D639D6925539C457A96C9070A498D72A00E4AEBDA6C4D2A606C977FB56607BFDA8EB9FCAA758F6AB61FC4E281FCA6B04536674DFC4510AB49C1830A78CEFF009D46934D6CDEDFF6A1604890E2D7F910A3E7028373DAA34505C66CCFB802B092308015C0C99F21587D999C65299024812741CCF21AF855F2E3B1A18C94E8536F0295122024E402B5207780273D1154A2273659FF00E2B3C74BBDC8E6E7FF00342DA7DA791EF5DA3FCCA1FE9342D9EEE73EF5580C44A7239E6321E1514FD9965425B5403BC4556844EB252DDB5DDBA61773A5426727233E3924500ABE4C809BB5689C80FB408E9250478549591092A18CA024F17129F13AF96552D6DB558834A1DA3695C643B54A81D3D296916A66737F32840C4ED9D6D7685510EB6A00800FBA1A1124C88571E155EB0053AA4B681DF5181981AF53945681B40F38A6DB2CB8202895A9290A01111BC41321590E074A16F37DFB3396659510DBA48C2A0DE7118B4139489D351431F3C94CB7D996D38B6D70149241822391115C582C8A75C4B6800A95C480071249F3A91DAD495DADD52412094E9F94573B2ADA85A9B25240CFFF00534BA0D80FFA5AFB553660291EF6632F119699D4A94A509C2068662779D2673194F9EEA99BE50FA71A85A96D24A86141109D0492A0721D4664D531F7DE5CE274AA3292A9A4D58A839EFBCC903539C6F9C873E14AA62E5BB986876EF3C64250A42103F1124C28C1E034E3CABCA131D15DB5D989592233CF5DE449F5A6DBB02D4A888E7FED5A93FB096723EED4E24F0ED207AA4F9506E7B3E180292FB9394A4A527331BC91CE8B35FC0A222C0E274DDBC7EF561B4ED05ADC4E070A5686CCA5303093A77809994EECA8E57B3D7C242D0FA3300C1410448DF06866361ADAEB81A4A90ACA492A3094E92A3BB978F034D322A37C8AC4965FB4128B2B44AF16168CFDDE08852B2C2AC4374573D8E24E25E48070884A53278242733D49356EBBB60FB25A5BB429480BEEA5D42B1B654744A8182927413AE92343D5E5B02E9708FB582110940ECB203726317777F5CEA27193568F77899F0E36D4D5DF75C7F4AC58AEB46BD934DFF7384927C87D2A71A24003ED2C44461285293E4ACBD2BD77616DC3316841EA850FD2BC46CCDE69D14C2FAC7EA2A16A5D9EFF005FC39755FA3D76C8D38D25A2F3294A49230A5635D7FC41BC93E26A66EDB05DE928C6BED42525385780A73DE013223777AA22D1755E088FF9361C11C13F3047CA82712FA7DFBABFEC2BFD245352923370F0E7DD17D8BB8E8C3249E68D7A499A60ECC94D98F6A842DF910EAC01DDC87BB8A400370354CBB6FBB3B4FA02AC36AED4830D2085FA2883A67A08A236AF6994BFB9423B24CF7A4824F2CB21E7FBED04AAD9CCF27D253D38F75F24ADDA9BBF094DA4B4A7428F792925313034D321C69ABEB61D6538DA4B6E20E60B420C71D73F035470B26758FE72AD2FD99DB9C8ECD6E27B24A4AA15008248DE4E59FCEA658ECC0CEDDBAC0949C43883AE53A8DDAD2AD5F6B6D96271B9290EAA4A52A4280320F7BBDC01E34AB1F4F27B8ABE4AED8EDE0C1A3987F233C7D35AC8AE9DA3521212A41501948307C8EB568BB76B193EF288EA923EA2B5D8D9C24B7AD8D059598CEA0F69EF02CB610DE4A749528F4EEA474113E26BABBAF66D63BAB4ABA2850BB598029852C800B40E6790269F666C7762EFB255F667D5890E4883B8F149E2323EBBAAD28B529C42B128F6CD8536E409C6A6CF755AE45420CFF7D66B664A52B2EA7BC9C270CC4A4EE5248CF28AB25EFB53F64B49742643ECB2EE106249490ACE322484791ABB5126307374B91AB9F69DC36DB4B6B7416D0250234270C09D4CC9A3AE4DA7B5A99507C203FF00841309D07BD26759D2B23BC6FF00C4ACC0D660680F1EBCEBBB1ED089857AE7EBAD636FA4753160F1D6D39EFF0046E2D5F8E7660ADB4E3DE01187A8244FA78D1763BC03A907084AB7A664A62B3DBBAF12B617D9B812B489C3F1278A7A4663F81BBB7689495E174C1DCB1E9D7AD166AFFCF4D37064D5BED616EBE1095151385442547BA98184900E44824EE3DDE155FBDACA90D92414A93A0208A7D9BFC336973B6C83984E34023BC0405473D0F4E75E6D46D0B4EA3B34B91A494A4A89DE32CBE635AD53B395971CB1CB4B2AB6658E20738FA7D68E6EF6713252ADDC7F7CE84B134833852EBA123113DC4401E2A8EB274D2997ED6272404C0DEA2AF531E80539703C2AF22ECB8EC659B1B188AE14931A2480374FAD2AADECD32E2B1290AC001EFA8132A498C2908FC510ACE46B4A9ADD13923A64D15C1662DE4B6C8E7FEF91A7996317BAB48FCD97ED51D65BC5E6FDD518F84E63C8D48377A32E64EB65B3F1B798F141FD0D438266B8FCA9C157272EB2A4FBC8F18F91AD5D5717F53BA6CA50405A0602A2263300CF2948ACE18B1AE258712E8DF835F141CEAFDEC936A52CA97667E021C20A4E9DE3A8F1CAA5474BB34CB99668528D307DA1D9D361EC5A69C0EAFB3D066ACB22B200EEA248D79D5376E2FCED9C4A51EE36DA1B078848CCF899F0EB563F6936C6987D61A752EA9633526640120209E409C86599ACD5C26093A9AA934DEC678E2F1C6DF2FE82F67AE755A5DC00C2466A5701579FE856140C0409E24E742EC531D9D896E81DE71644F24E4079926995A4A6147539D3E4C19CDEF73AECA9ED1951533AFE53C798FE74884DEA75227A7D2AE975DE58886DD41C2B94856184AE3231B899E1E359F6D15D46CCFADACE0669FCA74FA7854BC69B3D787CD9E38E9E826DD7AC819404CE19D73DDD070AE516CC6246B908E1000F58A8258A7EC6EE154EE3AD38AD2659B2BCAED9AA6CAD816F3282DB29582A033509E054410263219693BA6A9DB52D845A1E4272C2A88DD2323EA28ABA6F87D8EE36BC2954124894A4FC4781CF775A8FBD2EC75B754DBA25C39900CE2073C4201907504553E088C65AB8277604B44B8DDA1C5372016D4140027F16A23409F334AA0DAB92D0ACC029E13091D333207852A13DB81E4824F664D5E3B229566D929E4731FB5562F1B89D6BDE498E234AD3893D6997237E5CE998192049499048234228945E2E0CA67AD5EEF1B95A727200F1194FE955AB66CF286682143D7CAA5A4F9358659C378BA2157680733AD32A5CEFA79EB290608834C1451A46F2B7C9AC6CA340DCE14356DC5E23D57F422BDB4065C400B21A0129C2A29241CB4046FD241E2299F629684B89B4D89710B01691C646157C91EB45DD5B356855E219509B380A538143BBDD484913B8994914456E672F722987D1D837017882C95A547BAA1840279284188E238533ED4AC7DDB2DA3E3414ABA8015FEAA3AF8B990DBEEB2D3A92868A716A22477920C4295840922354E5A575ED5141362B1A37E2040E5D99FA8A72D851DCA2DDB71A5E6C38A742062208206E8DE4F3D28CB3DC9650614F95ABE14467E024FAD0775DECDB4D615B41C3DA15004C0129489CD27E18F1A286D72C64869081CB3FA0A0A4585DB3B30D0430B4CA92313A3259DCDC28C8C477C5582D2F3ED8FBC7ECD66000819A881C0494FA0ACC2D5B456859CDC30344C081FBD00AB4C820819D0539B6F72E7785F56649389E5BC7FB7207CA01F1AF2A874A8159B5941E67C62B80B1F881F3A39563E67CA9A2C9D35CEA8806C0D9DF1D6847AC4066143EB47AECA7E1F1A60B24683F7A4D0C8D72C285832949EBA8FD6A3AD3B30D2B4514FA8A9A71266620F11FCCEBD4AC6F028115BBAEC4F58AD087DA214506634C49DE9F11FA56E4C3ADDBECE97ECCA0164033BE60E47989233E245678D5982A48343D990F59D65CB3BA5B52B5100A0F54E50798D7C2934F9435ECC9C63629E2B0BB6101092A924A71AC29524424000AB2055C05679ED4EFC168B484A7DD6811FE6313E400A96DA5BF2F375247763494933E00E959F39627127BE9503FDC0D2A6DDB1EC96C0B86BA4B54637663C28A62C44E9F2AAA248F6ECD352363B9F1FE248EA6A6ACBB36B29C58A348046FE71A54831B3EA98584AA46A99CBAEEA7404237B3C823DF2A3BB02647F3C6955D2C975601946ECE35FE75A54501792FB2356E0F13C73F4A65C6ACEA12201278EE3FCDD4A954167AD58539E19DD90839F0D3A535F6748EEAA46FCF7F1F2A54A81035AECAD9F9C47A7EF403B75A4E807F3E54A9530017AC2469DE8F4FAD3093C89A54A801E459F17A0AE55772F41066952AA10C0BBCEB813E0914E26C0714C660713A74A54A9201DEC6370F2EB5DA667DDA54AA847A72DD4A952A00FFD9,'Carousel DieCast Legends','This diecast model of the 1966 Shelby Cobra 427 S/C includes many authentic details and operating parts. The 1:24 scale model of this iconic lighweight sports car from the 1960s comes in silver and it\'s own display case.',8197,29.18,50.31),('S24_1785','1928 British Royal Navy Airplane','Planes',NULL,'Classic Metal Creations','Official logos and insignias',3627,66.74,109.42),('S24_1937','1939 Chevrolet Deluxe Coupe','Vintage Cars',0xFFD8FFE000104A46494600010100000100010000FFDB0084000906071212121510111216161215161515181717121718181613171917161B17181A181F29201D1A261B1715213121252D2C2E2E2E171F3338332F37282D2E2B010A0A0A0E0D0E1B10101B2B2620262B2D2F2D2B2E322D2D2B302B2D2D2D2D2B2D2D2B2D2D2B2D2D2B352D2D2E2F2F2D2D2D2D2F2B2D2B2D2D2D2D2D2D2D2D2D37FFC00011080078007803012200021101031101FFC4001C0000010403010000000000000000000000000105060702030408FFC4004610000103020303080509030D01000000000100020304110512210631610713224151718191143292B1D1233342527293A1C1F053628215172443445573A2A3B2B3D2F108FFC400190101000301010000000000000000000000000203040501FFC4002A11000202010302040603000000000000000001020311041221053113415161153281A1C1D1222391FFDA000C03010002110311003F00BC5084200421080108484A0150912A0042442004A92E808012A44201508420112A44A8010912A004850520DFE1FAF720150B9B10AD642C74B2BC32360BB9C7700AADC4795C749288686204B890D73CEA6DA93946E00026E4F6F6213856E7D8B6D25D79E6AB947AF79D6A4B383581B6F305719DAEAD7EBE9729EE93E0A129B8F74CE853D31DBC46C8E7D327A492DD79A0ED3D60FED537DEBBE2B26ED7570DD5537B4E55ABE2FB2344BA1D91EF389E9542F3A41B798837754BFC5A0FE49CA9F954AE67ACF8DC3F7A3B7E21495A994CFA45D1ECD3FA97CA154787F2C2F3A4B4EC3C592907D920FBD0A7BD199E82F5E5F745B9745D5155DB4D8B472737CE3AEEF56C410E077107CFC92CDCA362718B38B01072906317078F91F25176C53C32F8749BE69358E7DCBD12AA17F9D0C43EB47EC243CA8621F5D9EC051F1E04FE0BA9F45FE97D15CF5150D635F23CD9AC1727B00172A8D3CA6D7FED07B2D5AE6E516B5CD2D32021C0870CA2C41D3DCA4AD87A8F82EA7D1133DA763716AD868B9E68A28C19A40D906699C080D02C6F6B9363C09EC23BF0FC2B0D64B342C8E9DAD21AD68B36E435A5AF009E2483AEF0A929B9B75FA0DD6D7BB41BD85B7F72E8654F447CA49986962496B5BD59779EDB82BC95F1489AE897E70C74E5528A182A5A21C963166764B069712ED743A69EF596D7E051D24EC8583A4D8232F3D66475CB89E1A1F25C5162EF150CAA7B5B23D96B676E8728B5DC06F3FAEA5B71BC6A592615243237903206B46560B58103B46A7C15AF571941422794F47BA8BBC5B3185CF06EC4365E7F4365744C0E04DDEC02F921B584845C5C137D3B2CBA2A7933926A3F4CA79BE532B8987268ECA48E83C1F5B4DD6D6FD49BEBB69EB248F9A642C6011B63CCD94905A34CD671D09035B2778794EA8A30299948C918C1A3B3B8137B9D6C08EB5EA515130DD3D459372792BCA59C87B6C4E53BC7E7DEA6DB3BB1B3E205ED8A7644C8ED9A4CA5C752E0D0D6DFAF2B8EF1B828751D2B9D20206E049F7A75C1F6AAAE80B9F48474EC1E1CCCC0DBD53C3E96BC5572C6FC1B2B76AD23CE724EC722F2FF007903DF4848FF009509929F963C4773A285DA1FA0F1EE2955BB51CEF12DF563B6D7E16F7C62A5AE01B132C5B7B1D5D736F6B770E0A0F1553D8330008B8DE379F0520DB3DA580D3E580B848E73C386620EF02FA6F69D4F9AAED952E27A4490A9BB1396E89D7D26A25557E159DFF04A23AB7B9B9B3306B6B1201FC527A43BEB33DB1F14D0355B216B45F3479F4D2CECB6E37B159B28EA3535CAEC3A098F6B7EF07C56065FB1F783E29BC4917EC4FDE0FF00AADD4CC63CFCCD9BDA5DBFAAC2C37A96115C6C9B78FDFECED6B9DF55B6ED06FEE4F385ECED5D4DCC5092069EA8B03D973A5F85F44F7B158634B24AAA82453B32DF5B6770B90C0780D4F781DB6CEB369EB6A1D929A10D840018D1D1077F45AD034D02282EECA751D49D6F6558CF9B632E27B39554CDCF3C395A35CEE682DF173090D1C4A8AD54A7392F60BEEB6670D7B6E095666CAED7482530CA0822C1EC3AF44F5DBAC5930F2A1B3EDA3A86F3432C5302F637A9B6203983802E691C1D6EA0BD7158E0CD46BA7659B6CFA3442FD30B5C081D1DC46727C750B315807D1FF50FC16A2E5966506F2741269BE5F27553D4179CAD61738EE1CE1F3F57DEB63A924612046011BC7A437C2FE49BDC2FD575ADB15EC7BFBAD75245539493E0E9188D8EADFF0039F8210D67003C10996477FB9AE5A374BBB400EA4EEFFDD0F92DF4D84346E05C7B6C9CA6B03947569DDC176D1628E8E37C4CB659058DAD99DC2E770E2BCC3F972741D55AFED71CBF719DD1DB449CD3B7D8F925A8AE25DCD52339C7D85DCC06C38663BFBF40B09B02C45C3310070B85EAD3333DDD6AB83C2FB01675109616069B8DFDF61AF6E853254CB3C0FCB333C08B5FB884E7495F76F44DC761B5C23A9C79235F53AEFE3CC9EE2F8AC26869292278BDEF3744800B8E624FEE936D7774429D415F1D144C81B1383A4883DCE6B85C4874B5F85BDCA9BA7C69EDB020380DC6DA8EE4F549893E51764C45AFD1738E84EA6CE1A804F056427CE4E5EA740F198B27541446A6BE09A46D8B639736A49706F361A5C6D6BDDC77EBAAE3E5D4B44746DFA579ADF6436307F12C5DFC95514FCE4D53391AB5B1B6DEA8172ED2FD8379EBCDC1577CAD6D432AAB436375E284736D3D4E37BB88E0481EC8536B39660A538D893F2229745D60241DA8E7476ACF83BAEC3682963DCB9DD38EDE0835407829A819E7721CB0F7FCA070FA163E285C94AE396F7F5B53C50AB72E4E9D1541C1391D53540B068F1E2930BA07D5486269B46DF9C70FF68F25AB1F8A6A7C9CEC4E8DF23733330B1CA0DAF63A8D5486863F44C3839B6E72401D726DABB76BDC479057555BF9A4733A96BF2BC3AD9B24C55B4FFD1A8E204B74711B9BDFDA7E2170BF1FAA65DEFCAE60DE58EDDBEE7DDE69EF6370589CD3354E6304458D2D049324AFE96A77D8345CF59D3B54AB169A0702C8E26730E01A41858DCA0DC7448E966DD6D55D8DCB27073822D4CC66210F35200E7104B5C06BA7581D47DEABC66193C12C8C744F22276491C18ECADBEECC40B36E05F5577725DB1F2D3C923EA034E577432BB3076601D7F223CD48B65E30712C508D58451B7F883662E1E4E6AF13CAC327193849491E7B056C8CD8E66920F684FB5DB1F56D9E4863A699C18F734111B882DB9CA43AD6D45BAD3950F26788BF5E6727F892347B8959F633BCB5504B963251E2F331AF631EE6B64696B8B1D96E08ECEFD1479B81CEE3A36CDFAC777EBC15BB45C90D4685F531B3AFA2C7487CAED0A4745C9740D0049512BEDD4D0D60FC013F8ABEBCAEE60D5DB558BF8BE4A386CE76CC7C196F794BFC85037D695E7F89A3F25E88A5D81C3D9FD407FDB739DEF29F28F0A822F9A86367D96341F3015B95E48C3BFDD9E70A1D8FE73E6A9A778EDCAEB1FE2B00A4187726B5675146C6F191CDBFE6AFB45979B99E6E5E879A36DE91F874CC827898E73D99C16121B6B916DDDA10AE3E537615B8A451E5788E784B8C6F22ED21D6CCC701AD8D86BD442147647CCB96AED5C26427FF00A130873DD4D53F4432589DA6E20B5ED1E20BFD94ED26010CD454B2323E72231333B01D482C00904F5875C8EE53DDA8C063AEA67D349A070E8BAD72D78F55D6E1F15556C8ED14983CA70BC51B962B9314BBD9949D75EB6FBB710A5DD60CC7553ECC54434CE645209A2CC1D99A32BB331A7A56BDC9B68776ED2CB3969DB4673553C3E4172D85AE05D9ADD12E36B65D47EB4564D31A69D9998E648C3C43B43C7B930623061187FCBCDCCB08D402EB927F75973AAAE299EE470C2EAFD1A87D26ADC010D74AF360002EBBAC075750B2C793FA09194EEA899B967AB91D50F69DECCE00630F16B0307826FA6A19F14919515519868A3707C54EE1D399C356C930FA2D1BC33CD4D80524B078C2C94A542F4088B25420112A1080108420042108045C58AE11054B39AA8899233B1ED07CBB10840441FC90E1772E6472C77DF9277B41E16BEE4ED80EC0E1D46E12414CDE706E7BC97BC1ED0E75EC52A101240D59210801084200421080442108054210801084203FFFD9,'Motor City Art Classics','This 1:24 scale die-cast replica of the 1939 Chevrolet Deluxe Coupe has the same classy look as the original. Features opening trunk, hood and doors and a showroom quality baked enamel finish.',7332,22.57,33.19),('S24_2000','1960 BSA Gold Star DBD34','Motorcycles',0xFFD8FFE000104A46494600010100000100010000FFDB0084000906071213111512121215131517131E1B15181818151E141A1817131C1715191B181A1D2B2C181E251B151A223123252B32342E3523203538352C37342D2E2B010A0A0A0E0D0E1A10101B2B2520222D2B36372B31302D2B37373730372B2B322F2F2D322D2D2B2D2E372F372D2D2B2D322D2D2B2D2D2D2D2D2F37372D2B2D2D2DFFC00011080078007803012200021101031101FFC4001C0001000203010101000000000000000000000506010407030208FFC400361000010400040306040407010100000000010002031104122131054151062232617181071391A1425262B1237292C1D1E1F04314FFC4001A010100020301000000000000000000000000030401020506FFC4002A110002010401020406030000000000000000010203041121311213053241916171A1C1E1F01451B1FFDA000C03010002110311003F00EE2888802222008888022220088880222200888802222008B16BC3178C8E219A47B583AB8808F46526F48D84555C6F6F7071E8D73A43FA069F534AAFC43E21CEE943A2686463F0BB52EEB6797B28A55A0BD4BD47C32E6AF11C7CF475245A9C371CD9A264AC36D736C7F82B694A5169A786651612D0C1945F36B210194444011110044440712E23DB0C689A50277372CAF6D776806BC81C957B118C7BCE67B8BDC79B8927EA54AF1CE17247899DCE7C76E99F4DF09F15D8B241B07C942C9880C7647C74EE8ED0FF00B1E8B97DC526D6783DD5956B5E95D292785E983D237AD9034B3A01F55F384958FD1ADA3E445FDF75E58DC348D048B71E4D7021DFD28916E7512E097E0DDA8C544CF970B8B5B77B0357FB2B2603B618A6EB2CCC2398C998FD88A5CAA5E352D381764A68344D1366A800355AB8BE26FCD41E6B28D89A2799565424B18679DAF756D3EA7287D3EEF6768C77C477FF00E70DFAD8FAD83414749DB2C5BF532651D18001F5367DD722878B4AD787079D0FFDA735D3FB2D38C60113802FBDFCBF369EFF0045897713C3666D7F893839C61C73924B05DB0C4B5D798B87476CAF7D9DED0B3122AB23C0D5B7F71D42D7C1F00C3C4CCA236BBA970049F72B3C4B1704019F33F860BB2B1C1BA35D5A591E11EAA78426B97939B775EDAA79218F8FE0B0DACAD6C2E233583A386E3F63E857BDA94E6BD1F48B169680CA20440707ED4112CD24921EFE73D6B435B0F45EA216BE26B24CAF394120917EB5BDA93F89DC364866CF1001938A3216DB633BB8DEC0E9A5EF6B988830B76D89EEE7F33E61129B3A380034D7A95CBAD67DC7972C60EB7773854E39D7B162978001235C3BECBA734F8803A121DCEBA15211BA561CAD904918FC328B23D08E4BC782E289FE1B9E5FBE479A0F21B5983DBC9CDCC3D415151E275A758730F9D5D65B07670D541055949C64FCBF52685579CA7B2471984866243A2731C37AA7375D451D0FEEA0B1FD9CD6D92006B6769A0DB7A52ADC5DD86BC66EBA1208D0F76C5ECB5F178795C03DEE05B60173468D175AB7A6AACAA928BDBC13CABAA9AAB14D7F7F9457311C2A66789848EA350ACFD8AE2E70D34725F7468EFE53A1FF002B49F9E276575B5C3A1D1C3A83CD6FB31194024B4FA8EAA653735946214EDE84FA937D324D60ECFC770B1626031CAECAD3473035B6C415150E3F0F061C40F79C4B4683351B1C81277AEAB9E4DDA3908CAE0D207BAFAC1F146BFC4036B9DBABEDB2D9DC4B84694BC2A8E3AE72FB16EC771E2FA0194C6B0002CD50DACF33A69D161B8C9F2E68E59223D33123DC1D942E1D8DCB6DCAE177B870FA8DBDC2DC7F11682D2E69EA36F6D7655A7566B827743A3515A3388ED1E3E13DE99DF4691FB68A63B3FDBC99EF0C92312FF268ED37D363F65569312497126CBBE816DE0B1AD3A4AD6B856E477BEB5AA9215249F24D2B6A7529BEBA6B3F0D1D6B87E3E39981F1B839A7EC7A1E88B9CF03C7B70B3B1D1B898A534E1AD0D74F4DFF00ED1615B854CAD9C0AF6728CDA865A25FE3361DCFE15265D72BD8E20740ED7F75C3F0B37A7975AAEEDFDD7EA4C6619B246E8DDE17020FBAFCEBDB1EC8CB839CB6BBAE24467911A6C4D024EE5BB8F3095239E0DAC2E15293CFA9132631F10CCCD2C8CDD0D5D69EE523E22D71006524EADEF9CBE472916BCDD8173DBF2D8D74D3BC00C8E3EF3C57E2706DE56EBFBEAAFDC1BE18E3E78A138C3033E50A6C4E05CE20B6A9CE69A6FB5AD634F5B337172BB8DC38653891E2CAE0393B2126BF99B7FBA99E1DC4E36B435F6CF33E1D7CC6DA5297C4FC39E2103DCE8431CD2EB688DE6C0AD8E602F9FD5414DD9FC5C42A4C34ADAE6184B7EADB0AA5C50EE2E9916ADD466BCCBFC36F8B185C1AD93670258F144348A1BFB8FBAF1798C0CA5B95F62FF265AF10EB6A260637374A3AB41A17E9D696E3A10058341BF84F9EF5D1696F4A54969E50AB4A3D4A126787182C136486E5711605D0034CC49AEE81E8B53072BDA72896071FCB988EBB38E87C3F70A1B078F73BE68228C8FEF1048395BF83D3FDF55BAD8465398116D008D281F21C95BE98C7D042556BE94B096BD8DB33B98ECED0E8C8E5A870BDBD3FEDD58301C643E83C007991B3B4E639154FC6E39D180D233861F11F1E42002DBE60684290C30D9CD360EA08FB28AA431B474ECABF7334A5CAFDD1739F29635CC0328345DADDF42B53E605BB04B14991F2372E803F273F3CAACD0F64F0AFFE209BB9FA7281EE4934B45072E09E5730B758A99F62B183639CD34486E66E61C8F7B4FBA2BA60208A5959061DA3E4C6ECCE77E6236F6F3452C696B92854F1454DF1CFEECBD95E73C0D7B4B5ED0F69DC38020FA83BAF44570F346B60F87C310222899103B8635AD07D686AB6296510184594406AE330114A2A48D8F1FA9A0FEEAB9C47E1EE025BA8CC47AC648FB1B1F656D58A58714F9378D49C786701F88FF0E99816C52E13318B2912E675BCBF4A23D41D87E5548C2E24015FA6ECEC6BA1FECBF5763708C958E8E468735C351FDFC8AE55C6BE0F92F2EC3CADCA7938BD8ED8EE5A087F2D686CB5947258B7B9748E4F8D6191A5C3C2D1AF2A0EAD3D7427E8A4FE1FF02C562A47C78701CC60CCE2F34D6DF85B9AB73AE8BA9F09F84B1D8FFEB787B1A6DB0C59836FF33E43DE79F61EFCBA2F0DE1D0C1188E18DB1B06CD68A1EBE67CD3A16306AEEA6AAF763A672BC3762B1A3431B7D73B694FF0FEC03AC19A503C982CFF0051FF000AFF0048B454208B553C5AE26B194BE48D2E19C36381B9636D0E67727D4A2DD4532D1CD93727996D844443011110044440111100444401111004444011110044440111100444401111004444011110044440111101FFD9,'Highway 66 Mini Classics','Detailed scale replica with working suspension and constructed from over 70 parts',15,37.32,76.17),('S24_2011','18th century schooner','Ships',0x89504E470D0A1A0A0000000D49484452000000780000007808030000000EBAC6E000000150504C5445FFFFFFFFCC00CEA563000000FFCE00FFD000FFD100E0E0E0352007F0F0F0FAFAFAF6F6F6FFD300FAC8009C9C9C313131E9E9E9525252BCBCBC6C6C6CCCA462393939636363A38300DBAE00C1C1C1C9C9C9767676D3A865AF8E52EFC000EBEBEB121212EEEFF7AEAEAE404040D8D8D89999997E7E7E484848242424DCB16BF7F7FDCAA1008A8A8ABD9700876B00877E7DE4B700DEDFE75B5B5BA5A6A68E846C938258745C20989CA773694A725B004D381F43331E573F20957947928D83828179866F1D786436A5833DAD946087712B987A00A79F91685F47655943EABA71B08F29D2A7007A641FB491169370359C9481A07A4AC79D577F6B35977E2A6E74816E5005AA8D615B49007F72494B4122BA992B8D836F674A198F7100A98C36C8CAD7675D377D66412002002B2117B59456291300533403AD9F82B8B3A658491EB29747BD9A2654460CBCBFCCC5A84E332623E19CC17B0000075C494441546881ED9AED57DA48148703C9400949C010248434404C784DD80071D5B66245D16A4ADDDADDADADABB65BDBDA76BBFBFF7FDB99890856115B329EB37BF8793C44883C73EF9DB97367261435D34C33CD34D37F517A7BC20DF938116E3E91666FBC21992EC54880A389B99B6F50E88528197079C21D598304175BCCC6866164471C3FF2761EBA3B9FBF3928DF0B5E30CC564ECFE3BF0CDD2A29081735E38AD0CA25214E849ECE17E6F2ED854AC9FF97AC2866F35383D3850A0D95423825812E05968AE7680BBD0D493A6DC11E461752E82311DED42EA3ABF969C9D134FC12A50D71D0AE325D29CDD115858ACDC1EFB6CC02EC78960FA6E98268D129187278D96AD1E8723A70A2823A0FFC3A8A32E934746B99D631384629851C45A568D3071B94582853F1345D62D1FDF35383F1704AB6E8289B43C651026DB110ACC3CB760C81050C865E17A107C4026A1C6BD2A5A9C17838C5E66903FE2A141AB8189C3CBF61008EFAE03636353E8FC33D1D7860711EC1E1A5782DB81CF3C12606477143A6049761C858812E506C09F98F4DD059EA5B709B9EC3E032ECE4E9683CB6405F7CFEC3E0349D12B3168D62AAC348EA2DBA1CBD02563058A9248C649AAEA40A74057D6E88F1F371CE668DEF4D2E513C74E1D881FF18C7631535018207AECC0D5D9D4C1444D806A81C6A180C8F80865B290EDF4C7FF7B83675617E3EA7E006C7CD446101B75D2F0DD2650C65B2584B40EF0A15686754C829C90404C33EA123708E85E0C4D4A9EC568A620F5078BEC4AE61C94CDA5794A34B7744BA505C3005C1A2A71EC6DF2DD1EF8BA52067C8DBC948A55216919A64A699669AE9FFA166AD562C369B774C659B9620CC3F79679AE69D4E0DF1254189B51543542845B84B70536729B3592B1ABA5EB3EE905B9C2F6DB53EB9AE7BB0FCC96D594B7714E8E6C7C64B596B7000008EEFF3F55E7DC5BA83A2A776D670380D3091101290795E8E70F6A2429CBB54E79910131A8881827CED384B9ABBCB0DA943317CEF2B51B098B90E8BC8DC11496F27179D31E010237F2C9203EB99315844AE9F914B626B32180FD6BAC4C673B3C78DB73804BC3D5260DD1E6F3014D7236472CDE5C7752DDFD94E870CB8B81AB9890B4DDE2763B2F8780298D1C844793298FF4C64E9A6676EEC5B21D4B189AC91CF6EEED4C864EF90C4D67D7B223814F942C2D7932D8619DB25B0D5730B7028622F050FBE85AB43C02101EE4F76B57374123C58D99C308E510A6928C14F8EC68BB1603048E20CBF1ABCC9C5EE3857F37D6FF01190B76A8183DD7160C6E90F262E46DB0CBCF82ABAE35CCDF08D6131F6450C3ACAEC9E366E3E06B6DFE351991D3C9832F1B7331801E012861908449C1E0722118E979DCC7AF0078F2799089A81EA889BD9EEF69D81EC2F9BFF2CBBCBEEB6BB56CE09C1A7EBE20BD485FA2B309EDCCA49F1ACF31354A745AF9D9DB4DBB5E2B9F469CF44AEA8661D780CA3F5BC0607830A972C35ACA4022BF976E9ECAB5FF764839F928D52AACF01BBC7F5A0C9CCA583C4982B3BBBDDE539EBA468055F772916FBA6CE1D69C0810B0A50EF0C3B6F4DF0220C0011A67EF4178165A328C4D71AF515E8E7BAC6307CBFD3F4D16CDE1CE40FC0799DE073755BA7CEEA0D3437A2D4CCF0F6EA5213762665C9F5860537E706BF76EB44A9E8DF1A7F91AE429AFDD975178F6D073704FD30C07103E752469CAA99A3C90B865593D15E080021DE97F734F029C297DEBFBC8C41598BF76CBB9FC1DA7DF6C420F288487EAF77B9FE61383BB37BF0CB2FF77D49AAB42A10D80262B73C66D46286931BDB9214562F1456ABDB048AFA6CC6B3BD211868BD27E11D357C49EAF3E5E02B5CD3CEFC36040367FDF71D55BACC0D4B6A37F8ED4DB1EF3960C87DBC510D5F951A7E19F8FCA464F86159E7EC9F5EC70D87ABCFA77D3CE28A58615FE607D5CE8B0DF55A6E58DAD9D7832653CD5F65DF64AEBF7ABDBD18BD1538985AF2C1405E57C7188CC2EC065F85F860465B51AFF4E7118B9783DF5FF4C1C05E1C3AFA4A03D42A01B0E0BBBA278D60D411AFAB6A5592563BC1A7CD35943219E7F100ACEE481B1B55A89DAA1A46AF1BDDF5439DC0EA1CAF261879F31C5CADFEFCE0E1C3478F1E6D3F3D85963F5F79B3A89F1079FE63118C80E15C74EFFD3DA8F7EBAAF4A995CB9508AC8E7D35BB3EF80D0657DFFE790FEB9554BD4F64C3E742D95D0C769E9EE2FEFCCEE7BE7F1B56D7C93E0672BE0F027A3E981E8055F580EC7188E083CF13887AF0E1C387F7F71E3EE8AAE1538BE0D100955C3B2FF6FC94A986579F3D7BFBF63E9A2ED437044F4394BDFAA0BAE5EC7DA97A51F4486AB5BB46ECD997E6AFBBDAF0AC0BD4FF90762EB2C806B1633E367A78C447464B5BA01DED4B50A7A7A707AF082CD5B0625F2D5BFEF68C0D96B6BDE3E3E3D7FD8C1DFC860B564DEFECD6AF3BDA03214DD3E03A22E2B84D022B8893C3232F3466A7099F69C217FB60AF1370BA8CEE65BC6B0F322FDBCEC9F58C7B125C078B29F7EBFCE44D5B6434E0B4DDBDA0626DEC7D1916B493D98CF33A18B4BE2933B7C6627448DB9F7EC3BA691D4D0EEE1534E73D16A70BB5E2DA379D618E15E0FB87536C5AD7F4E3B187D4938D3EDEFAD14C66B899D00F724378636671D22AE65FB5CFE0A3A37CB0090000000049454E44AE426082,'Carousel DieCast Legends','All wood with canvas sails. Many extras including rigging, long boats, pilot house, anchors, etc. Comes with 4 masts, all square-rigged.',1898,82.34,122.89),('S24_2022','1938 Cadillac V-16 Presidential Limousine','Vintage Cars',0xFFD8FFE000104A46494600010100000100010000FFDB00840009060711120F15101013151615121515111516151517171515171617161719151715181D2B20181B25201616223122282A2B2E3330171F3344352C372C2D2E2B010A0A0A0D0D0D1510101B2B1D1D1D2B2D2D2D322B2B2D2B2D2D2B2D2D2D2D2D2B2D2D2B372D2D2F2B3737372B2D2D2D2B2D2D2B2B2B2B2B2D2D2D2D2B372D3737FFC00011080078007803012200021101031101FFC4001C0000000701010000000000000000000000000203040506070108FFC4003B10000201020404050106040407000000000102030011040512210631415113226171819107324252A1B12362C1D1141692F0153334437293A2FFC40017010101010100000000000000000000000000010203FFC4001B11010101010003010000000000000000000001021103213112FFDA000C03010002110311003F003B60A907C15584C1493C15D5956E4C1D377C25591F0F4DA4C3D056DF0F483C753D2E1E99CB0D4E08775A49AA4658A9B3C7514D49A25E9778E93F0EA2880D28A6B81294094001AE835D0946F0E80B7AE51FC3A141A914A4DD2974954B15BD88A473D8E58B0ED2C2BE2B28FBABB91EB6E66D5AFD21ACD614A6132C925DE30ADECCA7F6359271AE60CD2E1D71059C08FC5651F99F71B7A0A6596E730C2E24816589C11664DB7EDB1DC7A1A9D4B78DB25E16C4FE4FD4540E65964B11B491BAFAE8623FD405AAC399675897F0DA3C49895A2492C003BB6FDBDA9BC398625859B1C5BDD17FA56F32DF6C6B727A54258F6BF4E57F5EDEFE94D648AAED362B1601F3ABA1D8F89102A47637BDC52587CA8B79D61C3EC77D3A941F717D36F8AB73126D46923A4FC3A96E35C42619D4BE15A35704EA8E4F113CA45EEA5411CC7534CE3018061B822E2B957594D8474A2C54E0474B24545355868E21A7AB0D2A21A08E1050A92F068504A67199478625E5242960058163763B0006E6A560CC9E342E9E636F2DEF63E9B771507F68904630E9233001255BDF71B82A2FE8091F15038AC59932D8DA2674F07131C6C031BE9120401ADE841A96094E28E098716E71114AF04CDCCEEC87DC5EEBF07E0D530704E6093AACD7316F799009428DF7B12BEFB91FD2B53505400D73EBFDC52A26D8EE6C7636245FD2E2B3D5E4A8A6BC706190B2C8190465D775240D2A476FB8691C232EADD907C816FAD5C72AC56191046D0A691CB6BDBE0FBD4C479660E45BA418771D8C497FDABA67C9C8E5AF176F59D6778B78E3D4AC4C66C091B81CBA8DAA4387F305B102E14DB4DF73F36AB9CB9261882A91471311CD23456FDAC7DAA0715C28F71E68A641B989E3080FEB7FD456E6A58E7AC59555FB469237812ECBA964B58917B329BEDF4AA370CE28AB9C2B6F624C5D6E07E1F8DAAD1C43C3F1348D02EB49363E1121758FE42C02C96E561E94C978732D0C8BAF1384955832962B60C3AA9D837C13D37A6B1AFAB8D665E74E105E9CC6952A786DDEED0CE9311BB5C687B9EACB7363EF4C67C24B11FE2232FA91B7D79573777523A5963A4E2929D230A0208A853A514282338E72A658CCB73A54DD81375B7722B3AC833C8639648A4FF95232957E614AED765EAA6C3D45ABD178CC20616ACD78AFECEA0901785423EE7CA2C09F5156A263019D23D965B2B1034906F1B8EEAD4F3130581236BEDF5AC560C6E272E7304A9AE3BDCC6DCBDD0FE13EB57DC8788B5C7AA0632C7B6A43B4B16E39F71EBCAB3F45A1AE3FDFF4A521C5BA1BA920F7068926363F09A526CA8A5DAFCC002FCAB3DC3F1A4ED26B789044DE65557FE304DFCFA7F1FB7D2A58BD6C997F149FBB30B8EE39FD3AD58629A39575210C3F6F4EE2B2EC3CA24412210410082391BEFB52F81CCCC3207D5A6DCFA0B75BFA73A9D55F71F96C73298E455753F81C03F23FBF4AAA675C28FA4885EEA79C738D6A7FF190EE3E6FF14FA6E3BC26A4462D793EE8B73EA0DF98A3A718E1EFA4B953FCC2DFAF423FAD6F3E4B8BEAB1BF1E773DC6338C8F1D836F0A777887FDB644BE9DF9C46F6B7750C39D59326E35C6469FC4098D8C0F3347E59547768C8DFE96F5157FC666583922F0B10D14808DF5141ABD6D7D8EF59C7116519640EB245348818928629033230B6DD48F422D5DB171BFBF5C37378F97D2D995E639663C7F088573F84791FF00D3C9BE2979F86A41BC4E1C763E56FA5EC7EB59AE2E2C2E2415F16D88505E394A08BC42BBE8937B163D1C58FBD3DE04FB459048B86C5B1646164958F99081B0627661EA7F5AC6F1CEF2BAF8FC974B6488F19D2EA54F622C6854DFF98B0ED095791270A092174B35BBE953B7B8A15CFF004EBC5ADD699CF0034FCD26E2AA28FC51C2F16250AB8DFA1EA2B16CE723C565D309119858F9645DBEB5E969A3BD406719524AA55D4107A1A7D18F47C56B8BC3BC13FF000E56006A41E5916E35023F09B5FD0D3DCC3326C3E08088AEA919435AC4016B93EF7B8BF301140B534E23E0D6C34C258B78EFB8FCA0EC4FEB50EE1E300EDA651A0DC6CB7DC5FE79D2255C38133550B2467655D2E83F95F70A3E75003DAA57159B61A4D519601D411A5F6DF6D8DF972B6F59FE5198AC18D0B381A5E358A404794120117F4DC55F31794ACA8A5583A8FBAAE03151B79436A06DCB6D406D5868C7078C572158F868A412ACEA50693E5F0C0E47BD1D3151873E743F7883A8589DED44192E1A404241392BF7B44987600FB1DC7D69962F8661DEF0E22303F13C71C83E12320FFF005539D5EABCD97E20EE509BEE4EB8CDCFB86E7FDE9A38209B817EDA97FBFF00BBD59DB8223E5A9874FF00A37E7FFBAA01F27C02B32B62A5254952170CC2C41B117D6DFB56E466A2F1DAAE2EB65B796E458F7237EF5CC36164914E8D36BD892C07C5AF7EB4EB1F974018E99411C80F0E45DBD4DAC4F2A9ACB32793FC378C6658A25E4CD180580EA3CD723A72A9438E18C30C3AB095914CC3C3663AAD1A03B1040F312493D390F5A1560C8B844CF221C42CACAEBA9F55A350BCD790BB13DAF429C56D57AE31A206A17AD20AE299CC97A7A69271415ACDF2D591194F504563D9A629F0327853C64B2EBF0FCAA51C35AECB213E5E971626FDAB7A9A3A83CE3298E74292A0653D08FD683CD93CA5D8BB736258FB9DEA5326E23C461B68DAEBF95B75F8ED576CEFECE956ED0936FCA7A7CD53B1B904919B1153824F28E355C306F0B0A353905D8CAC5988EE4827A9FAD482FDA4124B3C3BADB400FE507A9375E7DAAA6B95B76A39CA1BB567917B53F997DA24D244638E3119616D7AF5103D3CA2C7D6ABD1E36210F85E192DD5CDBBEE075171B51D7296ED4BC7951ED567A4BECBE1F3D04AAB42BA6E35150AAC46FB0D8D86FF00A569580FF86E31A290A9D50D8AA163A6E395D391B567B87C949E953383C95C1BADC1AA36687140F2342A9592CD326CDBD0A0D243576F4886A306AA14BD70D16F42F409BAD36962A7868845411726141A8AC76468FF00780AB295A4DA3AA289270A203B0A2FF9697B55E5A01499C30ED5053178696964E1C4ED56DFF0F5D586A8AE4191A2F4A7D165ABDAA68414710D046C78115CA961150A001A8E0D72850775D77550A141DD55CBD0A141C35CA142805A869A142839E1D74250A1501C2D1C0A142A0305A1428551FFD9,'Classic Metal Creations','This 1:24 scale precision die cast replica of the 1938 Cadillac V-16 Presidential Limousine has all the details of the original, from the flags on the front to an opening back seat compartment complete with telephone and rifle. Features factory baked-enamel black finish, hood goddess ornament, working jump seats.',2847,20.61,44.8),('S24_2300','1962 Volkswagen Microbus','Trucks and Buses',NULL,'Autoart Studio Design','This 1:18 scale die cast replica of the 1962 Microbus is loaded with features: A working steering system, opening front doors and tailgate, and famous two-tone factory baked enamel finish, are all topped of by the sliding, real fabric, sunroof.',2327,61.34,127.79),('S24_2360','1982 Ducati 900 Monster','Motorcycles',0xFFD8FFE000104A46494600010100000100010000FFDB0084000906071313121213131315161515191A181918171817151F151A1817181A1D161D1A201D28201E1D251B161521312125292B2E2E2E171F3338332D37282D2E2B010A0A0A0E0D0E1710101A2D251F1D2B302B2D2B2D2B2D2B2B2B2D352D2D2D2D2D2D2B2D2B2D2B2D2D2E2B2D2B2D372D2D2B372D2B2D2D372B2B2B2D2B2B2B2D2BFFC00011080078007803012200021101031101FFC4001C0000010501010100000000000000000000030002040506070108FFC4003B10000103020403060305080203000000000102031100210405123106415113226171819107B1C1143242A1D143525372829293F062A2172333FFC4001801000301010000000000000000000000000001020304FFC4002111000202000701010100000000000000000001021103041221314151131452FFDA000C03010002110311003F00E263A457A95F23B578154E713226A4918B5CD3B4D0E9C26801E1DAF52A8A65380A4C4C22689D3C286DD1809A9240A8816AF754795154D83FEF4AF7B31B7FA69EA196182CF1F6D0108594A67558C4ABA9EB40C6639C724A94544C492666A3759F4FD684F4EF34EC547AA513F789DA865BE60D3573134D42A99544A42695470ABF3AF280A07460B11B54E3813136889AB7C9786D0587718F93D8B60C21362E286C92AE499F5AA941C6B52A126A5C1579270EE23127FF004B4543F7AC123FA8DBDAAFFF00F17E67FC14FF00913571C1F8CC576D870B7E1B5109ECC2424241D80B5A0C56B3119CE294E2825C4A0030350528FAC11152B7745D23049F859999FD8A079BA9A78F84F997F0DAFF0028FD2B5CE66F889838800750957CA68389C7BE0C2710E2AD78D49FA9AAD2C5B1983F0A332FE1B5FE54FE95E1F85F998FD93663A3A9BD69F0D8874EA0E6216DA84405126679CD103C623EDAAD5D13A95FA1A1C436396E75956230AB087DA5B4A22403F88750763E95014F574CCF9A5625B4E1DE5A8B892A2D950885EC075858B5EE0C573CC3E1E54029040120D8C982645F98A4E1BD0AAF8008937A6C55C61F2BEDDA75E6881D9292140C89D437076B473EB5372EE105AD056E3A1BEF690027B527BA153214237A5A41A33C81D6A3B8CC56E5AE0D6A6EFBA7F95A427E6B3520F0831697711ECD0FA1A6A0C499CEC367A1F6A55D04F0630AD5A5E7C446E1B54924F974A555A06667B688491041BCEDB4FCAB5DC472D65AC248492FAC2B48E806A1E8600A8BC2CE21299D292A5192624F956833FE1F6961B0C90D3A825654120EB2A02C6E2DBEDD4D658D9CD524A5D0E184A2B6272B2D69B6987DBD2A054D90B93D448DE2770479D47CE2538871204C99126041DA8184C9D249050942FBB2B490A048FC5B03260483EF5A5C5657DA2CAD2B001004EE4913C88802FBD67F7829F3D17A5D197534B9903E55EB18B089ED125249DFE957D87E192092A716A9BC9528A47869469157385CA5004052ADD084C4F2B09F734DE6E3D0BE662710A2F41421663FE2B55BA593143C5E01C4AC16DB5C6F7DE66BA11CB9ADD490ADA0AA546DB6E4D11BC0B6366D007F227F4A859C7E0FE673F521788787DA0AD008852D69263A09B47AD66B8972E7351C430545415A1D523542CFE17801C94041F11E22BB3A70481F75291E400A7B6C94FDD20795A8966AFA2A31A3852F16A61A4B7DD05F46B712A212082484EC2C48127D2B45C1987D4C3BA0120BA93F782FF6441F926BA9AE7F1007CE0FCEA239966195BB2D1FE84FE94966ABA2DA8B5C197460560590BFED07EB51D4CBB31D9AE3F9089F4AD23FC2D8356EC24795AA03DC13853F74AD1FDAAF98FAD6AB390EC8F8C1F6427704B4027B35DC098493B7801E34A86F700FEE388578293A7F3BD2AD3F4C3D2D65E1FD189C02149D2A20A42A4A48B4C1824569DBCD0477C4C73DB975AA6E1BC58791F6559137534A3F855D2A57D8CEA0CBA14954C9B4A5491D0F8981EB5C52C2D555C19465B12B099B249024851B80A05248EA2771E5572C63CF5A82EB4870695A42874226A2AF2B5A6ECB96FDC72543D15B8FCE94F2BDC41627A6AF0B8FF1AB369F9AE7C3352DD9E429BF1FBC93FD43EB157981CCED20820F4B8AE5961CA0F745A699B368FAF9D14552E0F3244152950948D4AF21D3C49B55166DC4EE99286902361ACD87224C5CEFCABA30B02538D89CD266E62BD8AA3E18CF4E2194296809512A0403AA0A7C7A11715725CE7302B16DA74CB1F14C501E154D98714E15AFBCEEA3D13DEF95AB3AF7C464158434D124D86A3B93B00948249AB8E1E24B844B68DCE91E3E97A6AD20F23EC6B94661F1271414520213060C01F3BD54E278EB16A8871693D7503E91A456BF9A6FC275A475CC6BBA10B50DD00923D2DE8695607843895E79D4B3885F681E4A8024005044DB6BCD2AA8E55D6E1ACC1E11FD2EA0CF3BF84F3AE8993676878766F418B057349FF62B9A3CDEF43C16254D2B526E398EB5B4198D9D6F1997A9BB8EF23F787D684DB950B86B897BA24EA41B106F1E11F4AD03D96A5635B0441FC3FA7E95AD0CAE753A808511E517F020D88F035587261263B84FE36496FDD1749AB3483B514266868452B5D9A319834E2564B2B96D6A9D0266D3161B8F635ADCFF000595E1DC5B2E34E217A756BEF10A1C940CF9FE7505193872CA008F11346C365B8669652E3A565A0484A94A50445F481B488D855C152A193F87F2A40625456DC9538920C29091B1E93A46C7A9AE5D9F716623106EA86C580DA45FBC46D262BAC7DBD1886DD4373AC36AB189EFA4806D6DC4571DCBB2275DB250BF0D2DA973F203DEA7E51BBA2ADF05597891724CEF7DFE74EC0BCA495142C215A489F30444F29DA7C6B4E3815D035380A00DFB55B6D7D49FCE82EE5F826A7B4C5B09B5D2D85E20F96F15A508CDB8CAC90214A59BAA01B5ADF9548C0E5AEADC4A129EF122C2E67D2B7EAE1921869E6708FE27B427BAEAFB00D8E4B5213363E76E75EE1F2A7DC49497D0CB427537826EC3A85BE76E7CE8A00B91709B490973B5D1891A8212920A7529261279C81AB9D2AA4E2FC53486109654D96F504A5217A949B1EFEDFF00607AF5A543D857463CA84493EF511F5785AA640F3A8CFB67A73AE388A816131CA69529E7B8E46B4B91719961D3265A55FC51D41ACCA9BF2A03A8ADA2C68FA030AF338B4854C2BA8DC79F5AF0E52E20EDA8754DEB97E07365B0197D24E850017E1E3EF5AFC6FC405B25984028209599DCF24A4EC2D7AA4EC19B2C1E1CC45EABF07C12029CED145685959D0645DC999BDF7B51F2DE3161D6C381F0DC94A4A561320ACC0B4F59BED5399CF70A7BCBCC9A8B881D9A363046E4F2ABA024E4FC3A9602B4924A80054A32604C0D846E6A0E7B896DB04F6A991C8126E6C24036BD0731E33CA9AB38F978F44EA727D4DAB2D9CFC574A90A4617020B641054F5C19FF824475E74C2D15784C42319884601CC1B6E1438B2959568588499694A093A84C5FC36AD7BB9061B049D6E9C36140D821014BF452EFEC9AE2386C5ADA85B6E29B5890169304488371E14B0CBD6AD4B9593F8944A8FE736A517E8933A6671F10B0A469699771246CA7950949EBA6E27CE2B17C45C48F63348715A52903B8952949F3D3648DA6A996FD9249E47A472F4A8DAE404F4E9ED4DC863D4DCEC279DCDFDA954961F46DA77E66E6956129BB1E91CD9107F3EB4D5799F53444267CA9AA1009AC2C560A39D0549A94A143523DEAD324B2C871A0254CAA2F3A676336228EC3DD923B3C4429B26073EB1E5542B47A51B1235A520A8C0BFD2AD32D6E8B5730383370F94F8483F31515D56111B2DD74F44C247BC55376115E04D5D93B160ACDA3FF9B4847891ACFB9A8B88C5B8BFBCB2AF33B7A508DEBC50A3500D2A26D4F0A3CADCA7AD2D14909A2C2C495751346C3B3A8DBF3A0A514509F1A96C7615D68A4F81A5485E95403A25A973B5355D7FDF3A54AB310D2A14891C87BD7B4A9A0065531614D59B452A55424C1A934C48A54AAC05A69004D794A803C0DD7BA408A54A800A8022882952A801C48AF6952A433FFFD9,'Highway 66 Mini Classics','Features two-tone paint with chrome accents, superior die-cast detail , rotating wheels , working kick stand',6840,47.1,69.26),('S24_2766','1949 Jaguar XK 120','Classic Cars',NULL,'Classic Metal Creations','Precision-engineered from original Jaguar specification in perfect scale ratio. Features opening doors, superb detail and craftsmanship, working steering system, opening forward compartment, opening rear trunk with removable spare, 4 wheel independent spring suspension as well as factory baked enamel finish.',2350,47.25,90.87),('S24_2840','1958 Chevy Corvette Limited Edition','Classic Cars',0xFFD8FFE000104A46494600010100000100010000FFDB0084000906071312121212121216151516171815161718181815151515151516161515171818202820181A261B151521312125292B2E2E2E181F3538332D37282D2E2B010A0A0A0E0D0E1B10101B2B1D201F2D2B2D2D2D2B2B2E2D2B2B2F2D2D2D2B352D2B2D2D2D2D2B362B2F2D2D2B2D372E2D2D2D2D372D2B2D2D2D2D2D2D2D2B2D2DFFC00011080078007803012200021101031101FFC4001C0000010501010100000000000000000000000102030405060708FFC4003E1000020102020705050408070000000000010200031104210506123141517113618191D12232A1B1C142445282071415627292E1F0163343546383F1FFC4001A010002030101000000000000000000000000010203040506FFC400251100020201030500020300000000000000000102031112133104142141517181224261FFDA000C03010002110311003F00F3BFD658E44C4A9966233B037967B06B6409E932F8292923932FE0A9DBDECA57A584707359A54281B58C24C632A2E770D26A18871BD49F9C2A20E4D18E8DCF2EFCA43C021315896273A67C45A2D89195C47AD46DCC45A35DFF0009F28DB013682EFB9E9236A62A6E3E77922AB1DFED78CB02CA334B743222129608AFDAF847D6C2923DE1E50ED36B306296FDDBF8C03253EC1AF62C3CA6961A858485D14EF5223E9D3007183790256B8394257A95EDB8FC21002CFF0084F177CA986E8E9EB24A9AAD8DB7F90DE054FC8CCC013806F87AC5B81B8B8FEFACD3B75FD1E0BEBA1314BEFE16B1E8B7F9457D1B5C0FF22A8EB4DFD2545C53AEEAB5478B7D0CB34F4AD61BB13547E6689D307EC7C910C3BAFBC8C3AA91F38A6DC65C1A77123EF4FE27D449174EE21BEF21BAD8FD247B65F4306754516CBE6255148139CD67D3388E2D48F5543F3919D2754EFA748F445FA43B66B86333AA6180DC01F18D5DAB6E07C6689D20FC70F4CFE53F430FDA43FDBAF83308B666184662393BD6DE3FD258A4C38B5BACB498EA5F6A830FE1A9EAB2C2FEA0FBCE250F4471F0021B53C7045A2A3D6EF532B9C41BF2F94D26D198326EB8C65EE7A0C7E21BE9271A26891ECE36878874FA191DA97C0C18A8B7CF389379740DFDDAF876FF00B40F9C22DB9FC0D272A2A77C69C4E79CECDF5569705B78CCCC6EA8313EC1B49E82E7139FEDAF25A78A038CDDC36A6DBDE727A491F5354EE2D0DB128E0E76B62C72BC750AA0E604DA7D4F6E0DF0909D00EA764302797189C1E078205C5587190AE2549DC3CA5BA9A25C02495B0DE6E32BEEBF295FF633A9BDC1EEB891D2C18ADB3DC3A7F49076B6DC4F999769E058F000C86B68F7E5E512D484D158D63C18FCE4D8562779F8090F66EA42EC9B9CB75EF265C0D61BE9541D5187D23DC92F62D2C98B74F2881BB94F98FACAED4DB77C38C4DA61CE0AE9FD160B0D4AFF00657CCFA4256DABF18496F4C8E0F5DFD53BE4552985C89CF96F32E282F71B871237F49A187C3AA0B2281DFC6FCF9CAAEEBE15B714B2D1B6144A4B267D1D1B902E48EEB67E732758749D0C3114C296A86DD05F75EDBFA4EB5579CE5B5CF572A620A55A1B3DA2E441CB68037163CC67D6FDD30D1D5CA772DD96132DB6AD30FE0BC9CD6271B88A8B7A6C1474B797FECC6C3D6A68C45605DCE76BD875B019CDD3876175AE4D36DFB07D9EE3BF78EF995A4B1F834B16BBB0DDB27E667A1515E8E5372E19352C480C7629D95B300DC0DA1BAE7EB31AA6BAAA314AB84D8606C46D127E91DFE20DB2156C8A7777F8FACA58CC450A9615543119662C47777748E71521C7C7265E97D2E3135D6AA21444005B7F1B9BF59E95FA26C3AE26ECD62A805D7E42C6710D4F0A54282CA2D6B036DFBF7C7E17490A151CD1AAEBB5607DA2B7502C05C70DD2B941E9C226A4B27B5E9EC5E2693ECE0309457F154A97CF9055A63E24F87194134F6971BF07867FE16AC9F30670F8FD75EDA922520D87A94CDD6A2BF680F30E8546D29E57860FF489443F67A430549BFE6A282C47E22991F26F098ECA2C5E5BCFE917C6713D169E92C6565B62345A95396588563E0AF4D6DE730DB53454B90B569F257552478A3106741AB38AC06CF6D84AB4B65C588ED0A8CB9A3136226D8C5A13ECB03D194FC8CCD2CAE3C162C7B3CDB11A92501256E3891127AA6C92377084B55AD2F288E9479FE8DD2EA5D96E333753C0C6E3B595AE551762C6C59FDEEE2ABB88EFBCF2AC4E35997B30DB2EA6E86F6BF1DFCE6C50AE594122C48CC723C665B6BDBB1CA4B25F196B8249E0ED703AC0D4F36A85F9820117EE3CA4D8AFD2361E8DBB416E42F7267038BC405476398009B74E139ED09A3CD6BD572ACEC4850C6CA6DBCF4B9B01DC63AA8EE25A9F8FC7814E7B6B0BC9EB4DFA4AD1D8B5ECAAD20C0EE15065E07819CB69ED1984B87C187A0F9DFDB3514F759B709CFE2F45AB855D9A7B2458B8B060DB8580DE2FE71757F145A8AED6F5BA9FCA729A2F8D94473093C15D7A6C7868968609CB28ABD93A03ED586C3DB8D88DD3A43FAA91B268DC77BB1F2E5324551CC45ED873131CBABBA5ECB95105E8D0186C08FBAAFF003D4F588D85C09249C2ADFF008EA7ACA1DB0E6221ACBCC48F7173FECC7B30F86AA50C00FBA27F33FAC95F0FA39859B074CF8B5C74CE64ECE41AC6C771E07A188645DF77D63DB87C255D58D1EC73A640EE73F29B1A2B53F452BAB957254836DAC8DB9CE2F4AE96757ECA8DB6ED7663B9477CCE715C916C55D88B819806FBAC48B4D9557D44E3AB38289CAB8BC60FA4D359A8D80B58427CF9ABBA72AB3351AA4DC6E3B8E46C41892AB6EBAB969932518424B28D0D3DABF54DFD80473513997C2574DCC479CF662257AF8347F7954F513B2D29728C8935C1E3588AF882A55B307232CE84D2229A8571B2CB7D87209036BDE06DBB3CE7A557D5EA2DF66DD0CAC755697E26F87A42318C78F00F53E4E231BA5C6CA5AD52AA5C2B282145F8DF8F494745E945A481191C9B93716E3D67798BD535B5D0E7C41E3E3C24186D5747076B69187020107A191B2B8D8B121C25283F073034F52E2950780F5920D3B43F787E5F49D2B6A6AF071FCBFD642FA97C997C4113376557FA5DBF618074C503F6FCD5BD2435F1B49865517E337CEA51FDCF8CAB57529F8283E305D1C170D877332A683D36B483537752BC33CAC778FEF9C9F13A62883ECB820EECF31DC6415353EA0FF4CFC255ABAAEE3FD36F23F48A5D1424F3912EA1AF443A11BB5A988C833395201DC5768DFAD8153E135B114999AA530DD995B1BDAE0DEF90E16F498BFB05D4820B291B8D8832E3E1313506CBD5765E56CBC6D37456160CEDE5861543621AB2916B9033B6D0B004F988B2EE0740D4CAC8DE5610954E8AE6F3244D5925C1E97B479436BBA47E10CF91960C92E794698DB1E5109EE8807831766447A436A0038F48DBF7453D20BD2201224976E2DE18022B88ED9114C4B086003B389D94520738D2A39C621C05A119B222400B578B7108490C5DAEF89B42108804CB942C39421000B08448440161161080820408420030A77463528420046D44C210801FFFD9,'Carousel DieCast Legends','The operating parts of this 1958 Chevy Corvette Limited Edition are particularly delicate due to their precise scale and require special care and attention. Features rotating wheels, working streering, opening doors and trunk. Color dark green.',2542,15.91,35.36),('S24_2841','1900s Vintage Bi-Plane','Planes',NULL,'Autoart Studio Design','Hand crafted diecast-like metal bi-plane is re-created in about 1:24 scale of antique pioneer airplane. All hand-assembled with many different parts. Hand-painted in classic yellow and features correct markings of original airplane.',5942,34.25,68.51),('S24_2887','1952 Citroen-15CV','Classic Cars',NULL,'Exoto Designs','Precision crafted hand-assembled 1:18 scale reproduction of the 1952 15CV, with its independent spring suspension, working steering system, opening doors and hood, detailed engine and instrument panel, all topped of with a factory fresh baked enamel finish.',1452,72.82,117.44),('S24_2972','1982 Lamborghini Diablo','Classic Cars',0xFFD8FFE000104A46494600010100000100010000FFDB0084000906071213111512121215131517131E1B15181818151E141A1817131C1715191B181A1D2B2C181E251B151A223123252B32342E3523203538352C37342D2E2B010A0A0A0E0D0E1A10101B2B2520222D2B36372B31302D2B37373730372B2B322F2F2D322D2D2B2D2E372F372D2D2B2D322D2D2B2D2D2D2D2D2F37372D2B2D2D2DFFC00011080078007803012200021101031101FFC4001C0001000203010101000000000000000000000506010407030208FFC400361000010400040306040407010100000000010002031104122131054151062232617181071391A1425262B1237292C1D1E1F04314FFC4001A010100020301000000000000000000000000030401020506FFC4002A110002010401020406030000000000000000010203041121311213053241916171A1C1E1F01451B1FFDA000C03010002110311003F00EE2888802222008888022220088880222200888802222008B16BC3178C8E219A47B583AB8808F46526F48D84555C6F6F7071E8D73A43FA069F534AAFC43E21CEE943A2686463F0BB52EEB6797B28A55A0BD4BD47C32E6AF11C7CF475245A9C371CD9A264AC36D736C7F82B694A5169A786651612D0C1945F36B210194444011110044440712E23DB0C689A50277372CAF6D776806BC81C957B118C7BCE67B8BDC79B8927EA54AF1CE17247899DCE7C76E99F4DF09F15D8B241B07C942C9880C7647C74EE8ED0FF00B1E8B97DC526D6783DD5956B5E95D292785E983D237AD9034B3A01F55F384958FD1ADA3E445FDF75E58DC348D048B71E4D7021DFD28916E7512E097E0DDA8C544CF970B8B5B77B0357FB2B2603B618A6EB2CCC2398C998FD88A5CAA5E352D381764A68344D1366A800355AB8BE26FCD41E6B28D89A2799565424B18679DAF756D3EA7287D3EEF6768C77C477FF00E70DFAD8FAD83414749DB2C5BF532651D18001F5367DD722878B4AD787079D0FFDA735D3FB2D38C60113802FBDFCBF369EFF0045897713C3666D7F893839C61C73924B05DB0C4B5D798B87476CAF7D9DED0B3122AB23C0D5B7F71D42D7C1F00C3C4CCA236BBA970049F72B3C4B1704019F33F860BB2B1C1BA35D5A591E11EAA78426B97939B775EDAA79218F8FE0B0DACAD6C2E233583A386E3F63E857BDA94E6BD1F48B169680CA20440707ED4112CD24921EFE73D6B435B0F45EA216BE26B24CAF394120917EB5BDA93F89DC364866CF1001938A3216DB633BB8DEC0E9A5EF6B988830B76D89EEE7F33E61129B3A380034D7A95CBAD67DC7972C60EB7773854E39D7B162978001235C3BECBA734F8803A121DCEBA15211BA561CAD904918FC328B23D08E4BC782E289FE1B9E5FBE479A0F21B5983DBC9CDCC3D415151E275A758730F9D5D65B07670D541055949C64FCBF52685579CA7B2471984866243A2731C37AA7375D451D0FEEA0B1FD9CD6D92006B6769A0DB7A52ADC5DD86BC66EBA1208D0F76C5ECB5F178795C03DEE05B60173468D175AB7A6AACAA928BDBC13CABAA9AAB14D7F7F9457311C2A66789848EA350ACFD8AE2E70D34725F7468EFE53A1FF002B49F9E276575B5C3A1D1C3A83CD6FB31194024B4FA8EAA653735946214EDE84FA937D324D60ECFC770B1626031CAECAD3473035B6C415150E3F0F061C40F79C4B4683351B1C81277AEAB9E4DDA3908CAE0D207BAFAC1F146BFC4036B9DBABEDB2D9DC4B84694BC2A8E3AE72FB16EC771E2FA0194C6B0002CD50DACF33A69D161B8C9F2E68E59223D33123DC1D942E1D8DCB6DCAE177B870FA8DBDC2DC7F11682D2E69EA36F6D7655A7566B827743A3515A3388ED1E3E13DE99DF4691FB68A63B3FDBC99EF0C92312FF268ED37D363F65569312497126CBBE816DE0B1AD3A4AD6B856E477BEB5AA9215249F24D2B6A7529BEBA6B3F0D1D6B87E3E39981F1B839A7EC7A1E88B9CF03C7B70B3B1D1B898A534E1AD0D74F4DFF00ED1615B854CAD9C0AF6728CDA865A25FE3361DCFE15265D72BD8E20740ED7F75C3F0B37A7975AAEEDFDD7EA4C6619B246E8DDE17020FBAFCEBDB1EC8CB839CB6BBAE24467911A6C4D024EE5BB8F3095239E0DAC2E15293CFA9132631F10CCCD2C8CDD0D5D69EE523E22D71006524EADEF9CBE472916BCDD8173DBF2D8D74D3BC00C8E3EF3C57E2706DE56EBFBEAAFDC1BE18E3E78A138C3033E50A6C4E05CE20B6A9CE69A6FB5AD634F5B337172BB8DC38653891E2CAE0393B2126BF99B7FBA99E1DC4E36B435F6CF33E1D7CC6DA5297C4FC39E2103DCE8431CD2EB688DE6C0AD8E602F9FD5414DD9FC5C42A4C34ADAE6184B7EADB0AA5C50EE2E9916ADD466BCCBFC36F8B185C1AD93670258F144348A1BFB8FBAF1798C0CA5B95F62FF265AF10EB6A260637374A3AB41A17E9D696E3A10058341BF84F9EF5D1696F4A54969E50AB4A3D4A126787182C136486E5711605D0034CC49AEE81E8B53072BDA72896071FCB988EBB38E87C3F70A1B078F73BE68228C8FEF1048395BF83D3FDF55BAD8465398116D008D281F21C95BE98C7D042556BE94B096BD8DB33B98ECED0E8C8E5A870BDBD3FEDD58301C643E83C007991B3B4E639154FC6E39D180D233861F11F1E42002DBE60684290C30D9CD360EA08FB28AA431B474ECABF7334A5CAFDD1739F29635CC0328345DADDF42B53E605BB04B14991F2372E803F273F3CAACD0F64F0AFFE209BB9FA7281EE4934B45072E09E5730B758A99F62B183639CD34486E66E61C8F7B4FBA2BA60208A5959061DA3E4C6ECCE77E6236F6F3452C696B92854F1454DF1CFEECBD95E73C0D7B4B5ED0F69DC38020FA83BAF44570F346B60F87C310222899103B8635AD07D686AB6296510184594406AE330114A2A48D8F1FA9A0FEEAB9C47E1EE025BA8CC47AC648FB1B1F656D58A58714F9378D49C786701F88FF0E99816C52E13318B2912E675BCBF4A23D41D87E5548C2E24015FA6ECEC6BA1FECBF5763708C958E8E468735C351FDFC8AE55C6BE0F92F2EC3CADCA7938BD8ED8EE5A087F2D686CB5947258B7B9748E4F8D6191A5C3C2D1AF2A0EAD3D7427E8A4FE1FF02C562A47C78701CC60CCE2F34D6DF85B9AB73AE8BA9F09F84B1D8FFEB787B1A6DB0C59836FF33E43DE79F61EFCBA2F0DE1D0C1188E18DB1B06CD68A1EBE67CD3A16306AEEA6AAF763A672BC3762B1A3431B7D73B694FF0FEC03AC19A503C982CFF0051FF000AFF0048B454208B553C5AE26B194BE48D2E19C36381B9636D0E67727D4A2DD4532D1CD93727996D844443011110044440111100444401111004444011110044440111100444401111004444011110044440111101FFD9,'Second Gear Diecast','This replica features opening doors, superb detail and craftsmanship, working steering system, opening forward compartment, opening rear trunk with removable spare, 4 wheel independent spring suspension as well as factory baked enamel finish.',7723,16.24,37.76),('S24_3151','1912 Ford Model T Delivery Wagon','Vintage Cars',NULL,'Min Lin Diecast','This model features chrome trim and grille, opening hood, opening doors, opening trunk, detailed engine, working steering system. Color white.',9173,46.91,88.51),('S24_3191','1969 Chevrolet Camaro Z28','Classic Cars',0xFFD8FFE000104A46494600010100000100010000FFDB008400090607131312121312121516151717161A1715181716171815181818181619171715181D2821181A251D161821312125292B2E2E2E181F3338332D37282D2E2B010A0A0A0E0D0D180F10182B1E181D2D2D2B2D2B2B2D2D2D2D2D2D2B2D2D2D2B2B322D2D2D2B2D2B2B2D372B2D2D2B2B2B2B2D2B2B2B2B2B2B2B2B2B2B2B2B2B2BFFC00011080078007803012200021101031101FFC4001C0000010501010100000000000000000000040003050607020108FFC4003610000201020404040503020701000000000102110003041221310506415113226171328191A1D107B1C142F014153372A2E1F124FFC400190100030101010000000000000000000000010203000405FFC4002111000202020203000300000000000000000001021103211231042241325161FFDA000C03010002110311003F00C5C57445735D05AC61015D014A9C4158C7A96E6BB36ABD2B35DAA1158C70045773DABD75A6D54CD630889AF3345142C18DA86B968D631C9BB3BD2914E26189A25707F5ED42C2A2C6B0B4657962C01D7ED5DB2C56B3550DB0A549DABCA262102D7614D12B60D3B6B0F2685801ECE1D89DAA570DC267E2D28BC161E3615296ACD24A47563C37B6056784281BD12BC2C77A2D500AB0F28F2F3632E10095B4919DFDF655F5FDAA7726743C508AB654BFC81EE10A80B37455524FD054827E9D638F9861DFE6547EE6B7AE1BC32D5850969028EFD4FB9DCD195649FD386728DE91F3BE379331968667C3DC8EE066007AE598A8B5E1226499FDABE9A678AAC73272C59C482CA16DDEE8C068C7B381BFBD0717F030946FD8C486004441AE1B870ED15298866476B7714ABA9865EC47F1485C06A2DCACEF5862D68837C3C76343DC1153D72D7A5017F0D34EA443260A22584CD79445CB115E552CE369A1C5C353D670DE94E85D69F4148D8F8A3CA4776C4577EFA5345EBA0A7DBD6A4CF560A8E9EE56E1C8FC3C59C1D958D5943B7A96D7F1584DF200EB2675AFA170403E1D04C29B6BA83063289D7A6954C7D9CDE5BF51F4C75A2C505D42E3750CB987CA6688AAA3731E11CF80888C10880CA2046C501DE23715238CE346DDBF10AC0EF563CF0AE2BC4AD5903C5BA893B062013EC275FA5461E2084064B8A41D8A9041FA75AA1E3B9A96CB3DD440A5D896830F73D89D63ED4761718B7CF8885BCC0660DA191B131B98913E83B514621FF51EC8F12DDF5FEA051FDD7553F491F21556B5709AB1F3AE37C896CEE4C9F97FED54D5BB54322D9E978EDF1248531700EA6959BC0E93AD357C9A9176AC66ED9A55EDB6D695359C59316C906C21512450EDEB52D8A2CDDA2A2EFE9BC51130356361A37AE5AE93F8A1EE3D74AD0294EFB3BBA6B66FD3CC43DFE1A14B4119ED86DE00900D630866B64FD24C3E5C0292673DCB8C3D3588FB5531F673791F8950C7F23DFB46E5D62AA96901CE80CF947C4098F31A1F8AF3A5CF0FC0660CA001B08FAD697CC169F159B0C8D954AB176F97941F427F9ACC38DFE9C5F42B95C39CB2D954E5524EC24C911D6A92B673639452DA1A7E02D7F0F6DECB343BE7F8039DB295CE08394763A558B96F80361AD92E49F71963D00ED4170EC2DEE1E117366561AEF13E93B558F0D8F173563F8A2BA26DAB32CE65BA4E26E89D15A07B44D020ED44731903157A36CDA7D0546B5CA94FB3BB14AA2822E0AF52FC883BD0CB7269BCD4945791216184EB5ED3187D6950272AB27F198CCA606DFCD47E2B121868B00695EDCB8BB1FAF5A6B10CB1E5A7A39E149828DE93B49A6589A7550EF07E9428EA52D1D5C78102B52FD20E361B0F730E4F9AD348F547933F220FD6B2964353BC81886B58EB646CD28DECDF8314D1D12CDEC8BF732730DDC382961D12EDDBAC19DE3C896D57583EAF549E27C5F16412788DC6F2AB795C00434F41B447DEA73F50B97FC506EE8A7C6552C44F95D749F4047DEA83FE50FF0002DB5276CCAC35DF5FB5519C91E894C1731DCF35BBD7CDCB6C342C64AB0D8CFDAAD431396DCCF4AA6F0EE0D6FC480D9D95497020A83B08EFA9FB5593895B22D651FDC0A2981AD945C4E2BC47763D4934D31F5A618418A59A91A3A232D0E4D748F4C99AE904C1A5E23F326786592C77DB6A5531CBF850403977FA52A9B7B2529EC8BF152587FCA857613A19AE6EDD0099FC0A2B855896CC5446A04F4204CD5A31B15FF05E0E80B0001AD038360D5B0F686552720D6449EA2456698FBCCC6141AD4F80D94FF0D69BC448C8A24EA410208899D0D55C5244D4A5FB07C5702275F20F97E2A5783F2E225DB57405D08CDBF5D34EDAD0CD76D12155AE5C6EC8328FCD4BF0FC5E4CAB1944C053A9EFAB4D25219CDD12F88C2DBB8AF66E805586DDE3F622A89C4BF4E2DA9252E47B99207698ABBE249D0AF997D080CBEA277A84E3D6AE95F2BC8F4DFF00346845268ADE1B83A61D72A9049DE0CFD69BC42F94CD16960ACE84B7ED433D9CA4789D768E9F9A26B2A98FE12BAE500B93B4C40FE288C0F0BB51E7B6330DC493F4CA24D5970782C3DF765B9745B70272B8F31DFE1D753A545F1DE2166C5A5B968B6704836DC417923669D088DA0D0A0F22AFCC186700B20416C6E173CFCF30151581BA2441D6A67887385EBF6DAD325B556D0955331DA49EB50AF813F126BDC751EDDE9E3115C8BF72DE6369AE05F2ACC9F6124D2AB2F20610A619030DC1247FBA4C7D2BDA9CB1C5B193338C0E1B21525A6E302C27508A04C9EFF6A3B8E62B32E1AF20D05A5579D3CDACE63EB2683E217E2CDEB9FD570AA83E9B91ED1438C54E1C5A3A02BBFBEBF623EF4EE34B42E2939360EED9665A4F61A0FF00BA93E4FE2D6ECB5CFF00101FC172BE65D4A309931D4476EC2A3B05855B814B4E80C8EA75323D87F34663B87CEA4A851A2A83F8AA57246AA360C325BCA870D06DB00732EB9C7AB76F4A3B87DA40E4B42FAB103AF4AC22CF18BF850570F7EE5B9D615B49EF9769AB3F2C719BAD87CCCE6EDC2ED99DCE72B1F0AC1D069AC99A9B546B2F9CC1C5BC3374DB704448883AED00FBD75C06FBB02B70C9C9331B91F1027D3EF558B0CF7EEDBB73249CCC4E821758A99BBC76C5B2F65189BCC352232AA830759EA4FCE2818213893DCBA8A1404852CADBEADA91F20681E25CDD82175ECB00C4E8C4EDECB037151D85C4E62C4127CC04EE60023F7359B71DBDFF00D575D0ED7091F2807EF358C6B9CC56F0F72C5B67CA97500F0D947FA8BD881D3D7BD64BCD3C55B1789BB7080A0905506C00113EE779F5A5C4B8FBDC5CA8322F5D75F6F415177C9055C7F7DE8A4667987DE2AC9C170CD72E2A0D06EC7B2FF04D43E18490CA267A7507B5681CBD80F0965B576D5BDFA0F614F740D325788F1A183C2390006CA45B5F52200FEFB52ACE79DF1E5F10CA49848006B12449F9D7B4AD8500E3B179AD5B048D27F8143F8B9ADC4EA3D7A1DA952A362C344D728DAF1B3ABDEB76C032ACED07311FD27A1F53DE98E2CCD6D88625BA4E9FC134A9504D8590AD7099A93C2629AC22B234132489D08D201A54A89912B7F9B41B67C2574BB041272950A7E2CAD324FA4507CBBC516D3DC378160E06A20B489EE469AD2A540211C479A2EE52B622CA7A435C69EA5E3CBEC2A06C81A6BB834A951463BC361731CBA6BEB44F12B4BE1A804797D452A54DF0120CE56E1A09B85881E59592371AD59ADE396CA3DC770428989124F451EE6BDA548133CE218A1718BEC5892C27A9D49A54A95031FFD9,'Exoto Designs','1969 Z/28 Chevy Camaro 1:24 scale replica. The operating parts of this limited edition 1:24 scale diecast model car 1969 Chevy Camaro Z28- hood, trunk, wheels, streering, suspension and doors- are particularly delicate due to their precise scale and require special care and attention.',4695,50.51,85.61),('S24_3371','1971 Alpine Renault 1600s','Classic Cars',NULL,'Welly Diecast Productions','test\'; update Products set productName = \'temp\'; ',7995,38.58,61.23),('S24_3420','1937 Horch 930V Limousine','Vintage Cars',NULL,'Autoart Studio Design','Features opening hood, opening doors, opening trunk, wide white wall tires, front door arm rests, working steering system',666,26.3,65.75),('S24_3432','2002 Chevy Corvette','Classic Cars',0xFFD8FFE000104A46494600010100000100010000FFDB008400090607131312151313131616151717181A181718181A201D1B171A17191A1A191C1D1F1D28201A22251B1A1A22312125292B2E2E2E171F3338362D37282D2E2D010A0A0A0E0D0E1A1010182D1F1F1F2D2D2D2B302B2B322D2D2D372D2D2D2D2F2D2D372B2D352B2B2D2D2D2D2D2D2B352B372B2B2F37372D2D372D2D2D35362B2DFFC00011080078007803012200021101031101FFC4001B00000105010100000000000000000000000400030506070201FFC40040100001030105050505070204070000000001020311000405122131064151617113228191A1073252B1D114234272C1E1F015624382D2F117244492A2B2E2FFC400190100030101010000000000000000000000000102030504FFC40025110002020104010403010000000000000000010211031221314104135161A12281F105FFDA000C03010002110311003F00C7ECE924E5AF1E5147582DE5A261055206860856ECF5E3E74C26EBB49FFA77BC1A5FD2A42CB73BE539B0F26143FC25491BF513972A9120969F616B2950C23094E30924A08221502019CC651AD5B5BB176484049C488012A1A1FA1A85B06CC2810B4A171AC142B4DC39467525654A9951CD6949198C32927983952B45A4F909066A0AF8D996DDEF370DAFFF0013D46E3CC7AD4AA2D414A8402723270C67969C68A4A15C15E4680E4CBAF0B038CAB0B8920EE3B8F43BE848AD076A13F7684AD3DC5AE09D08CA64731555BD6E1719EF7BE8F880D3A8FD6AAC8688840AEB0E7A54AD89B6F082604EF274CB86FAF1780E49198C811BE959204065AD7A9755BF77C8575837CC7850EF120D031E7D734D639D6925539C457A96C9070A498D72A00E4AEBDA6C4D2A606C977FB56607BFDA8EB9FCAA758F6AB61FC4E281FCA6B04536674DFC4510AB49C1830A78CEFF009D46934D6CDEDFF6A1604890E2D7F910A3E7028373DAA34505C66CCFB802B092308015C0C99F21587D999C65299024812741CCF21AF855F2E3B1A18C94E8536F0295122024E402B5207780273D1154A2273659FF00E2B3C74BBDC8E6E7FF00342DA7DA791EF5DA3FCCA1FE9342D9EEE73EF5580C44A7239E6321E1514FD9965425B5403BC4556844EB252DDB5DDBA61773A5426727233E3924500ABE4C809BB5689C80FB408E9250478549591092A18CA024F17129F13AF96552D6DB558834A1DA3695C643B54A81D3D296916A66737F32840C4ED9D6D7685510EB6A00800FBA1A1124C88571E155EB0053AA4B681DF5181981AF53945681B40F38A6DB2CB8202895A9290A01111BC41321590E074A16F37DFB3396659510DBA48C2A0DE7118B4139489D351431F3C94CB7D996D38B6D70149241822391115C582C8A75C4B6800A95C480071249F3A91DAD495DADD52412094E9F94573B2ADA85A9B25240CFFF00534BA0D80FFA5AFB553660291EF6632F119699D4A94A509C2068662779D2673194F9EEA99BE50FA71A85A96D24A86141109D0492A0721D4664D531F7DE5CE274AA3292A9A4D58A839EFBCC903539C6F9C873E14AA62E5BB986876EF3C64250A42103F1124C28C1E034E3CABCA131D15DB5D989592233CF5DE449F5A6DBB02D4A888E7FED5A93FB096723EED4E24F0ED207AA4F9506E7B3E180292FB9394A4A527331BC91CE8B35FC0A222C0E274DDBC7EF561B4ED05ADC4E070A5686CCA5303093A77809994EECA8E57B3D7C242D0FA3300C1410448DF06866361ADAEB81A4A90ACA492A3094E92A3BB978F034D322A37C8AC4965FB4128B2B44AF16168CFDDE08852B2C2AC4374573D8E24E25E48070884A53278242733D49356EBBB60FB25A5BB429480BEEA5D42B1B654744A8182927413AE92343D5E5B02E9708FB582110940ECB203726317777F5CEA27193568F77899F0E36D4D5DF75C7F4AC58AEB46BD934DFF7384927C87D2A71A24003ED2C44461285293E4ACBD2BD77616DC3316841EA850FD2BC46CCDE69D14C2FAC7EA2A16A5D9EFF005FC39755FA3D76C8D38D25A2F3294A49230A5635D7FC41BC93E26A66EDB05DE928C6BED42525385780A73DE013223777AA22D1755E088FF9361C11C13F3047CA82712FA7DFBABFEC2BFD245352923370F0E7DD17D8BB8E8C3249E68D7A499A60ECC94D98F6A842DF910EAC01DDC87BB8A400370354CBB6FBB3B4FA02AC36AED4830D2085FA2883A67A08A236AF6994BFB9423B24CF7A4824F2CB21E7FBED04AAD9CCF27D253D38F75F24ADDA9BBF094DA4B4A7428F792925313034D321C69ABEB61D6538DA4B6E20E60B420C71D73F035470B26758FE72AD2FD99DB9C8ECD6E27B24A4AA15008248DE4E59FCEA658ECC0CEDDBAC0949C43883AE53A8DDAD2AD5F6B6D96271B9290EAA4A52A4280320F7BBDC01E34AB1F4F27B8ABE4AED8EDE0C1A3987F233C7D35AC8AE9DA3521212A41501948307C8EB568BB76B193EF288EA923EA2B5D8D9C24B7AD8D059598CEA0F69EF02CB610DE4A749528F4EEA474113E26BABBAF66D63BAB4ABA2850BB598029852C800B40E6790269F666C7762EFB255F667D5890E4883B8F149E2323EBBAAD28B529C42B128F6CD8536E409C6A6CF755AE45420CFF7D66B664A52B2EA7BC9C270CC4A4EE5248CF28AB25EFB53F64B49742643ECB2EE106249490ACE322484791ABB5126307374B91AB9F69DC36DB4B6B7416D0250234270C09D4CC9A3AE4DA7B5A99507C203FF00841309D07BD26759D2B23BC6FF00C4ACC0D660680F1EBCEBBB1ED089857AE7EBAD636FA4753160F1D6D39EFF0046E2D5F8E7660ADB4E3DE01187A8244FA78D1763BC03A907084AB7A664A62B3DBBAF12B617D9B812B489C3F1278A7A4663F81BBB7689495E174C1DCB1E9D7AD166AFFCF4D37064D5BED616EBE1095151385442547BA98184900E44824EE3DDE155FBDACA90D92414A93A0208A7D9BFC336973B6C83984E34023BC0405473D0F4E75E6D46D0B4EA3B34B91A494A4A89DE32CBE635AD53B395971CB1CB4B2AB6658E20738FA7D68E6EF6713252ADDC7F7CE84B134833852EBA123113DC4401E2A8EB274D2997ED6272404C0DEA2AF531E80539703C2AF22ECB8EC659B1B188AE14931A2480374FAD2AADECD32E2B1290AC001EFA8132A498C2908FC510ACE46B4A9ADD13923A64D15C1662DE4B6C8E7FEF91A7996317BAB48FCD97ED51D65BC5E6FDD518F84E63C8D48377A32E64EB65B3F1B798F141FD0D438266B8FCA9C157272EB2A4FBC8F18F91AD5D5717F53BA6CA50405A0602A2263300CF2948ACE18B1AE258712E8DF835F141CEAFDEC936A52CA97667E021C20A4E9DE3A8F1CAA5474BB34CB99668528D307DA1D9D361EC5A69C0EAFB3D066ACB22B200EEA248D79D5376E2FCED9C4A51EE36DA1B078848CCF899F0EB563F6936C6987D61A752EA9633526640120209E409C86599ACD5C26093A9AA934DEC678E2F1C6DF2FE82F67AE755A5DC00C2466A5701579FE856140C0409E24E742EC531D9D896E81DE71644F24E4079926995A4A6147539D3E4C19CDEF73AECA9ED1951533AFE53C798FE74884DEA75227A7D2AE975DE58886DD41C2B94856184AE3231B899E1E359F6D15D46CCFADACE0669FCA74FA7854BC69B3D787CD9E38E9E826DD7AC819404CE19D73DDD070AE516CC6246B908E1000F58A8258A7EC6EE154EE3AD38AD2659B2BCAED9AA6CAD816F3282DB29582A033509E054410263219693BA6A9DB52D845A1E4272C2A88DD2323EA28ABA6F87D8EE36BC2954124894A4FC4781CF775A8FBD2EC75B754DBA25C39900CE2073C4201907504553E088C65AB8277604B44B8DDA1C5372016D4140027F16A23409F334AA0DAB92D0ACC029E13091D333207852A13DB81E4824F664D5E3B229566D929E4731FB5562F1B89D6BDE498E234AD3893D6997237E5CE998192049499048234228945E2E0CA67AD5EEF1B95A727200F1194FE955AB66CF286682143D7CAA5A4F9358659C378BA2157680733AD32A5CEFA79EB290608834C1451A46F2B7C9AC6CA340DCE14356DC5E23D57F422BDB4065C400B21A0129C2A29241CB4046FD241E2299F629684B89B4D89710B01691C646157C91EB45DD5B356855E219509B380A538143BBDD484913B8994914456E672F722987D1D837017882C95A547BAA1840279284188E238533ED4AC7DDB2DA3E3414ABA8015FEAA3AF8B990DBEEB2D3A92868A716A22477920C4295840922354E5A575ED5141362B1A37E2040E5D99FA8A72D851DCA2DDB71A5E6C38A742062208206E8DE4F3D28CB3DC9650614F95ABE14467E024FAD0775DECDB4D615B41C3DA15004C0129489CD27E18F1A286D72C64869081CB3FA0A0A4585DB3B30D0430B4CA92313A3259DCDC28C8C477C5582D2F3ED8FBC7ECD66000819A881C0494FA0ACC2D5B456859CDC30344C081FBD00AB4C820819D0539B6F72E7785F56649389E5BC7FB7207CA01F1AF2A874A8159B5941E67C62B80B1F881F3A39563E67CA9A2C9D35CEA8806C0D9DF1D6847AC4066143EB47AECA7E1F1A60B24683F7A4D0C8D72C285832949EBA8FD6A3AD3B30D2B4514FA8A9A71266620F11FCCEBD4AC6F028115BBAEC4F58AD087DA214506634C49DE9F11FA56E4C3ADDBECE97ECCA0164033BE60E47989233E245678D5982A48343D990F59D65CB3BA5B52B5100A0F54E50798D7C2934F9435ECC9C63629E2B0BB6101092A924A71AC29524424000AB2055C05679ED4EFC168B484A7DD6811FE6313E400A96DA5BF2F375247763494933E00E959F39627127BE9503FDC0D2A6DDB1EC96C0B86BA4B54637663C28A62C44E9F2AAA248F6ECD352363B9F1FE248EA6A6ACBB36B29C58A348046FE71A54831B3EA98584AA46A99CBAEEA7404237B3C823DF2A3BB02647F3C6955D2C975601946ECE35FE75A54501792FB2356E0F13C73F4A65C6ACEA12201278EE3FCDD4A954167AD58539E19DD90839F0D3A535F6748EEAA46FCF7F1F2A54A81035AECAD9F9C47A7EF403B75A4E807F3E54A9530017AC2469DE8F4FAD3093C89A54A801E459F17A0AE55772F41066952AA10C0BBCEB813E0914E26C0714C660713A74A54A9201DEC6370F2EB5DA667DDA54AA847A72DD4A952A00FFD9,'Gearbox Collectibles','The operating parts of this limited edition Diecast 2002 Chevy Corvette 50th Anniversary Pace car Limited Edition are particularly delicate due to their precise scale and require special care and attention. Features rotating wheels, poseable streering, opening doors and trunk.',9446,62.11,107.08),('S24_3816','1940 Ford Delivery Sedan','Vintage Cars',NULL,'Carousel DieCast Legends','Chrome Trim, Chrome Grille, Opening Hood, Opening Doors, Opening Trunk, Detailed Engine, Working Steering System. Color black.',6621,48.64,83.86),('S24_3856','1956 Porsche 356A Coupe','Classic Cars',0xFFD8FFE000104A46494600010100000100010000FFDB008400090607131312151313131616151717181A181718181A201D1B171A17191A1A191C1D1F1D28201A22251B1A1A22312125292B2E2E2E171F3338362D37282D2E2D010A0A0A0E0D0E1A1010182D1F1F1F2D2D2D2B302B2B322D2D2D372D2D2D2D2F2D2D372B2D352B2B2D2D2D2D2D2D2B352B372B2B2F37372D2D372D2D2D35362B2DFFC00011080078007803012200021101031101FFC4001B00000105010100000000000000000000000400030506070201FFC40040100001030105050505070204070000000001020311000405122131064151617113228191A1073252B1D114234272C1E1F015624382D2F117244492A2B2E2FFC400190100030101010000000000000000000000000102030504FFC40025110002020104010403010000000000000000010211031221314104135161A12281F105FFDA000C03010002110311003F00C7ECE924E5AF1E5147582DE5A261055206860856ECF5E3E74C26EBB49FFA77BC1A5FD2A42CB73BE539B0F26143FC25491BF513972A9120969F616B2950C23094E30924A08221502019CC651AD5B5BB176484049C488012A1A1FA1A85B06CC2810B4A171AC142B4DC39467525654A9951CD6949198C32927983952B45A4F909066A0AF8D996DDEF370DAFFF0013D46E3CC7AD4AA2D414A8402723270C67969C68A4A15C15E4680E4CBAF0B038CAB0B8920EE3B8F43BE848AD076A13F7684AD3DC5AE09D08CA64731555BD6E1719EF7BE8F880D3A8FD6AAC8688840AEB0E7A54AD89B6F082604EF274CB86FAF1780E49198C811BE959204065AD7A9755BF77C8575837CC7850EF120D031E7D734D639D6925539C457A96C9070A498D72A00E4AEBDA6C4D2A606C977FB56607BFDA8EB9FCAA758F6AB61FC4E281FCA6B04536674DFC4510AB49C1830A78CEFF009D46934D6CDEDFF6A1604890E2D7F910A3E7028373DAA34505C66CCFB802B092308015C0C99F21587D999C65299024812741CCF21AF855F2E3B1A18C94E8536F0295122024E402B5207780273D1154A2273659FF00E2B3C74BBDC8E6E7FF00342DA7DA791EF5DA3FCCA1FE9342D9EEE73EF5580C44A7239E6321E1514FD9965425B5403BC4556844EB252DDB5DDBA61773A5426727233E3924500ABE4C809BB5689C80FB408E9250478549591092A18CA024F17129F13AF96552D6DB558834A1DA3695C643B54A81D3D296916A66737F32840C4ED9D6D7685510EB6A00800FBA1A1124C88571E155EB0053AA4B681DF5181981AF53945681B40F38A6DB2CB8202895A9290A01111BC41321590E074A16F37DFB3396659510DBA48C2A0DE7118B4139489D351431F3C94CB7D996D38B6D70149241822391115C582C8A75C4B6800A95C480071249F3A91DAD495DADD52412094E9F94573B2ADA85A9B25240CFFF00534BA0D80FFA5AFB553660291EF6632F119699D4A94A509C2068662779D2673194F9EEA99BE50FA71A85A96D24A86141109D0492A0721D4664D531F7DE5CE274AA3292A9A4D58A839EFBCC903539C6F9C873E14AA62E5BB986876EF3C64250A42103F1124C28C1E034E3CABCA131D15DB5D989592233CF5DE449F5A6DBB02D4A888E7FED5A93FB096723EED4E24F0ED207AA4F9506E7B3E180292FB9394A4A527331BC91CE8B35FC0A222C0E274DDBC7EF561B4ED05ADC4E070A5686CCA5303093A77809994EECA8E57B3D7C242D0FA3300C1410448DF06866361ADAEB81A4A90ACA492A3094E92A3BB978F034D322A37C8AC4965FB4128B2B44AF16168CFDDE08852B2C2AC4374573D8E24E25E48070884A53278242733D49356EBBB60FB25A5BB429480BEEA5D42B1B654744A8182927413AE92343D5E5B02E9708FB582110940ECB203726317777F5CEA27193568F77899F0E36D4D5DF75C7F4AC58AEB46BD934DFF7384927C87D2A71A24003ED2C44461285293E4ACBD2BD77616DC3316841EA850FD2BC46CCDE69D14C2FAC7EA2A16A5D9EFF005FC39755FA3D76C8D38D25A2F3294A49230A5635D7FC41BC93E26A66EDB05DE928C6BED42525385780A73DE013223777AA22D1755E088FF9361C11C13F3047CA82712FA7DFBABFEC2BFD245352923370F0E7DD17D8BB8E8C3249E68D7A499A60ECC94D98F6A842DF910EAC01DDC87BB8A400370354CBB6FBB3B4FA02AC36AED4830D2085FA2883A67A08A236AF6994BFB9423B24CF7A4824F2CB21E7FBED04AAD9CCF27D253D38F75F24ADDA9BBF094DA4B4A7428F792925313034D321C69ABEB61D6538DA4B6E20E60B420C71D73F035470B26758FE72AD2FD99DB9C8ECD6E27B24A4AA15008248DE4E59FCEA658ECC0CEDDBAC0949C43883AE53A8DDAD2AD5F6B6D96271B9290EAA4A52A4280320F7BBDC01E34AB1F4F27B8ABE4AED8EDE0C1A3987F233C7D35AC8AE9DA3521212A41501948307C8EB568BB76B193EF288EA923EA2B5D8D9C24B7AD8D059598CEA0F69EF02CB610DE4A749528F4EEA474113E26BABBAF66D63BAB4ABA2850BB598029852C800B40E6790269F666C7762EFB255F667D5890E4883B8F149E2323EBBAAD28B529C42B128F6CD8536E409C6A6CF755AE45420CFF7D66B664A52B2EA7BC9C270CC4A4EE5248CF28AB25EFB53F64B49742643ECB2EE106249490ACE322484791ABB5126307374B91AB9F69DC36DB4B6B7416D0250234270C09D4CC9A3AE4DA7B5A99507C203FF00841309D07BD26759D2B23BC6FF00C4ACC0D660680F1EBCEBBB1ED089857AE7EBAD636FA4753160F1D6D39EFF0046E2D5F8E7660ADB4E3DE01187A8244FA78D1763BC03A907084AB7A664A62B3DBBAF12B617D9B812B489C3F1278A7A4663F81BBB7689495E174C1DCB1E9D7AD166AFFCF4D37064D5BED616EBE1095151385442547BA98184900E44824EE3DDE155FBDACA90D92414A93A0208A7D9BFC336973B6C83984E34023BC0405473D0F4E75E6D46D0B4EA3B34B91A494A4A89DE32CBE635AD53B395971CB1CB4B2AB6658E20738FA7D68E6EF6713252ADDC7F7CE84B134833852EBA123113DC4401E2A8EB274D2997ED6272404C0DEA2AF531E80539703C2AF22ECB8EC659B1B188AE14931A2480374FAD2AADECD32E2B1290AC001EFA8132A498C2908FC510ACE46B4A9ADD13923A64D15C1662DE4B6C8E7FEF91A7996317BAB48FCD97ED51D65BC5E6FDD518F84E63C8D48377A32E64EB65B3F1B798F141FD0D438266B8FCA9C157272EB2A4FBC8F18F91AD5D5717F53BA6CA50405A0602A2263300CF2948ACE18B1AE258712E8DF835F141CEAFDEC936A52CA97667E021C20A4E9DE3A8F1CAA5474BB34CB99668528D307DA1D9D361EC5A69C0EAFB3D066ACB22B200EEA248D79D5376E2FCED9C4A51EE36DA1B078848CCF899F0EB563F6936C6987D61A752EA9633526640120209E409C86599ACD5C26093A9AA934DEC678E2F1C6DF2FE82F67AE755A5DC00C2466A5701579FE856140C0409E24E742EC531D9D896E81DE71644F24E4079926995A4A6147539D3E4C19CDEF73AECA9ED1951533AFE53C798FE74884DEA75227A7D2AE975DE58886DD41C2B94856184AE3231B899E1E359F6D15D46CCFADACE0669FCA74FA7854BC69B3D787CD9E38E9E826DD7AC819404CE19D73DDD070AE516CC6246B908E1000F58A8258A7EC6EE154EE3AD38AD2659B2BCAED9AA6CAD816F3282DB29582A033509E054410263219693BA6A9DB52D845A1E4272C2A88DD2323EA28ABA6F87D8EE36BC2954124894A4FC4781CF775A8FBD2EC75B754DBA25C39900CE2073C4201907504553E088C65AB8277604B44B8DDA1C5372016D4140027F16A23409F334AA0DAB92D0ACC029E13091D333207852A13DB81E4824F664D5E3B229566D929E4731FB5562F1B89D6BDE498E234AD3893D6997237E5CE998192049499048234228945E2E0CA67AD5EEF1B95A727200F1194FE955AB66CF286682143D7CAA5A4F9358659C378BA2157680733AD32A5CEFA79EB290608834C1451A46F2B7C9AC6CA340DCE14356DC5E23D57F422BDB4065C400B21A0129C2A29241CB4046FD241E2299F629684B89B4D89710B01691C646157C91EB45DD5B356855E219509B380A538143BBDD484913B8994914456E672F722987D1D837017882C95A547BAA1840279284188E238533ED4AC7DDB2DA3E3414ABA8015FEAA3AF8B990DBEEB2D3A92868A716A22477920C4295840922354E5A575ED5141362B1A37E2040E5D99FA8A72D851DCA2DDB71A5E6C38A742062208206E8DE4F3D28CB3DC9650614F95ABE14467E024FAD0775DECDB4D615B41C3DA15004C0129489CD27E18F1A286D72C64869081CB3FA0A0A4585DB3B30D0430B4CA92313A3259DCDC28C8C477C5582D2F3ED8FBC7ECD66000819A881C0494FA0ACC2D5B456859CDC30344C081FBD00AB4C820819D0539B6F72E7785F56649389E5BC7FB7207CA01F1AF2A874A8159B5941E67C62B80B1F881F3A39563E67CA9A2C9D35CEA8806C0D9DF1D6847AC4066143EB47AECA7E1F1A60B24683F7A4D0C8D72C285832949EBA8FD6A3AD3B30D2B4514FA8A9A71266620F11FCCEBD4AC6F028115BBAEC4F58AD087DA214506634C49DE9F11FA56E4C3ADDBECE97ECCA0164033BE60E47989233E245678D5982A48343D990F59D65CB3BA5B52B5100A0F54E50798D7C2934F9435ECC9C63629E2B0BB6101092A924A71AC29524424000AB2055C05679ED4EFC168B484A7DD6811FE6313E400A96DA5BF2F375247763494933E00E959F39627127BE9503FDC0D2A6DDB1EC96C0B86BA4B54637663C28A62C44E9F2AAA248F6ECD352363B9F1FE248EA6A6ACBB36B29C58A348046FE71A54831B3EA98584AA46A99CBAEEA7404237B3C823DF2A3BB02647F3C6955D2C975601946ECE35FE75A54501792FB2356E0F13C73F4A65C6ACEA12201278EE3FCDD4A954167AD58539E19DD90839F0D3A535F6748EEAA46FCF7F1F2A54A81035AECAD9F9C47A7EF403B75A4E807F3E54A9530017AC2469DE8F4FAD3093C89A54A801E459F17A0AE55772F41066952AA10C0BBCEB813E0914E26C0714C660713A74A54A9201DEC6370F2EB5DA667DDA54AA847A72DD4A952A00FFD9,'Classic Metal Creations','Features include: Turnable front wheels, steering function, detailed interior, detailed engine, opening hood, opening trunk, opening doors, and detailed chassis.',6600,98.3,140.43),('S24_3949','Corsair F4U ( Bird Cage)','Planes',NULL,'Second Gear Diecast','Has retractable wheels and comes with a stand. Official logos and insignias.',6812,29.34,68.24),('S24_3969','1936 Mercedes Benz 500k Roadster','Vintage Cars',NULL,'Red Start Diecast','This model features grille-mounted chrome horn, lift-up louvered hood, fold-down rumble seat, working steering system and rubber wheels. Color black.',2081,21.75,41.03),('S24_4048','1992 Porsche Cayenne Turbo Silver','Classic Cars',0xFFD8FFE000104A46494600010100000100010000FFDB0084000906071213121513131315161517161F181817171817181A181D1D151D20171B181D181C28201B1A251E1820213221252D2B2E2E2E181F3538332C37282D2E2B010A0A0A0E0D0E1A10101B2F1F20212D2D2E2D2B2D2F2B2D2D2D2D2D2D2D2D2D2D2B2B2D2D2D2D2D2D2D2D2D2D2D2D2D2D2D2D2D2D2D2B2D2D2D2D2D2D2B2D2D2DFFC00011080078007803012200021101031101FFC4001C0000010501010100000000000000000000070003040506020108FFC4003D1000020102040403060403070501000000010211000304122131050622415161711332428191A12352B1F007C1D1151633627282C217248392D214FFC400190100030101010000000000000000000000000102030405FFC40024110002020104020105000000000000000000010211031213213141510422617191B1FFDA000C03010002110311003F002A5C68DDD3E6456679978C5CC3A3B41B969962560E42478AEC3D7CBD2B15C739E6FDDB6D6CA61CADC95582D3ADD214833A1C9D53542FCF77D2DA5B3D086DB2F4485331B1EE4483D27B8DBBE4D95B8FD967FC3CE644C35BBA3ABADFA554663217424CCC7A0F0D7C77985E278A07ACA676596566540809D2227F6283BC9FC796C31B6CCEAACD9835B0B9B3010A08631977F3D74AD1E3F9AAE5D5CB72CDA807DE1981DB69066B29BA2775AF26CEEF3F956652AB236DE0C79C543C7F3226200FC74B0EDD2492DD23C7C286F89C7E7F1CDE0363EBE750DF1E5410448EFE550A73337924CBDE7FC3245A54C4DABABEF675D649DCC01D234DBCAB1788671F1888DC7DF4A9576E820050649D4F953A383DC166EDE11951954C9D65F341F2F76B58B05C8EE1ECE1D522F0B82E12B96326528504E6D6436F1DB515C590A40560324EB948CD1E460C1F95535962DB93E15D02477FAD3698346E784F184B568A0B6A5A32A9619F28D736E4413A0F95515977563AC08DFBC7EFF5AA75C49037A7AD633E750E2C9A65E5BC5364CA480358EFA13266A06372E9D0A378A86D8A24EF4D632E180493E54A30A6115C9C0007EC52A8AAA4C52ADA8D2823F31F2EF0C5B79ADF11B0658184420C1ED1ED0C9D67E1AA5E2789824259B58AB28A421EA26DA81A1194981A831B7A5673BEA41F0803C6A78E2170BC9601408858008EFA0D35A2E82C7B93F8635D67554B05C43A9BCC5018F854EDE7AF9558F17E0D7ED643790AB34C11AA477D41DC53D85E2E6D5B2118E5632C011A9EDE7E1B53F87C05DBC872292D1244806078C913584B2393E8872B2BF156EDA80074F668324EBDA74155D8C89393DD1A77F0DCC93BD69EF72BA805B1189B569B2839155EE3794851B100FAC54CFF00A7B6FF00FCC3102F5FBE93052C5840EBA4EBED2F4FDBE5571C72123036CC6B23FAD2B8DA7BD33BFF0029FAD5C5E6C12894B18B611F1DDB2BA78F45B314D87C376C3187E9EBBE5B2ED0445B107B4FAD569E4768AB2A840503E74A5622053F8A367315161948907FEE2482343BDAA56F058778EABE8675116EEED1B4143ACE9E869A87DC0866D277FDFF005A71401A0127F5A997B8236A0DC06220807B891A687503ED50DC043A34E9BCEFF2F0A4D7340346FEBEEC79C547B9767B54FC45E3F111E407EF7AADBAE6648EFB55451513941AEF14A9D054EB269536C6CDF9E40C76CC6C266FF3EFF6A71BF85F8C23DFB23FF73FA2D1195DC03725DE544DB68481F99206B3E064188D2ACB087076ADA8BB98DC8EA199C09F9902BA7622BC1CEB2360B309FC32C5A44DCB2DEB9FFF009DAAD0F28636C1B7754DB655BA0B12C40220AE49226583B0F2D2883FDA9815D16C93E927EF355AFC6ADBB949408621633158999624684998ED1DEA7639B5161B91F32463F8F70ABC2F2DFB250B5C402F2B900341852BDC9CC8DB7879D6CFF87987BD872C8FEE18CBD59A172E9DF42A41F5173CAA3FB7C33959619964024680133113FCFBD5DE131364280A81E3C5F5FBCD56CBEE991B8B55A68C9739FF000F5559AEDA11659BA915648132081DC06EC2A9787DFBF84C130381B1720820B2166656CD9B50342A40F934D14AF710982D6FEE08FBD467879E8DF4F753F993353B2EED14E5160539CF1B7316961CD84B6067D2DDAC8DA91EF41F0591E1277DEB3982C2E61AD9B87B4E5623E447791A57D06702748BAEBA47BBA7D108A8B8BE006E01370EF32C8FAFF2FB53781BED93B95E01C5DC2FB6C3282AC2E010A19482E9A12867E2CDAA9EC6477AC8E07873DDB8512D97210B1C9F906EC6761FD68E69C0A27F1AD6BBFE193E950F1FCBB9A7F12DB2B4E6441ECC31241259762646FEB43C0DAEF91C72D768090C23652429D0C76D3C3CA3D3CABBC4F09675190ACF9CFD0E9A1A249FE1D5B24FE35F5D67E16DF703328D3498F4A6F8D7204D9716C9560156DBB18040F78B0CC00076D41893596CE44691C89F4C11E2F08D6CC120F98334AB498EE5AC661ADE76B04851D4C007403CE274F335E5269AED1AA9A61479831F8957F669692E5B10D6DDB42A08F74F5093A4F8E95030D88C6C445B1AEA431075F03263D2A1FF007E6E66E9B491D97C3CA626A68E79910D8543FF009187EB5E8F11ED1E736E5D31BC5606EBBA9B8F227A8672749D02CEBB78F8D3EBC0F4956511A8EA8235D674A877F9B49F770CA3D5DDBF42052C3F3616D4DA48D8F5FD376ABDCF464F1F3CFF000D4D8C29CBAB2B18D4E9B9F0927BD32786163A103C408D7EF59A6E6572D0155167B1631EB94D4CC4716BCB005C259BC994FCCB44534FD0A493ED1A7B183B8823DADD1FE9207FCAA425924FF8970FA807F9D64938CE3418258FCC30F3D75069DFEDBBFF001AF69EC0C78D1A5BF40A715E19B416B439BE44823F514CAD8B80CAB2C7D3F4AA6E0BC6959D428F7A201682493E86AE39830D76C837D2F90546636F2C2B81EF00666636DF6AE79CF43A3AF1C7723A8924DCD20B9D758D540F2DEBAB78B798807D403FCB5AEB8692E7DA09EAD8EDF23FBED577EC167311A9DE89492E195083972991D00081A04CF611A4EB4D62AD26E26B9C763ECAF49BA808F87309FA6F541C66E25DCB171815D42E466569D8B291AC4687B542BECD1D74377389096C855C0DE21A3D7C295646D70E2D796E2B9BAD6CCA981E52564C83A00629574C1DAE52FD9C59554BE8936BF06216E0FCA0FAEBFAD386E83B8FD6AA8E260C3483E6229C4C40EC6B08E946D28C89ACEBF94D739C46DDF4F2A697115D0715B2662E2CE819AA9E23C72E5B392CBB246E5491AF945595DB800240D813F6AC6B19D6B1CF3E291D1F1B1DBB66D79738F710B4A310DED1EC0682EDD407ACEB1DA7CCD5EE3F8DDDB9219C9CDA98819BFD51B8F5A9DC7712D84187C22053685A1EDC112594886CBE04096F58ACDF2FE06E5D6B966466B2C51D8C85D090358313063D297C6C8AEA43F958DD5C4B6E098A64BA8C0EAA4309DA46DF2A315EE32D77206B25432E6EACACBB6B1E3BC41A1FF2DF2D7B662A618A9860AC0F6FB69444C2F0CBC105B25401B7EE49F38AACF18B9EA4C8F8D292838B448E1EA993206202AC97D0058EFAE9A47A6954F8FE398056CA05DC5B921401D6A59959AD8EA22DF565683B122ABB9871012E58C2E6608B7ED7B50C217109745D565D47505C99881A46BE99BE1385BAA30B6572305B7666EAB4ABFB0C4B5DB04409922415D7A5A646C706DB675C5251E4BF4E75B8F0B86E1D68039327B5BC00FC5B6CD60E544206636D9343A18D75D219E69C75C406D5AC080EA19064769CF60DDB7330066F677136D0A6DAD73C46CDBC3DEB16C5DEBB8D68274384FC1C51BC067889CB732C7809EF151F8470EC528B64DBC8AA96352564643882C0EBD96E05F57F5A92B818C6704C5631D0DCBF8589E9CB876556916CA1602E0995BCA7BC750F55537966D5E62B6CDCB716EDDA2CC1A3295B4A8C402BD43A46BA465EF35ED2B88D45BE90057BCE779AE05E61DE8AF8FE4953B7E959BC7F263AEC0FD2A148B713276F8838F3A95678A8EE229CC5702B8BDAABEE611876AD16468CDE38B2DD31AADA48D74FA8AA1B03AD41FCC27EB5E9B46B92944A7A821051E833F3BE180C55C667822D2E45CB39A00904F69D00D0F7ACC704E2F72DE32EDA0F97345C03B176B685FD6607AC51079B02DDB367103345FB39651737532A95903786551FEE3E06825CC173362EF107DD72A1877C9D208F5CB35091418178C621DC1716D8C41661123E409FA56AB0FC6AE802170A34D211FF00A0AF9EF0DCCF894D3366FF0056F53539DF103E15FBD3B61A507B3C76FC47B5B2A3FCB658FF00CC567F9B2F62AF5B5C9756E10C090A82D30D3420973235DB4A129E77C57F947D6B9FEF9E28F703EB4EC2827612DDCB88A6FA3B1439AD2B99CA4C0198CCE50649235200D2B8BB8FE2E44CAC983A5D6589524EF3B1007FBA8716F9B711DDCFC8C54EC3734AFC798FFB8D24E828D78C1636E2B9C5622E0681956D5D5656D75D59650C6DA30A5433E33C72E9B8DECEF38B6750276F114A8EC7D07D007852F62A7B57495DAC541441BFC26DB6EA0D5363793ED36C22B5A057405000BF1DC8BE02B3D8EE5071B03471CBE54DBE154EE28004F83E7BC5607027086CE620116AF4FF00860F888D48EC647DB51BA1AFA56FF04B4DBAD55DEE4DB07E05FA0A698A802A582758AEC614D1B8F2459FCB4BFB976BF2D3B150151833E15DAE05BC28D2393ED0D969E4E5641F08A760051786B78548B5C15CF6346BB7CB96C7C22A55AE0883B0FA52B1816B3CB0EDF0FDA951C938528A5458082D3E82BCA55233B0B5D814A95007596BD8A54A981EE5AF72D2A5400A952A5401EE5AF32D2A5408F62BD8A54A80152A54A803FFD9,'Exoto Designs','This replica features opening doors, superb detail and craftsmanship, working steering system, opening forward compartment, opening rear trunk with removable spare, 4 wheel independent spring suspension as well as factory baked enamel finish.',6582,69.78,118.28),('S24_4258','1936 Chrysler Airflow','Vintage Cars',0x89504E470D0A1A0A0000000D49484452000000780000007808030000000EBAC6E000000150504C5445FFFFFFFFCC00CEA563000000FFCE00FFD000FFD100E0E0E0352007F0F0F0FAFAFAF6F6F6FFD300FAC8009C9C9C313131E9E9E9525252BCBCBC6C6C6CCCA462393939636363A38300DBAE00C1C1C1C9C9C9767676D3A865AF8E52EFC000EBEBEB121212EEEFF7AEAEAE404040D8D8D89999997E7E7E484848242424DCB16BF7F7FDCAA1008A8A8ABD9700876B00877E7DE4B700DEDFE75B5B5BA5A6A68E846C938258745C20989CA773694A725B004D381F43331E573F20957947928D83828179866F1D786436A5833DAD946087712B987A00A79F91685F47655943EABA71B08F29D2A7007A641FB491169370359C9481A07A4AC79D577F6B35977E2A6E74816E5005AA8D615B49007F72494B4122BA992B8D836F674A198F7100A98C36C8CAD7675D377D66412002002B2117B59456291300533403AD9F82B8B3A658491EB29747BD9A2654460CBCBFCCC5A84E332623E19CC17B0000075C494441546881ED9AED57DA48148703C9400949C010248434404C784DD80071D5B66245D16A4ADDDADDADADABB65BDBDA76BBFBFF7FDB99890856115B329EB37BF8793C44883C73EF9DB97367261435D34C33CD34D37F517A7BC20DF938116E3E91666FBC21992EC54880A389B99B6F50E88528197079C21D598304175BCCC6866164471C3FF2761EBA3B9FBF3928DF0B5E30CC564ECFE3BF0CDD2A29081735E38AD0CA25214E849ECE17E6F2ED854AC9FF97AC2866F35383D3850A0D95423825812E05968AE7680BBD0D493A6DC11E461752E82311DED42EA3ABF969C9D134FC12A50D71D0AE325D29CDD115858ACDC1EFB6CC02EC78960FA6E98268D129187278D96AD1E8723A70A2823A0FFC3A8A32E934746B99D631384629851C45A568D3071B94582853F1345D62D1FDF35383F1704AB6E8289B43C651026DB110ACC3CB760C81050C865E17A107C4026A1C6BD2A5A9C17838C5E66903FE2A141AB8189C3CBF61008EFAE03636353E8FC33D1D7860711EC1E1A5782DB81CF3C12606477143A6049761C858812E506C09F98F4DD059EA5B709B9EC3E032ECE4E9683CB6405F7CFEC3E0349D12B3168D62AAC348EA2DBA1CBD02563058A9248C649AAEA40A74057D6E88F1F371CE668DEF4D2E513C74E1D881FF18C7631535018207AECC0D5D9D4C1444D806A81C6A180C8F80865B290EDF4C7FF7B83675617E3EA7E006C7CD446101B75D2F0DD2650C65B2584B40EF0A15686754C829C90404C33EA123708E85E0C4D4A9EC568A620F5078BEC4AE61C94CDA5794A34B7744BA505C3005C1A2A71EC6DF2DD1EF8BA52067C8DBC948A55216919A64A699669AE9FFA166AD562C369B774C659B9620CC3F79679AE69D4E0DF1254189B51543542845B84B70536729B3592B1ABA5EB3EE905B9C2F6DB53EB9AE7BB0FCC96D594B7714E8E6C7C64B596B7000008EEFF3F55E7DC5BA83A2A776D670380D3091101290795E8E70F6A2429CBB54E79910131A8881827CED384B9ABBCB0DA943317CEF2B51B098B90E8BC8DC11496F27179D31E010237F2C9203EB99315844AE9F914B626B32180FD6BAC4C673B3C78DB73804BC3D5260DD1E6F3014D7236472CDE5C7752DDFD94E870CB8B81AB9890B4DDE2763B2F8780298D1C844793298FF4C64E9A6676EEC5B21D4B189AC91CF6EEED4C864EF90C4D67D7B223814F942C2D7932D8619DB25B0D5730B7028622F050FBE85AB43C02101EE4F76B57374123C58D99C308E510A6928C14F8EC68BB1603048E20CBF1ABCC9C5EE3857F37D6FF01190B76A8183DD7160C6E90F262E46DB0CBCF82ABAE35CCDF08D6131F6450C3ACAEC9E366E3E06B6DFE351991D3C9832F1B7331801E012861908449C1E0722118E979DCC7AF0078F2799089A81EA889BD9EEF69D81EC2F9BFF2CBBCBEEB6BB56CE09C1A7EBE20BD485FA2B309EDCCA49F1ACF31354A745AF9D9DB4DBB5E2B9F469CF44AEA8661D780CA3F5BC0607830A972C35ACA4022BF976E9ECAB5FF764839F928D52AACF01BBC7F5A0C9CCA583C4982B3BBBDDE539EBA468055F772916FBA6CE1D69C0810B0A50EF0C3B6F4DF0220C0011A67EF4178165A328C4D71AF515E8E7BAC6307CBFD3F4D16CDE1CE40FC0799DE073755BA7CEEA0D3437A2D4CCF0F6EA5213762665C9F5860537E706BF76EB44A9E8DF1A7F91AE429AFDD975178F6D073704FD30C07103E752469CAA99A3C90B865593D15E080021DE97F734F029C297DEBFBC8C41598BF76CBB9FC1DA7DF6C420F288487EAF77B9FE61383BB37BF0CB2FF77D49AAB42A10D80262B73C66D46286931BDB9214562F1456ABDB048AFA6CC6B3BD211868BD27E11D357C49EAF3E5E02B5CD3CEFC36040367FDF71D55BACC0D4B6A37F8ED4DB1EF3960C87DBC510D5F951A7E19F8FCA464F86159E7EC9F5EC70D87ABCFA77D3CE28A58615FE607D5CE8B0DF55A6E58DAD9D7832653CD5F65DF64AEBF7ABDBD18BD1538985AF2C1405E57C7188CC2EC065F85F860465B51AFF4E7118B9783DF5FF4C1C05E1C3AFA4A03D42A01B0E0BBBA278D60D411AFAB6A5592563BC1A7CD35943219E7F100ACEE481B1B55A89DAA1A46AF1BDDF5439DC0EA1CAF261879F31C5CADFEFCE0E1C3478F1E6D3F3D85963F5F79B3A89F1079FE63118C80E15C74EFFD3DA8F7EBAAF4A995CB9508AC8E7D35BB3EF80D0657DFFE790FEB9554BD4F64C3E742D95D0C769E9EE2FEFCCEE7BE7F1B56D7C93E0672BE0F027A3E981E8055F580EC7188E083CF13887AF0E1C387F7F71E3EE8AAE1538BE0D100955C3B2FF6FC94A986579F3D7BFBF63E9A2ED437044F4394BDFAA0BAE5EC7DA97A51F4486AB5BB46ECD997E6AFBBDAF0AC0BD4FF90762EB2C806B1633E367A78C447464B5BA01DED4B50A7A7A707AF082CD5B0625F2D5BFEF68C0D96B6BDE3E3E3D7FD8C1DFC860B564DEFECD6AF3BDA03214DD3E03A22E2B84D022B8893C3232F3466A7099F69C217FB60AF1370BA8CEE65BC6B0F322FDBCEC9F58C7B125C078B29F7EBFCE44D5B6434E0B4DDBDA0626DEC7D1916B493D98CF33A18B4BE2933B7C6627448DB9F7EC3BA691D4D0EEE1534E73D16A70BB5E2DA379D618E15E0FB87536C5AD7F4E3B187D4938D3EDEFAD14C66B899D00F724378636671D22AE65FB5CFE0A3A37CB0090000000049454E44AE426082,'Second Gear Diecast','Features opening trunk,  working steering system. Color dark green.',4710,57.46,97.39),('S24_4278','1900s Vintage Tri-Plane','Planes',NULL,'Unimax Art Galleries','Hand crafted diecast-like metal Triplane is Re-created in about 1:24 scale of antique pioneer airplane. This antique style metal triplane is all hand-assembled with many different parts.',2756,36.23,72.45),('S24_4620','1961 Chevrolet Impala','Classic Cars',0xFFD8FFE000104A46494600010100000100010000FFDB0084000906071213111512121215131517131E1B15181818151E141A1817131C1715191B181A1D2B2C181E251B151A223123252B32342E3523203538352C37342D2E2B010A0A0A0E0D0E1A10101B2B2520222D2B36372B31302D2B37373730372B2B322F2F2D322D2D2B2D2E372F372D2D2B2D322D2D2B2D2D2D2D2D2F37372D2B2D2D2DFFC00011080078007803012200021101031101FFC4001C0001000203010101000000000000000000000506010407030208FFC400361000010400040306040407010100000000010002031104122131054151062232617181071391A1425262B1237292C1D1E1F04314FFC4001A010100020301000000000000000000000000030401020506FFC4002A110002010401020406030000000000000000010203041121311213053241916171A1C1E1F01451B1FFDA000C03010002110311003F00EE2888802222008888022220088880222200888802222008B16BC3178C8E219A47B583AB8808F46526F48D84555C6F6F7071E8D73A43FA069F534AAFC43E21CEE943A2686463F0BB52EEB6797B28A55A0BD4BD47C32E6AF11C7CF475245A9C371CD9A264AC36D736C7F82B694A5169A786651612D0C1945F36B210194444011110044440712E23DB0C689A50277372CAF6D776806BC81C957B118C7BCE67B8BDC79B8927EA54AF1CE17247899DCE7C76E99F4DF09F15D8B241B07C942C9880C7647C74EE8ED0FF00B1E8B97DC526D6783DD5956B5E95D292785E983D237AD9034B3A01F55F384958FD1ADA3E445FDF75E58DC348D048B71E4D7021DFD28916E7512E097E0DDA8C544CF970B8B5B77B0357FB2B2603B618A6EB2CCC2398C998FD88A5CAA5E352D381764A68344D1366A800355AB8BE26FCD41E6B28D89A2799565424B18679DAF756D3EA7287D3EEF6768C77C477FF00E70DFAD8FAD83414749DB2C5BF532651D18001F5367DD722878B4AD787079D0FFDA735D3FB2D38C60113802FBDFCBF369EFF0045897713C3666D7F893839C61C73924B05DB0C4B5D798B87476CAF7D9DED0B3122AB23C0D5B7F71D42D7C1F00C3C4CCA236BBA970049F72B3C4B1704019F33F860BB2B1C1BA35D5A591E11EAA78426B97939B775EDAA79218F8FE0B0DACAD6C2E233583A386E3F63E857BDA94E6BD1F48B169680CA20440707ED4112CD24921EFE73D6B435B0F45EA216BE26B24CAF394120917EB5BDA93F89DC364866CF1001938A3216DB633BB8DEC0E9A5EF6B988830B76D89EEE7F33E61129B3A380034D7A95CBAD67DC7972C60EB7773854E39D7B162978001235C3BECBA734F8803A121DCEBA15211BA561CAD904918FC328B23D08E4BC782E289FE1B9E5FBE479A0F21B5983DBC9CDCC3D415151E275A758730F9D5D65B07670D541055949C64FCBF52685579CA7B2471984866243A2731C37AA7375D451D0FEEA0B1FD9CD6D92006B6769A0DB7A52ADC5DD86BC66EBA1208D0F76C5ECB5F178795C03DEE05B60173468D175AB7A6AACAA928BDBC13CABAA9AAB14D7F7F9457311C2A66789848EA350ACFD8AE2E70D34725F7468EFE53A1FF002B49F9E276575B5C3A1D1C3A83CD6FB31194024B4FA8EAA653735946214EDE84FA937D324D60ECFC770B1626031CAECAD3473035B6C415150E3F0F061C40F79C4B4683351B1C81277AEAB9E4DDA3908CAE0D207BAFAC1F146BFC4036B9DBABEDB2D9DC4B84694BC2A8E3AE72FB16EC771E2FA0194C6B0002CD50DACF33A69D161B8C9F2E68E59223D33123DC1D942E1D8DCB6DCAE177B870FA8DBDC2DC7F11682D2E69EA36F6D7655A7566B827743A3515A3388ED1E3E13DE99DF4691FB68A63B3FDBC99EF0C92312FF268ED37D363F65569312497126CBBE816DE0B1AD3A4AD6B856E477BEB5AA9215249F24D2B6A7529BEBA6B3F0D1D6B87E3E39981F1B839A7EC7A1E88B9CF03C7B70B3B1D1B898A534E1AD0D74F4DFF00ED1615B854CAD9C0AF6728CDA865A25FE3361DCFE15265D72BD8E20740ED7F75C3F0B37A7975AAEEDFDD7EA4C6619B246E8DDE17020FBAFCEBDB1EC8CB839CB6BBAE24467911A6C4D024EE5BB8F3095239E0DAC2E15293CFA9132631F10CCCD2C8CDD0D5D69EE523E22D71006524EADEF9CBE472916BCDD8173DBF2D8D74D3BC00C8E3EF3C57E2706DE56EBFBEAAFDC1BE18E3E78A138C3033E50A6C4E05CE20B6A9CE69A6FB5AD634F5B337172BB8DC38653891E2CAE0393B2126BF99B7FBA99E1DC4E36B435F6CF33E1D7CC6DA5297C4FC39E2103DCE8431CD2EB688DE6C0AD8E602F9FD5414DD9FC5C42A4C34ADAE6184B7EADB0AA5C50EE2E9916ADD466BCCBFC36F8B185C1AD93670258F144348A1BFB8FBAF1798C0CA5B95F62FF265AF10EB6A260637374A3AB41A17E9D696E3A10058341BF84F9EF5D1696F4A54969E50AB4A3D4A126787182C136486E5711605D0034CC49AEE81E8B53072BDA72896071FCB988EBB38E87C3F70A1B078F73BE68228C8FEF1048395BF83D3FDF55BAD8465398116D008D281F21C95BE98C7D042556BE94B096BD8DB33B98ECED0E8C8E5A870BDBD3FEDD58301C643E83C007991B3B4E639154FC6E39D180D233861F11F1E42002DBE60684290C30D9CD360EA08FB28AA431B474ECABF7334A5CAFDD1739F29635CC0328345DADDF42B53E605BB04B14991F2372E803F273F3CAACD0F64F0AFFE209BB9FA7281EE4934B45072E09E5730B758A99F62B183639CD34486E66E61C8F7B4FBA2BA60208A5959061DA3E4C6ECCE77E6236F6F3452C696B92854F1454DF1CFEECBD95E73C0D7B4B5ED0F69DC38020FA83BAF44570F346B60F87C310222899103B8635AD07D686AB6296510184594406AE330114A2A48D8F1FA9A0FEEAB9C47E1EE025BA8CC47AC648FB1B1F656D58A58714F9378D49C786701F88FF0E99816C52E13318B2912E675BCBF4A23D41D87E5548C2E24015FA6ECEC6BA1FECBF5763708C958E8E468735C351FDFC8AE55C6BE0F92F2EC3CADCA7938BD8ED8EE5A087F2D686CB5947258B7B9748E4F8D6191A5C3C2D1AF2A0EAD3D7427E8A4FE1FF02C562A47C78701CC60CCE2F34D6DF85B9AB73AE8BA9F09F84B1D8FFEB787B1A6DB0C59836FF33E43DE79F61EFCBA2F0DE1D0C1188E18DB1B06CD68A1EBE67CD3A16306AEEA6AAF763A672BC3762B1A3431B7D73B694FF0FEC03AC19A503C982CFF0051FF000AFF0048B454208B553C5AE26B194BE48D2E19C36381B9636D0E67727D4A2DD4532D1CD93727996D844443011110044440111100444401111004444011110044440111100444401111004444011110044440111101FFD9,'Classic Metal Creations','This 1:18 scale precision die-cast reproduction of the 1961 Chevrolet Impala has all the features-doors, hood and trunk that open, detailed 409 cubic-inch engine, chrome dashboard and stick shift, two-tone interior, working steering system, all topped of with a factory baked-enamel finish.',7869,32.33,80.84),('S32_1268','1980’s GM Manhattan Express','Trucks and Buses',NULL,'Motor City Art Classics','This 1980’s era new look Manhattan express is still active, running from the Bronx to mid-town Manhattan. Has 35 opeining windows and working lights. Needs a battery.',5099,53.93,96.31),('S32_1374','1997 BMW F650 ST','Motorcycles',NULL,'Exoto Designs','Features official die-struck logos and baked enamel finish. Comes with stand.',178,66.92,99.89),('S32_2206','1982 Ducati 996 R','Motorcycles',NULL,'Gearbox Collectibles','Features rotating wheels , working kick stand. Comes with stand.',9241,24.14,40.23),('S32_2509','1954 Greyhound Scenicruiser','Trucks and Buses',0xFFD8FFE000104A46494600010100000100010000FFDB0084000906071313121213131315161515191A181918171817151F151A1817181A1D161D1A201D28201E1D251B161521312125292B2E2E2E171F3338332D37282D2E2B010A0A0A0E0D0E1710101A2D251F1D2B302B2D2B2D2B2D2B2B2B2D352D2D2D2D2D2D2B2D2B2D2B2D2D2E2B2D2B2D372D2D2B372D2B2D2D372B2B2B2D2B2B2B2D2BFFC00011080078007803012200021101031101FFC4001C0000010501010100000000000000000000030002040506070108FFC4003B10000103020403060305080203000000000102031100210405123106415113226171819107B1C1143242A1D143525372829293F062A2172333FFC4001801000301010000000000000000000000000001020304FFC4002111000202000701010100000000000000000001021103041221314151131452FFDA000C03010002110311003F00E263A457A95F23B578154E713226A4918B5CD3B4D0E9C26801E1DAF52A8A65380A4C4C22689D3C286DD1809A9240A8816AF754795154D83FEF4AF7B31B7FA69EA196182CF1F6D0108594A67558C4ABA9EB40C6639C724A94544C492666A3759F4FD684F4EF34EC547AA513F789DA865BE60D3573134D42A99544A42695470ABF3AF280A07460B11B54E3813136889AB7C9786D0587718F93D8B60C21362E286C92AE499F5AA941C6B52A126A5C1579270EE23127FF004B4543F7AC123FA8DBDAAFFF00F17E67FC14FF00913571C1F8CC576D870B7E1B5109ECC2424241D80B5A0C56B3119CE294E2825C4A0030350528FAC11152B7745D23049F859999FD8A079BA9A78F84F997F0DAFF0028FD2B5CE66F889838800750957CA68389C7BE0C2710E2AD78D49FA9AAD2C5B1983F0A332FE1B5FE54FE95E1F85F998FD93663A3A9BD69F0D8874EA0E6216DA84405126679CD103C623EDAAD5D13A95FA1A1C436396E75956230AB087DA5B4A22403F88750763E95014F574CCF9A5625B4E1DE5A8B892A2D950885EC075858B5EE0C573CC3E1E54029040120D8C982645F98A4E1BD0AAF8008937A6C55C61F2BEDDA75E6881D9292140C89D437076B473EB5372EE105AD056E3A1BEF690027B527BA153214237A5A41A33C81D6A3B8CC56E5AE0D6A6EFBA7F95A427E6B3520F0831697711ECD0FA1A6A0C499CEC367A1F6A55D04F0630AD5A5E7C446E1B54924F974A555A06667B688491041BCEDB4FCAB5DC472D65AC248492FAC2B48E806A1E8600A8BC2CE21299D292A5192624F956833FE1F6961B0C90D3A825654120EB2A02C6E2DBEDD4D658D9CD524A5D0E184A2B6272B2D69B6987DBD2A054D90B93D448DE2770479D47CE2538871204C99126041DA8184C9D249050942FBB2B490A048FC5B03260483EF5A5C5657DA2CAD2B001004EE4913C88802FBD67F7829F3D17A5D197534B9903E55EB18B089ED125249DFE957D87E192092A716A9BC9528A47869469157385CA5004052ADD084C4F2B09F734DE6E3D0BE662710A2F41421663FE2B55BA593143C5E01C4AC16DB5C6F7DE66BA11CB9ADD490ADA0AA546DB6E4D11BC0B6366D007F227F4A859C7E0FE673F521788787DA0AD008852D69263A09B47AD66B8972E7351C430545415A1D523542CFE17801C94041F11E22BB3A70481F75291E400A7B6C94FDD20795A8966AFA2A31A3852F16A61A4B7DD05F46B712A212082484EC2C48127D2B45C1987D4C3BA0120BA93F782FF6441F926BA9AE7F1007CE0FCEA239966195BB2D1FE84FE94966ABA2DA8B5C197460560590BFED07EB51D4CBB31D9AE3F9089F4AD23FC2D8356EC24795AA03DC13853F74AD1FDAAF98FAD6AB390EC8F8C1F6427704B4027B35DC098493B7801E34A86F700FEE388578293A7F3BD2AD3F4C3D2D65E1FD189C02149D2A20A42A4A48B4C1824569DBCD0477C4C73DB975AA6E1BC58791F6559137534A3F855D2A57D8CEA0CBA14954C9B4A5491D0F8981EB5C52C2D555C19465B12B099B249024851B80A05248EA2771E5572C63CF5A82EB4870695A42874226A2AF2B5A6ECB96FDC72543D15B8FCE94F2BDC41627A6AF0B8FF1AB369F9AE7C3352DD9E429BF1FBC93FD43EB157981CCED20820F4B8AE5961CA0F745A699B368FAF9D14552E0F3244152950948D4AF21D3C49B55166DC4EE99286902361ACD87224C5CEFCABA30B02538D89CD266E62BD8AA3E18CF4E2194296809512A0403AA0A7C7A11715725CE7302B16DA74CB1F14C501E154D98714E15AFBCEEA3D13DEF95AB3AF7C464158434D124D86A3B93B00948249AB8E1E24B844B68DCE91E3E97A6AD20F23EC6B94661F1271414520213060C01F3BD54E278EB16A8871693D7503E91A456BF9A6FC275A475CC6BBA10B50DD00923D2DE8695607843895E79D4B3885F681E4A8024005044DB6BCD2AA8E55D6E1ACC1E11FD2EA0CF3BF84F3AE8993676878766F418B057349FF62B9A3CDEF43C16254D2B526E398EB5B4198D9D6F1997A9BB8EF23F787D684DB950B86B897BA24EA41B106F1E11F4AD03D96A5635B0441FC3FA7E95AD0CAE753A808511E517F020D88F035587261263B84FE36496FDD1749AB3483B514266868452B5D9A319834E2564B2B96D6A9D0266D3161B8F635ADCFF000595E1DC5B2E34E217A756BEF10A1C940CF9FE7505193872CA008F11346C365B8669652E3A565A0484A94A50445F481B488D855C152A193F87F2A40625456DC9538920C29091B1E93A46C7A9AE5D9F716623106EA86C580DA45FBC46D262BAC7DBD1886DD4373AC36AB189EFA4806D6DC4571DCBB2275DB250BF0D2DA973F203DEA7E51BBA2ADF05597891724CEF7DFE74EC0BCA495142C215A489F30444F29DA7C6B4E3815D035380A00DFB55B6D7D49FCE82EE5F826A7B4C5B09B5D2D85E20F96F15A508CDB8CAC90214A59BAA01B5ADF9548C0E5AEADC4A129EF122C2E67D2B7EAE1921869E6708FE27B427BAEAFB00D8E4B5213363E76E75EE1F2A7DC49497D0CB427537826EC3A85BE76E7CE8A00B91709B490973B5D1891A8212920A7529261279C81AB9D2AA4E2FC53486109654D96F504A5217A949B1EFEDFF00607AF5A543D857463CA84493EF511F5785AA640F3A8CFB67A73AE388A816131CA69529E7B8E46B4B91719961D3265A55FC51D41ACCA9BF2A03A8ADA2C68FA030AF338B4854C2BA8DC79F5AF0E52E20EDA8754DEB97E07365B0197D24E850017E1E3EF5AFC6FC405B25984028209599DCF24A4EC2D7AA4EC19B2C1E1CC45EABF07C12029CED145685959D0645DC999BDF7B51F2DE3161D6C381F0DC94A4A561320ACC0B4F59BED5399CF70A7BCBCC9A8B881D9A363046E4F2ABA024E4FC3A9602B4924A80054A32604C0D846E6A0E7B896DB04F6A991C8126E6C24036BD0731E33CA9AB38F978F44EA727D4DAB2D9CFC574A90A4617020B641054F5C19FF824475E74C2D15784C42319884601CC1B6E1438B2959568588499694A093A84C5FC36AD7BB9061B049D6E9C36140D821014BF452EFEC9AE2386C5ADA85B6E29B5890169304488371E14B0CBD6AD4B9593F8944A8FE736A517E8933A6671F10B0A469699771246CA7950949EBA6E27CE2B17C45C48F63348715A52903B8952949F3D3648DA6A996FD9249E47A472F4A8DAE404F4E9ED4DC863D4DCEC279DCDFDA954961F46DA77E66E6956129BB1E91CD9107F3EB4D5799F53444267CA9AA1009AC2C560A39D0549A94A143523DEAD324B2C871A0254CAA2F3A676336228EC3DD923B3C4429B26073EB1E5542B47A51B1235A520A8C0BFD2AD32D6E8B5730383370F94F8483F31515D56111B2DD74F44C247BC55376115E04D5D93B160ACDA3FF9B4847891ACFB9A8B88C5B8BFBCB2AF33B7A508DEBC50A3500D2A26D4F0A3CADCA7AD2D14909A2C2C495751346C3B3A8DBF3A0A514509F1A96C7615D68A4F81A5485E95403A25A973B5355D7FDF3A54AB310D2A14891C87BD7B4A9A0065531614D59B452A55424C1A934C48A54AAC05A69004D794A803C0DD7BA408A54A800A8022882952A801C48AF6952A433FFFD9,'Classic Metal Creations','Model features bi-level seating, 50 windows, skylights & glare resistant glass, working steering system, original logos',2874,25.98,54.11),('S32_3207','1950\'s Chicago Surface Lines Streetcar','Trains',NULL,'Gearbox Collectibles','This streetcar is a joy to see. It has 80 separate windows, electric wire guides, detailed interiors with seats, poles and drivers controls, rolling and turning wheel assemblies, plus authentic factory baked-enamel finishes (Green Hornet for Chicago and Cream and Crimson for Boston).',8601,26.72,62.14),('S32_3522','1996 Peterbilt 379 Stake Bed with Outrigger','Trucks and Buses',NULL,'Red Start Diecast','This model features, opening doors, detailed engine, working steering, tinted windows, detailed interior, die-struck logos, removable stakes operating outriggers, detachable second trailer, functioning 360-degree self loader, precision molded resin trailer and trim, baked enamel finish on cab',814,33.61,64.64),('S32_4289','1928 Ford Phaeton Deluxe','Vintage Cars',NULL,'Highway 66 Mini Classics','This model features grille-mounted chrome horn, lift-up louvered hood, fold-down rumble seat, working steering system',136,33.02,68.79),('S32_4485','1974 Ducati 350 Mk3 Desmo','Motorcycles',0xFFD8FFE000104A46494600010100000100010000FFDB00840009060711120F15101013151615121515111516151517171515171617161719151715181D2B20181B25201616223122282A2B2E3330171F3344352C372C2D2E2B010A0A0A0D0D0D1510101B2B1D1D1D2B2D2D2D322B2B2D2B2D2D2B2D2D2D2D2D2B2D2D2B372D2D2F2B3737372B2D2D2D2B2D2D2B2B2B2B2B2D2D2D2D2B372D3737FFC00011080078007803012200021101031101FFC4001C0000000701010000000000000000000000000203040506070108FFC4003B10000201020404050106040407000000000102030011040512210631415113226171819107324252A1B12362C1D1141692F0153334437293A2FFC40017010101010100000000000000000000000000010203FFC4001B11010101010003010000000000000000000001021103213112FFDA000C03010002110311003F003B60A907C15584C1493C15D5956E4C1D377C25591F0F4DA4C3D056DF0F483C753D2E1E99CB0D4E08775A49AA4658A9B3C7514D49A25E9778E93F0EA2880D28A6B81294094001AE835D0946F0E80B7AE51FC3A141A914A4DD2974954B15BD88A473D8E58B0ED2C2BE2B28FBABB91EB6E66D5AFD21ACD614A6132C925DE30ADECCA7F6359271AE60CD2E1D71059C08FC5651F99F71B7A0A6596E730C2E24816589C11664DB7EDB1DC7A1A9D4B78DB25E16C4FE4FD4540E65964B11B491BAFAE8623FD405AAC399675897F0DA3C49895A2492C003BB6FDBDA9BC398625859B1C5BDD17FA56F32DF6C6B727A54258F6BF4E57F5EDEFE94D648AAED362B1601F3ABA1D8F89102A47637BDC52587CA8B79D61C3EC77D3A941F717D36F8AB73126D46923A4FC3A96E35C42619D4BE15A35704EA8E4F113CA45EEA5411CC7534CE3018061B822E2B957594D8474A2C54E0474B24545355868E21A7AB0D2A21A08E1050A92F068504A67199478625E5242960058163763B0006E6A560CC9E342E9E636F2DEF63E9B771507F68904630E9233001255BDF71B82A2FE8091F15038AC59932D8DA2674F07131C6C031BE9120401ADE841A96094E28E098716E71114AF04CDCCEEC87DC5EEBF07E0D530704E6093AACD7316F799009428DF7B12BEFB91FD2B53505400D73EBFDC52A26D8EE6C7636245FD2E2B3D5E4A8A6BC706190B2C8190465D775240D2A476FB8691C232EADD907C816FAD5C72AC56191046D0A691CB6BDBE0FBD4C479660E45BA418771D8C497FDABA67C9C8E5AF176F59D6778B78E3D4AC4C66C091B81CBA8DAA4387F305B102E14DB4DF73F36AB9CB9261882A91471311CD23456FDAC7DAA0715C28F71E68A641B989E3080FEB7FD456E6A58E7AC59555FB469237812ECBA964B58917B329BEDF4AA370CE28AB9C2B6F624C5D6E07E1F8DAAD1C43C3F1348D02EB49363E1121758FE42C02C96E561E94C978732D0C8BAF1384955832962B60C3AA9D837C13D37A6B1AFAB8D665E74E105E9CC6952A786DDEED0CE9311BB5C687B9EACB7363EF4C67C24B11FE2232FA91B7D79573777523A5963A4E2929D230A0208A853A514282338E72A658CCB73A54DD81375B7722B3AC833C8639648A4FF95232957E614AED765EAA6C3D45ABD178CC20616ACD78AFECEA0901785423EE7CA2C09F5156A263019D23D965B2B1034906F1B8EEAD4F3130581236BEDF5AC560C6E272E7304A9AE3BDCC6DCBDD0FE13EB57DC8788B5C7AA0632C7B6A43B4B16E39F71EBCAB3F45A1AE3FDFF4A521C5BA1BA920F7068926363F09A526CA8A5DAFCC002FCAB3DC3F1A4ED26B789044DE65557FE304DFCFA7F1FB7D2A58BD6C997F149FBB30B8EE39FD3AD58629A39575210C3F6F4EE2B2EC3CA24412210410082391BEFB52F81CCCC3207D5A6DCFA0B75BFA73A9D55F71F96C73298E455753F81C03F23FBF4AAA675C28FA4885EEA79C738D6A7FF190EE3E6FF14FA6E3BC26A4462D793EE8B73EA0DF98A3A718E1EFA4B953FCC2DFAF423FAD6F3E4B8BEAB1BF1E773DC6338C8F1D836F0A777887FDB644BE9DF9C46F6B7750C39D59326E35C6469FC4098D8C0F3347E59547768C8DFE96F5157FC666583922F0B10D14808DF5141ABD6D7D8EF59C7116519640EB245348818928629033230B6DD48F422D5DB171BFBF5C37378F97D2D995E639663C7F088573F84791FF00D3C9BE2979F86A41BC4E1C763E56FA5EC7EB59AE2E2C2E2415F16D88505E394A08BC42BBE8937B163D1C58FBD3DE04FB459048B86C5B1646164958F99081B0627661EA7F5AC6F1CEF2BAF8FC974B6488F19D2EA54F622C6854DFF98B0ED095791270A092174B35BBE953B7B8A15CFF004EBC5ADD699CF0034FCD26E2AA28FC51C2F16250AB8DFA1EA2B16CE723C565D309119858F9645DBEB5E969A3BD406719524AA55D4107A1A7D18F47C56B8BC3BC13FF000E56006A41E5916E35023F09B5FD0D3DCC3326C3E08088AEA919435AC4016B93EF7B8BF301140B534E23E0D6C34C258B78EFB8FCA0EC4FEB50EE1E300EDA651A0DC6CB7DC5FE79D2255C38133550B2467655D2E83F95F70A3E75003DAA57159B61A4D519601D411A5F6DF6D8DF972B6F59FE5198AC18D0B381A5E358A404794120117F4DC55F31794ACA8A5583A8FBAAE03151B79436A06DCB6D406D5868C7078C572158F868A412ACEA50693E5F0C0E47BD1D3151873E743F7883A8589DED44192E1A404241392BF7B44987600FB1DC7D69962F8661DEF0E22303F13C71C83E12320FFF005539D5EABCD97E20EE509BEE4EB8CDCFB86E7FDE9A38209B817EDA97FBFF00BBD59DB8223E5A9874FF00A37E7FFBAA01F27C02B32B62A5254952170CC2C41B117D6DFB56E466A2F1DAAE2EB65B796E458F7237EF5CC36164914E8D36BD892C07C5AF7EB4EB1F974018E99411C80F0E45DBD4DAC4F2A9ACB32793FC378C6658A25E4CD180580EA3CD723A72A9438E18C30C3AB095914CC3C3663AAD1A03B1040F312493D390F5A1560C8B844CF221C42CACAEBA9F55A350BCD790BB13DAF429C56D57AE31A206A17AD20AE299CC97A7A69271415ACDF2D591194F504563D9A629F0327853C64B2EBF0FCAA51C35AECB213E5E971626FDAB7A9A3A83CE3298E74292A0653D08FD683CD93CA5D8BB736258FB9DEA5326E23C461B68DAEBF95B75F8ED576CEFECE956ED0936FCA7A7CD53B1B904919B1153824F28E355C306F0B0A353905D8CAC5988EE4827A9FAD482FDA4124B3C3BADB400FE507A9375E7DAAA6B95B76A39CA1BB567917B53F997DA24D244638E3119616D7AF5103D3CA2C7D6ABD1E36210F85E192DD5CDBBEE075171B51D7296ED4BC7951ED567A4BECBE1F3D04AAB42BA6E35150AAC46FB0D8D86FF00A569580FF86E31A290A9D50D8AA163A6E395D391B567B87C949E953383C95C1BADC1AA36687140F2342A9592CD326CDBD0A0D243576F4886A306AA14BD70D16F42F409BAD36962A7868845411726141A8AC76468FF00780AB295A4DA3AA289270A203B0A2FF9697B55E5A01499C30ED5053178696964E1C4ED56DFF0F5D586A8AE4191A2F4A7D165ABDAA68414710D046C78115CA961150A001A8E0D72850775D77550A141DD55CBD0A141C35CA142805A869A142839E1D74250A1501C2D1C0A142A0305A1428551FFD9,'Second Gear Diecast','This model features two-tone paint with chrome accents, superior die-cast detail , rotating wheels , working kick stand',3341,56.13,102.05),('S50_1341','1930 Buick Marquette Phaeton','Vintage Cars',NULL,'Studio M Art Models','Features opening trunk,  working steering system',7062,27.06,43.64),('S50_1392','Diamond T620 Semi-Skirted Tanker','Trucks and Buses',NULL,'Highway 66 Mini Classics','This limited edition model is licensed and perfectly scaled for Lionel Trains. The Diamond T620 has been produced in solid precision diecast and painted with a fire baked enamel finish. It comes with a removable tanker and is a perfect model to add authenticity to your static train or car layout or to just have on display.',1016,68.29,115.75),('S50_1514','1962 City of Detroit Streetcar','Trains',0xFFD8FFE000104A46494600010100000100010000FFDB0084000906071212121510111216161215161515181717121718181613171917161B17181A181F29201D1A261B1715213121252D2C2E2E2E171F3338332F37282D2E2B010A0A0A0E0D0E1B10101B2B2620262B2D2F2D2B2E322D2D2B302B2D2D2D2D2B2D2D2B2D2D2B2D2D2B352D2D2E2F2F2D2D2D2D2F2B2D2B2D2D2D2D2D2D2D2D2D37FFC00011080078007803012200021101031101FFC4001C0000010403010000000000000000000000000105060702030408FFC4004610000103020303080509030D01000000000100020304110512210631610713224151718191143292B1D1233342527293A1C1F053628215172443445573A2A3B2B3D2F108FFC400190101000301010000000000000000000000000203040501FFC4002A11000202010302040603000000000000000001020311041221053113415161153281A1C1D1222391FFDA000C03010002110311003F00BC5084200421080108484A0150912A0042442004A92E808012A44201508420112A44A8010912A004850520DFE1FAF720150B9B10AD642C74B2BC32360BB9C7700AADC4795C749288686204B890D73CEA6DA93946E00026E4F6F6213856E7D8B6D25D79E6AB947AF79D6A4B383581B6F305719DAEAD7EBE9729EE93E0A129B8F74CE853D31DBC46C8E7D327A492DD79A0ED3D60FED537DEBBE2B26ED7570DD5537B4E55ABE2FB2344BA1D91EF389E9542F3A41B798837754BFC5A0FE49CA9F954AE67ACF8DC3F7A3B7E21495A994CFA45D1ECD3FA97CA154787F2C2F3A4B4EC3C592907D920FBD0A7BD199E82F5E5F745B9745D5155DB4D8B472737CE3AEEF56C410E077107CFC92CDCA362718B38B01072906317078F91F25176C53C32F8749BE69358E7DCBD12AA17F9D0C43EB47EC243CA8621F5D9EC051F1E04FE0BA9F45FE97D15CF5150D635F23CD9AC1727B00172A8D3CA6D7FED07B2D5AE6E516B5CD2D32021C0870CA2C41D3DCA4AD87A8F82EA7D1133DA763716AD868B9E68A28C19A40D906699C080D02C6F6B9363C09EC23BF0FC2B0D64B342C8E9DAD21AD68B36E435A5AF009E2483AEF0A929B9B75FA0DD6D7BB41BD85B7F72E8654F447CA49986962496B5BD59779EDB82BC95F1489AE897E70C74E5528A182A5A21C963166764B069712ED743A69EF596D7E051D24EC8583A4D8232F3D66475CB89E1A1F25C5162EF150CAA7B5B23D96B676E8728B5DC06F3FAEA5B71BC6A592615243237903206B46560B58103B46A7C15AF571941422794F47BA8BBC5B3185CF06EC4365E7F4365744C0E04DDEC02F921B584845C5C137D3B2CBA2A7933926A3F4CA79BE532B8987268ECA48E83C1F5B4DD6D6FD49BEBB69EB248F9A642C6011B63CCD94905A34CD671D09035B2778794EA8A30299948C918C1A3B3B8137B9D6C08EB5EA515130DD3D459372792BCA59C87B6C4E53BC7E7DEA6DB3BB1B3E205ED8A7644C8ED9A4CA5C752E0D0D6DFAF2B8EF1B828751D2B9D20206E049F7A75C1F6AAAE80B9F48474EC1E1CCCC0DBD53C3E96BC5572C6FC1B2B76AD23CE724EC722F2FF007903DF4848FF009509929F963C4773A285DA1FA0F1EE2955BB51CEF12DF563B6D7E16F7C62A5AE01B132C5B7B1D5D736F6B770E0A0F1553D8330008B8DE379F0520DB3DA580D3E580B848E73C386620EF02FA6F69D4F9AAED952E27A4490A9BB1396E89D7D26A25557E159DFF04A23AB7B9B9B3306B6B1201FC527A43BEB33DB1F14D0355B216B45F3479F4D2CECB6E37B159B28EA3535CAEC3A098F6B7EF07C56065FB1F783E29BC4917EC4FDE0FF00AADD4CC63CFCCD9BDA5DBFAAC2C37A96115C6C9B78FDFECED6B9DF55B6ED06FEE4F385ECED5D4DCC5092069EA8B03D973A5F85F44F7B158634B24AAA82453B32DF5B6770B90C0780D4F781DB6CEB369EB6A1D929A10D840018D1D1077F45AD034D02282EECA751D49D6F6558CF9B632E27B39554CDCF3C395A35CEE682DF173090D1C4A8AD54A7392F60BEEB6670D7B6E095666CAED7482530CA0822C1EC3AF44F5DBAC5930F2A1B3EDA3A86F3432C5302F637A9B6203983802E691C1D6EA0BD7158E0CD46BA7659B6CFA3442FD30B5C081D1DC46727C750B315807D1FF50FC16A2E5966506F2741269BE5F27553D4179CAD61738EE1CE1F3F57DEB63A924612046011BC7A437C2FE49BDC2FD575ADB15EC7BFBAD75245539493E0E9188D8EADFF0039F8210D67003C10996477FB9AE5A374BBB400EA4EEFFDD0F92DF4D84346E05C7B6C9CA6B03947569DDC176D1628E8E37C4CB659058DAD99DC2E770E2BCC3F972741D55AFED71CBF719DD1DB449CD3B7D8F925A8AE25DCD52339C7D85DCC06C38663BFBF40B09B02C45C3310070B85EAD3333DDD6AB83C2FB01675109616069B8DFDF61AF6E853254CB3C0FCB333C08B5FB884E7495F76F44DC761B5C23A9C79235F53AEFE3CC9EE2F8AC26869292278BDEF3744800B8E624FEE936D7774429D415F1D144C81B1383A4883DCE6B85C4874B5F85BDCA9BA7C69EDB020380DC6DA8EE4F549893E51764C45AFD1738E84EA6CE1A804F056427CE4E5EA740F198B27541446A6BE09A46D8B639736A49706F361A5C6D6BDDC77EBAAE3E5D4B44746DFA579ADF6436307F12C5DFC95514FCE4D53391AB5B1B6DEA8172ED2FD8379EBCDC1577CAD6D432AAB436375E284736D3D4E37BB88E0481EC8536B39660A538D893F2229745D60241DA8E7476ACF83BAEC3682963DCB9DD38EDE0835407829A819E7721CB0F7FCA070FA163E285C94AE396F7F5B53C50AB72E4E9D1541C1391D53540B068F1E2930BA07D5486269B46DF9C70FF68F25AB1F8A6A7C9CEC4E8DF23733330B1CA0DAF63A8D5486863F44C3839B6E72401D726DABB76BDC479057555BF9A4733A96BF2BC3AD9B24C55B4FFD1A8E204B74711B9BDFDA7E2170BF1FAA65DEFCAE60DE58EDDBEE7DDE69EF6370589CD3354E6304458D2D049324AFE96A77D8345CF59D3B54AB169A0702C8E26730E01A41858DCA0DC7448E966DD6D55D8DCB27073822D4CC66210F35200E7104B5C06BA7581D47DEABC66193C12C8C744F22276491C18ECADBEECC40B36E05F5577725DB1F2D3C923EA034E577432BB3076601D7F223CD48B65E30712C508D58451B7F883662E1E4E6AF13CAC327193849491E7B056C8CD8E66920F684FB5DB1F56D9E4863A699C18F734111B882DB9CA43AD6D45BAD3950F26788BF5E6727F892347B8959F633BCB5504B963251E2F331AF631EE6B64696B8B1D96E08ECEFD1479B81CEE3A36CDFAC777EBC15BB45C90D4685F531B3AFA2C7487CAED0A4745C9740D0049512BEDD4D0D60FC013F8ABEBCAEE60D5DB558BF8BE4A386CE76CC7C196F794BFC85037D695E7F89A3F25E88A5D81C3D9FD407FDB739DEF29F28F0A822F9A86367D96341F3015B95E48C3BFDD9E70A1D8FE73E6A9A778EDCAEB1FE2B00A4187726B5675146C6F191CDBFE6AFB45979B99E6E5E879A36DE91F874CC827898E73D99C16121B6B916DDDA10AE3E537615B8A451E5788E784B8C6F22ED21D6CCC701AD8D86BD442147647CCB96AED5C26427FF00A130873DD4D53F4432589DA6E20B5ED1E20BFD94ED26010CD454B2323E72231333B01D482C00904F5875C8EE53DDA8C063AEA67D349A070E8BAD72D78F55D6E1F15556C8ED14983CA70BC51B962B9314BBD9949D75EB6FBB710A5DD60CC7553ECC54434CE645209A2CC1D99A32BB331A7A56BDC9B68776ED2CB3969DB4673553C3E4172D85AE05D9ADD12E36B65D47EB4564D31A69D9998E648C3C43B43C7B930623061187FCBCDCCB08D402EB927F75973AAAE299EE470C2EAFD1A87D26ADC010D74AF360002EBBAC075750B2C793FA09194EEA899B967AB91D50F69DECCE00630F16B0307826FA6A19F14919515519868A3707C54EE1D399C356C930FA2D1BC33CD4D80524B078C2C94A542F4088B25420112A1080108420042108045C58AE11054B39AA8899233B1ED07CBB10840441FC90E1772E6472C77DF9277B41E16BEE4ED80EC0E1D46E12414CDE706E7BC97BC1ED0E75EC52A101240D59210801084200421080442108054210801084203FFFD9,'Classic Metal Creations','This streetcar is a joy to see. It has 99 separate windows, electric wire guides, detailed interiors with seats, poles and drivers controls, rolling and turning wheel assemblies, plus authentic factory baked-enamel finishes (Green Hornet for Chicago and Cream and Crimson for Boston).',1645,37.49,58.58),('S50_4713','2002 Yamaha YZR M1','Motorcycles',0xFFD8FFE000104A46494600010100000100010000FFDB00840009060712131015121312161615161515151018171715171518181915171717151515181D2823181A251F151621312126292B302E2E17203544332D37282D2E2D010A0A0A0E0D0E170F0F152B1917202B2B2D2B2F363737322B2B362B372B2D2B2B2B2B2D2B2D2D2B372B2B372B2D2D2D37372D2B2B372B2B2B2B2B2B2B2B2B2B2BFFC00011080078007803012200021101031101FFC4001C0000010403010000000000000000000000040003050601020708FFC400431000020103020305050503080B00000000010203000411122105063113224151610732718191144252A1D192B1E12343538283A2B2C11624334455729394D2F0F1FFC4001801010101010100000000000000000000000001020304FFC4001C1101010002030101000000000000000000000102110304315112FFDA000C03010002110311003F0083514EAAD245A2638E83544A7963A7A38A8848680558A9C10D1AB053AB05151FD8D6AD0D4AF615A982821DA1A65E2A9878287921A08978E9878EA4E48A8678E8231D29A65A3E44A19D688148A54E30A5413514746C50D3905A9A3591635D4EC14799A2C96DD43714145C76F40BF1EB64FBF9F414CA738C5E0A3E6DFC2B3738EF3ABC9F349E4B6A796DAA0979C63FC29FB7FC2B4B9E7D8A34D6D182338EEBE77F869A4CE532EB726337563FB3D6AD6D55587DAA5A13DE86503CD46AFCB028C1ED27871FBD28FEC9AB4E16692F25B5092DBD6FC279AAC6EA411452E5CFBAACACA4E064E33E95312D95056258282961AB34D65404F64682BB2C742491D4ECF686819ADCD043BA52A32582951179B7B4A85F68D6A0592B794ABF98615648F89DB8D84A8C7C90EB6FA2E4D41F3BCC2EADFB18B6759119D640636D24310CA1B72322A5F1D78AC99CDB9349EE9F81FDD5D0B82F0CE066DA1333C1DA18D4C997C1D58DF233508DCAD85DE55CF88C363EA2813C991FE343E1D24A98CD474EC724CECFCA37DA3416297082C594A767FCA6862C0367F4A86E1A8CD0C9807BAC84919C6F95C7E67E95683C9917F48BF493F5A9EE0769C3AD62749756B93396D5851B1D07431DC824D69E752F970627412282AC555F5F40ACC0336FE2013BD7748E2E130A85D56CDE1A89899BE66B91C52580629DB34ACDB1DC85500124820607D3C287179C3420EF4ECC5986750C614E01034F8F5C67A6288EAB2711E1E6EED9A068FBAF224A553002B2E32481D32001F1A97E016B31691E56739254861DC241F7A3CE08047862B8BC3C66CD3DC7914F9E9663E7F8B1471E7938C7DBEE07F6649FF1551DB24B5F4A0E6B3F4AE3A39C4FFC52EBFE8A9FF3ADFF00D323E1C56E7FEDD3F5A9A1D3EE2CBD2A226B43BE463154D8B8D4D2A171C4EE4A26EC7ECE1467C1430C64EFE7465B736C8A919C4926A91958C8577191923036C64789A6952B3DAD66A63882A29D2580273A413B9C790A550732E29CC1C42DE3D293058C774F628A9A4FE17046A53F1AA5DE5DBCAC5E476763D4B1249AB2F1BE213484CCE753A0115CE76D4A7DC67FCC6FD0D572E6DB0C34EEADBA7FE27D456903027D6976ADF88FD4D1ABC3C81963803AD3C387A9191D0F4A08BED1BCCFD4D1965AA665899885CE4E00DB63D079E33D69C6E1F4FD84613E2ECA83E07AFCB6C54166E1D0305C5BC7B01B95895CFC4B31CB7F76B4BB8A39FF00939916393DD8A545D196F04923FBA4ED83920D5BEFA6C3476B6F3AC51851DAB8EACE7DCEF0C609DFAF9FA5553993263C484B301A0BB6353EF8DC8D9B1DD20FC682A13868A428D8C83E98C7811E841AD7B65F103E828B8ACA5BA21863C9D8F407AF5F13D76A37FD4EDB623B6907527703FE54CE951EA4B1F4154442CA0F4504FA0CD691459704A92BA86BC0236C8C8E9B6D53EBCD972175471E851E23501F32A00ADA4E6E79131342AFE21F590E3D436091507518AE52E2D51D23511186505131A11463031E2401B9F3AE6305C136E9939D12369F83AA13FE1A726E78660233198E3618974C9A988C6188040009C648DB34CDDC2B1895236D40346F19C83B156EB8F9551D1F82F11135DDEC6E55BBF118F718D2339C3007006403E449A5559E0BCB721D578CC238DB580A8EDADBCCB01D14FE74A800F6A5A52749A2D92F200EE3D41077F506AA5C36FD13BAEBA9720E3A60F983E157BE7F78927B5B66844E628563D3ACA65DC8DB6F502AD92FB24B2236EE9F11A8E01F2DF3522D72D9389DB3742C0793283F9823F756DF6BB7E9DB0FA37E95D1E5F6476B8FF6C01F565FD0555798F92ECECDD5249DBBE095658F5A1C751956C83E94457DAE21FE957E8DFA50D76C8E8743066421C63AE075FDF9F951B71C2EC40245E0CF8028E09A338572933E974ED581DD484D00FCDC9DA82C1C342F651CE009A36D20A81DF53820907721BBC074AD398FECC4A174ECD5542A42ADA9D80E8D2B0C6F9FFE8A6E7E13796D19582D8A231EF94C3B1EA37C671D4F9F5A856E5FE2120263B59327DE67C027F68E73F1A2A0F8D71A772634C2463BA157A63C891E1E83F3AB5FB31E524981BA9D414074C4A7A123AB1F31E18AAEB723F101FEECFF002D27FCEBA9705B8167C321D6A414189078862D823E39359A449F10E316D01D0E146DBA8EA0799001C0AA9739F2CC2F0FDB6D40006F2AAF423C4E074228E8B8409A379F4990C8C724630A15880AA4F5D3B6C7A8A7B952CA48A59ED66FBF1066538C2E723A0E99069AD2FAE3BC4ADB490C3A1CFC8D4B70253268452032AB6C481A86A20051F78EFD28672BEE49AB4ABF78AE0B601C1233B66AC3CB3C7EC2C9E422379CB69285E28C14D3ABA127C723A0F0AD3293B3BE5B6B592162993D32E0B03D980C580DF1D3CFAD2A2AFF00DAB14C76502F7865F70A739F1D2BBE7AD2AA202E796B8A99CCED03990B6AD4349DFCC60FFEE299BB838A0F7D27FEF577EEDAB3DB5655E68B9FB4FDF593E7AAA3E699F1839C791AF52B107AA83F214CCB670B7BD121F8AAFE95479615B1BE054945C6661FCE37ED1AF444BCBB66DD6DA33FD51414DC8FC3DBADB28F8645070E8F98AE07495FEA68C8F9CAEC7F3A7E7BD75897D9B70F3D2365F831A0E4F657647A3B8F9835073C8F9E2E8757AB672A7165BDB796DE5F7F25BE218E723D41CD1B27B2587EECEC3E23F8D0E9ECBE689C4905D00C3DD2548FAE0F4A58439035DDA854881217214A8CE7277CAF8F5F1E9440D56B1CF7B72C1A6751F1CE3607CC938FA51BF63E2A8B8ECE090F9895933FD52A6AABC6B96B8ADD38EDD02A29C8546047C77C64FAD45DA97C3561DFB62D823EE92093E3923C2A76EE7B192131A22A36C55CE4B647E227720D58EC7D9E36DAB2BF435330721463AB7E55A471FD11E70D8523CBA7C8D2AEE36FCA10AF519A551535AEB60F4286AC87A027B4AD83D0C1AB224A02B5D643D0BAEB60F4056BAC86A183D643D015AAB21E85ED2B3DA5015AEB05E87D74BB4AA1FCD2CD33AEB3AA81CD54A9BCD2A088ED2B21E952A83224AC97A54A832AD5BEBA54A8321EB3DAD629551B07A464AC52A83224ACF694A9506C24AD964A54AA8DBB4A54A9507FFFD9,'Autoart Studio Design','Features rotating wheels , working kick stand. Comes with stand.',600,34.17,81.36),('S700_1138','The Schooner Bluenose','Ships',NULL,'Autoart Studio Design','All wood with canvas sails. Measures 31 1/2 inches in Length, 22 inches High and 4 3/4 inches Wide. Many extras.\r\nThe schooner Bluenose was built in Nova Scotia in 1921 to fish the rough waters off the coast of Newfoundland. Because of the Bluenose racing prowess she became the pride of all Canadians. Still featured on stamps and the Canadian dime, the Bluenose was lost off Haiti in 1946.',1897,34,66.67),('S700_1691','American Airlines: B767-300','Planes',0xFFD8FFE000104A46494600010100000100010000FFDB0084000906071312121212121216151516171815161718181815151515151516161515171818202820181A261B151521312125292B2E2E2E181F3538332D37282D2E2B010A0A0A0E0D0E1B10101B2B1D201F2D2B2D2D2D2B2B2E2D2B2B2F2D2D2D2B352D2B2D2D2D2D2B362B2F2D2D2B2D372E2D2D2D2D372D2B2D2D2D2D2D2D2D2B2D2DFFC00011080078007803012200021101031101FFC4001C0000010501010100000000000000000000000102030405060708FFC4003E1000020102020705050408070000000000010200031104210506123141517113618191D12232A1B1C142445282071415627292E1F0163343546383F1FFC4001A010002030101000000000000000000000000010203040506FFC400251100020201030500020300000000000000000102031112133104142141517181224261FFDA000C03010002110311003F00F3BFD658E44C4A9966233B037967B06B6409E932F8292923932FE0A9DBDECA57A584707359A54281B58C24C632A2E770D26A18871BD49F9C2A20E4D18E8DCF2EFCA43C021315896273A67C45A2D89195C47AD46DCC45A35DFF0009F28DB013682EFB9E9236A62A6E3E77922AB1DFED78CB02CA334B743222129608AFDAF847D6C2923DE1E50ED36B306296FDDBF8C03253EC1AF62C3CA6961A858485D14EF5223E9D3007183790256B8394257A95EDB8FC21002CFF0084F177CA986E8E9EB24A9AAD8DB7F90DE054FC8CCC013806F87AC5B81B8B8FEFACD3B75FD1E0BEBA1314BEFE16B1E8B7F9457D1B5C0FF22A8EB4DFD2545C53AEEAB5478B7D0CB34F4AD61BB13547E6689D307EC7C910C3BAFBC8C3AA91F38A6DC65C1A77123EF4FE27D449174EE21BEF21BAD8FD247B65F4306754516CBE6255148139CD67D3388E2D48F5543F3919D2754EFA748F445FA43B66B86333AA6180DC01F18D5DAB6E07C6689D20FC70F4CFE53F430FDA43FDBAF83308B666184662393BD6DE3FD258A4C38B5BACB498EA5F6A830FE1A9EAB2C2FEA0FBCE250F4471F0021B53C7045A2A3D6EF532B9C41BF2F94D26D198326EB8C65EE7A0C7E21BE9271A26891ECE36878874FA191DA97C0C18A8B7CF389379740DFDDAF876FF00B40F9C22DB9FC0D272A2A77C69C4E79CECDF5569705B78CCCC6EA8313EC1B49E82E7139FEDAF25A78A038CDDC36A6DBDE727A491F5354EE2D0DB128E0E76B62C72BC750AA0E604DA7D4F6E0DF0909D00EA764302797189C1E078205C5587190AE2549DC3CA5BA9A25C02495B0DE6E32BEEBF295FF633A9BDC1EEB891D2C18ADB3DC3A7F49076B6DC4F999769E058F000C86B68F7E5E512D484D158D63C18FCE4D8562779F8090F66EA42EC9B9CB75EF265C0D61BE9541D5187D23DC92F62D2C98B74F2881BB94F98FACAED4DB77C38C4DA61CE0AE9FD160B0D4AFF00657CCFA4256DABF18496F4C8E0F5DFD53BE4552985C89CF96F32E282F71B871237F49A187C3AA0B2281DFC6FCF9CAAEEBE15B714B2D1B6144A4B267D1D1B902E48EEB67E732758749D0C3114C296A86DD05F75EDBFA4EB5579CE5B5CF572A620A55A1B3DA2E441CB68037163CC67D6FDD30D1D5CA772DD96132DB6AD30FE0BC9CD6271B88A8B7A6C1474B797FECC6C3D6A68C45605DCE76BD875B019CDD3876175AE4D36DFB07D9EE3BF78EF995A4B1F834B16BBB0DDB27E667A1515E8E5372E19352C480C7629D95B300DC0DA1BAE7EB31AA6BAAA314AB84D8606C46D127E91DFE20DB2156C8A7777F8FACA58CC450A9615543119662C47777748E71521C7C7265E97D2E3135D6AA21444005B7F1B9BF59E95FA26C3AE26ECD62A805D7E42C6710D4F0A54282CA2D6B036DFBF7C7E17490A151CD1AAEBB5607DA2B7502C05C70DD2B941E9C226A4B27B5E9EC5E2693ECE0309457F154A97CF9055A63E24F87194134F6971BF07867FE16AC9F30670F8FD75EDA922520D87A94CDD6A2BF680F30E8546D29E57860FF489443F67A430549BFE6A282C47E22991F26F098ECA2C5E5BCFE917C6713D169E92C6565B62345A95396588563E0AF4D6DE730DB53454B90B569F257552478A3106741AB38AC06CF6D84AB4B65C588ED0A8CB9A3136226D8C5A13ECB03D194FC8CCD2CAE3C162C7B3CDB11A92501256E3891127AA6C92377084B55AD2F288E9479FE8DD2EA5D96E333753C0C6E3B595AE551762C6C59FDEEE2ABB88EFBCF2AC4E35997B30DB2EA6E86F6BF1DFCE6C50AE594122C48CC723C665B6BDBB1CA4B25F196B8249E0ED703AC0D4F36A85F9820117EE3CA4D8AFD2361E8DBB416E42F7267038BC405476398009B74E139ED09A3CD6BD572ACEC4850C6CA6DBCF4B9B01DC63AA8EE25A9F8FC7814E7B6B0BC9EB4DFA4AD1D8B5ECAAD20C0EE15065E07819CB69ED1984B87C187A0F9DFDB3514F759B709CFE2F45AB855D9A7B2458B8B060DB8580DE2FE71757F145A8AED6F5BA9FCA729A2F8D94473093C15D7A6C7868968609CB28ABD93A03ED586C3DB8D88DD3A43FAA91B268DC77BB1F2E5324551CC45ED873131CBABBA5ECB95105E8D0186C08FBAAFF003D4F588D85C09249C2ADFF008EA7ACA1DB0E6221ACBCC48F7173FECC7B30F86AA50C00FBA27F33FAC95F0FA39859B074CF8B5C74CE64ECE41AC6C771E07A188645DF77D63DB87C255D58D1EC73A640EE73F29B1A2B53F452BAB957254836DAC8DB9CE2F4AE96757ECA8DB6ED7663B9477CCE715C916C55D88B819806FBAC48B4D9557D44E3AB38289CAB8BC60FA4D359A8D80B58427CF9ABBA72AB3351AA4DC6E3B8E46C41892AB6EBAB969932518424B28D0D3DABF54DFD80473513997C2574DCC479CF662257AF8347F7954F513B2D29728C8935C1E3588AF882A55B307232CE84D2229A8571B2CB7D87209036BDE06DBB3CE7A557D5EA2DF66DD0CAC755697E26F87A42318C78F00F53E4E231BA5C6CA5AD52AA5C2B282145F8DF8F494745E945A481191C9B93716E3D67798BD535B5D0E7C41E3E3C24186D5747076B69187020107A191B2B8D8B121C25283F073034F52E2950780F5920D3B43F787E5F49D2B6A6AF071FCBFD642FA97C997C4113376557FA5DBF618074C503F6FCD5BD2435F1B49865517E337CEA51FDCF8CAB57529F8283E305D1C170D877332A683D36B483537752BC33CAC778FEF9C9F13A62883ECB820EECF31DC6415353EA0FF4CFC255ABAAEE3FD36F23F48A5D1424F3912EA1AF443A11BB5A988C833395201DC5768DFAD8153E135B114999AA530DD995B1BDAE0DEF90E16F498BFB05D4820B291B8D8832E3E1313506CBD5765E56CBC6D37456160CEDE5861543621AB2916B9033B6D0B004F988B2EE0740D4CAC8DE5610954E8AE6F3244D5925C1E97B479436BBA47E10CF91960C92E794698DB1E5109EE8807831766447A436A0038F48DBF7453D20BD2201224976E2DE18022B88ED9114C4B086003B389D94520738D2A39C621C05A119B222400B578B7108490C5DAEF89B42108804CB942C39421000B08448440161161080820408420030A77463528420046D44C210801FFFD9,'Min Lin Diecast','Exact replia with official logos and insignias and retractable wheels',5842,51.15,91.34),('S700_1938','The Mayflower','Ships',0xFFD8FFE000104A46494600010100000100010000FFDB00840009060711120F15101013151615121515111516151517171515171617161719151715181D2B20181B25201616223122282A2B2E3330171F3344352C372C2D2E2B010A0A0A0D0D0D1510101B2B1D1D1D2B2D2D2D322B2B2D2B2D2D2B2D2D2D2D2D2B2D2D2B372D2D2F2B3737372B2D2D2D2B2D2D2B2B2B2B2B2D2D2D2D2B372D3737FFC00011080078007803012200021101031101FFC4001C0000000701010000000000000000000000000203040506070108FFC4003B10000201020404050106040407000000000102030011040512210631415113226171819107324252A1B12362C1D1141692F0153334437293A2FFC40017010101010100000000000000000000000000010203FFC4001B11010101010003010000000000000000000001021103213112FFDA000C03010002110311003F003B60A907C15584C1493C15D5956E4C1D377C25591F0F4DA4C3D056DF0F483C753D2E1E99CB0D4E08775A49AA4658A9B3C7514D49A25E9778E93F0EA2880D28A6B81294094001AE835D0946F0E80B7AE51FC3A141A914A4DD2974954B15BD88A473D8E58B0ED2C2BE2B28FBABB91EB6E66D5AFD21ACD614A6132C925DE30ADECCA7F6359271AE60CD2E1D71059C08FC5651F99F71B7A0A6596E730C2E24816589C11664DB7EDB1DC7A1A9D4B78DB25E16C4FE4FD4540E65964B11B491BAFAE8623FD405AAC399675897F0DA3C49895A2492C003BB6FDBDA9BC398625859B1C5BDD17FA56F32DF6C6B727A54258F6BF4E57F5EDEFE94D648AAED362B1601F3ABA1D8F89102A47637BDC52587CA8B79D61C3EC77D3A941F717D36F8AB73126D46923A4FC3A96E35C42619D4BE15A35704EA8E4F113CA45EEA5411CC7534CE3018061B822E2B957594D8474A2C54E0474B24545355868E21A7AB0D2A21A08E1050A92F068504A67199478625E5242960058163763B0006E6A560CC9E342E9E636F2DEF63E9B771507F68904630E9233001255BDF71B82A2FE8091F15038AC59932D8DA2674F07131C6C031BE9120401ADE841A96094E28E098716E71114AF04CDCCEEC87DC5EEBF07E0D530704E6093AACD7316F799009428DF7B12BEFB91FD2B53505400D73EBFDC52A26D8EE6C7636245FD2E2B3D5E4A8A6BC706190B2C8190465D775240D2A476FB8691C232EADD907C816FAD5C72AC56191046D0A691CB6BDBE0FBD4C479660E45BA418771D8C497FDABA67C9C8E5AF176F59D6778B78E3D4AC4C66C091B81CBA8DAA4387F305B102E14DB4DF73F36AB9CB9261882A91471311CD23456FDAC7DAA0715C28F71E68A641B989E3080FEB7FD456E6A58E7AC59555FB469237812ECBA964B58917B329BEDF4AA370CE28AB9C2B6F624C5D6E07E1F8DAAD1C43C3F1348D02EB49363E1121758FE42C02C96E561E94C978732D0C8BAF1384955832962B60C3AA9D837C13D37A6B1AFAB8D665E74E105E9CC6952A786DDEED0CE9311BB5C687B9EACB7363EF4C67C24B11FE2232FA91B7D79573777523A5963A4E2929D230A0208A853A514282338E72A658CCB73A54DD81375B7722B3AC833C8639648A4FF95232957E614AED765EAA6C3D45ABD178CC20616ACD78AFECEA0901785423EE7CA2C09F5156A263019D23D965B2B1034906F1B8EEAD4F3130581236BEDF5AC560C6E272E7304A9AE3BDCC6DCBDD0FE13EB57DC8788B5C7AA0632C7B6A43B4B16E39F71EBCAB3F45A1AE3FDFF4A521C5BA1BA920F7068926363F09A526CA8A5DAFCC002FCAB3DC3F1A4ED26B789044DE65557FE304DFCFA7F1FB7D2A58BD6C997F149FBB30B8EE39FD3AD58629A39575210C3F6F4EE2B2EC3CA24412210410082391BEFB52F81CCCC3207D5A6DCFA0B75BFA73A9D55F71F96C73298E455753F81C03F23FBF4AAA675C28FA4885EEA79C738D6A7FF190EE3E6FF14FA6E3BC26A4462D793EE8B73EA0DF98A3A718E1EFA4B953FCC2DFAF423FAD6F3E4B8BEAB1BF1E773DC6338C8F1D836F0A777887FDB644BE9DF9C46F6B7750C39D59326E35C6469FC4098D8C0F3347E59547768C8DFE96F5157FC666583922F0B10D14808DF5141ABD6D7D8EF59C7116519640EB245348818928629033230B6DD48F422D5DB171BFBF5C37378F97D2D995E639663C7F088573F84791FF00D3C9BE2979F86A41BC4E1C763E56FA5EC7EB59AE2E2C2E2415F16D88505E394A08BC42BBE8937B163D1C58FBD3DE04FB459048B86C5B1646164958F99081B0627661EA7F5AC6F1CEF2BAF8FC974B6488F19D2EA54F622C6854DFF98B0ED095791270A092174B35BBE953B7B8A15CFF004EBC5ADD699CF0034FCD26E2AA28FC51C2F16250AB8DFA1EA2B16CE723C565D309119858F9645DBEB5E969A3BD406719524AA55D4107A1A7D18F47C56B8BC3BC13FF000E56006A41E5916E35023F09B5FD0D3DCC3326C3E08088AEA919435AC4016B93EF7B8BF301140B534E23E0D6C34C258B78EFB8FCA0EC4FEB50EE1E300EDA651A0DC6CB7DC5FE79D2255C38133550B2467655D2E83F95F70A3E75003DAA57159B61A4D519601D411A5F6DF6D8DF972B6F59FE5198AC18D0B381A5E358A404794120117F4DC55F31794ACA8A5583A8FBAAE03151B79436A06DCB6D406D5868C7078C572158F868A412ACEA50693E5F0C0E47BD1D3151873E743F7883A8589DED44192E1A404241392BF7B44987600FB1DC7D69962F8661DEF0E22303F13C71C83E12320FFF005539D5EABCD97E20EE509BEE4EB8CDCFB86E7FDE9A38209B817EDA97FBFF00BBD59DB8223E5A9874FF00A37E7FFBAA01F27C02B32B62A5254952170CC2C41B117D6DFB56E466A2F1DAAE2EB65B796E458F7237EF5CC36164914E8D36BD892C07C5AF7EB4EB1F974018E99411C80F0E45DBD4DAC4F2A9ACB32793FC378C6658A25E4CD180580EA3CD723A72A9438E18C30C3AB095914CC3C3663AAD1A03B1040F312493D390F5A1560C8B844CF221C42CACAEBA9F55A350BCD790BB13DAF429C56D57AE31A206A17AD20AE299CC97A7A69271415ACDF2D591194F504563D9A629F0327853C64B2EBF0FCAA51C35AECB213E5E971626FDAB7A9A3A83CE3298E74292A0653D08FD683CD93CA5D8BB736258FB9DEA5326E23C461B68DAEBF95B75F8ED576CEFECE956ED0936FCA7A7CD53B1B904919B1153824F28E355C306F0B0A353905D8CAC5988EE4827A9FAD482FDA4124B3C3BADB400FE507A9375E7DAAA6B95B76A39CA1BB567917B53F997DA24D244638E3119616D7AF5103D3CA2C7D6ABD1E36210F85E192DD5CDBBEE075171B51D7296ED4BC7951ED567A4BECBE1F3D04AAB42BA6E35150AAC46FB0D8D86FF00A569580FF86E31A290A9D50D8AA163A6E395D391B567B87C949E953383C95C1BADC1AA36687140F2342A9592CD326CDBD0A0D243576F4886A306AA14BD70D16F42F409BAD36962A7868845411726141A8AC76468FF00780AB295A4DA3AA289270A203B0A2FF9697B55E5A01499C30ED5053178696964E1C4ED56DFF0F5D586A8AE4191A2F4A7D165ABDAA68414710D046C78115CA961150A001A8E0D72850775D77550A141DD55CBD0A141C35CA142805A869A142839E1D74250A1501C2D1C0A142A0305A1428551FFD9,'Studio M Art Models','Measures 31 1/2 inches Long x 25 1/2 inches High x 10 5/8 inches Wide\r\nAll wood with canvas sail. Extras include long boats, rigging, ladders, railing, anchors, side cannons, hand painted, etc.',737,43.3,86.61),('S700_2047','HMS Bounty','Ships',NULL,'Unimax Art Galleries','Measures 30 inches Long x 27 1/2 inches High x 4 3/4 inches Wide. \r\nMany extras including rigging, long boats, pilot house, anchors, etc. Comes with three masts, all square-rigged.',3501,39.83,90.52),('S700_2466','America West Airlines B757-200','Planes',NULL,'Motor City Art Classics','Official logos and insignias. Working steering system. Rotating jet engines',9653,68.8,99.72),('S700_2610','The USS Constitution Ship','Ships',0xFFD8FFE000104A46494600010100000100010000FFDB0084000906071213111512121215131517131E1B15181818151E141A1817131C1715191B181A1D2B2C181E251B151A223123252B32342E3523203538352C37342D2E2B010A0A0A0E0D0E1A10101B2B2520222D2B36372B31302D2B37373730372B2B322F2F2D322D2D2B2D2E372F372D2D2B2D322D2D2B2D2D2D2D2D2F37372D2B2D2D2DFFC00011080078007803012200021101031101FFC4001C0001000203010101000000000000000000000506010407030208FFC400361000010400040306040407010100000000010002031104122131054151062232617181071391A1425262B1237292C1D1E1F04314FFC4001A010100020301000000000000000000000000030401020506FFC4002A110002010401020406030000000000000000010203041121311213053241916171A1C1E1F01451B1FFDA000C03010002110311003F00EE2888802222008888022220088880222200888802222008B16BC3178C8E219A47B583AB8808F46526F48D84555C6F6F7071E8D73A43FA069F534AAFC43E21CEE943A2686463F0BB52EEB6797B28A55A0BD4BD47C32E6AF11C7CF475245A9C371CD9A264AC36D736C7F82B694A5169A786651612D0C1945F36B210194444011110044440712E23DB0C689A50277372CAF6D776806BC81C957B118C7BCE67B8BDC79B8927EA54AF1CE17247899DCE7C76E99F4DF09F15D8B241B07C942C9880C7647C74EE8ED0FF00B1E8B97DC526D6783DD5956B5E95D292785E983D237AD9034B3A01F55F384958FD1ADA3E445FDF75E58DC348D048B71E4D7021DFD28916E7512E097E0DDA8C544CF970B8B5B77B0357FB2B2603B618A6EB2CCC2398C998FD88A5CAA5E352D381764A68344D1366A800355AB8BE26FCD41E6B28D89A2799565424B18679DAF756D3EA7287D3EEF6768C77C477FF00E70DFAD8FAD83414749DB2C5BF532651D18001F5367DD722878B4AD787079D0FFDA735D3FB2D38C60113802FBDFCBF369EFF0045897713C3666D7F893839C61C73924B05DB0C4B5D798B87476CAF7D9DED0B3122AB23C0D5B7F71D42D7C1F00C3C4CCA236BBA970049F72B3C4B1704019F33F860BB2B1C1BA35D5A591E11EAA78426B97939B775EDAA79218F8FE0B0DACAD6C2E233583A386E3F63E857BDA94E6BD1F48B169680CA20440707ED4112CD24921EFE73D6B435B0F45EA216BE26B24CAF394120917EB5BDA93F89DC364866CF1001938A3216DB633BB8DEC0E9A5EF6B988830B76D89EEE7F33E61129B3A380034D7A95CBAD67DC7972C60EB7773854E39D7B162978001235C3BECBA734F8803A121DCEBA15211BA561CAD904918FC328B23D08E4BC782E289FE1B9E5FBE479A0F21B5983DBC9CDCC3D415151E275A758730F9D5D65B07670D541055949C64FCBF52685579CA7B2471984866243A2731C37AA7375D451D0FEEA0B1FD9CD6D92006B6769A0DB7A52ADC5DD86BC66EBA1208D0F76C5ECB5F178795C03DEE05B60173468D175AB7A6AACAA928BDBC13CABAA9AAB14D7F7F9457311C2A66789848EA350ACFD8AE2E70D34725F7468EFE53A1FF002B49F9E276575B5C3A1D1C3A83CD6FB31194024B4FA8EAA653735946214EDE84FA937D324D60ECFC770B1626031CAECAD3473035B6C415150E3F0F061C40F79C4B4683351B1C81277AEAB9E4DDA3908CAE0D207BAFAC1F146BFC4036B9DBABEDB2D9DC4B84694BC2A8E3AE72FB16EC771E2FA0194C6B0002CD50DACF33A69D161B8C9F2E68E59223D33123DC1D942E1D8DCB6DCAE177B870FA8DBDC2DC7F11682D2E69EA36F6D7655A7566B827743A3515A3388ED1E3E13DE99DF4691FB68A63B3FDBC99EF0C92312FF268ED37D363F65569312497126CBBE816DE0B1AD3A4AD6B856E477BEB5AA9215249F24D2B6A7529BEBA6B3F0D1D6B87E3E39981F1B839A7EC7A1E88B9CF03C7B70B3B1D1B898A534E1AD0D74F4DFF00ED1615B854CAD9C0AF6728CDA865A25FE3361DCFE15265D72BD8E20740ED7F75C3F0B37A7975AAEEDFDD7EA4C6619B246E8DDE17020FBAFCEBDB1EC8CB839CB6BBAE24467911A6C4D024EE5BB8F3095239E0DAC2E15293CFA9132631F10CCCD2C8CDD0D5D69EE523E22D71006524EADEF9CBE472916BCDD8173DBF2D8D74D3BC00C8E3EF3C57E2706DE56EBFBEAAFDC1BE18E3E78A138C3033E50A6C4E05CE20B6A9CE69A6FB5AD634F5B337172BB8DC38653891E2CAE0393B2126BF99B7FBA99E1DC4E36B435F6CF33E1D7CC6DA5297C4FC39E2103DCE8431CD2EB688DE6C0AD8E602F9FD5414DD9FC5C42A4C34ADAE6184B7EADB0AA5C50EE2E9916ADD466BCCBFC36F8B185C1AD93670258F144348A1BFB8FBAF1798C0CA5B95F62FF265AF10EB6A260637374A3AB41A17E9D696E3A10058341BF84F9EF5D1696F4A54969E50AB4A3D4A126787182C136486E5711605D0034CC49AEE81E8B53072BDA72896071FCB988EBB38E87C3F70A1B078F73BE68228C8FEF1048395BF83D3FDF55BAD8465398116D008D281F21C95BE98C7D042556BE94B096BD8DB33B98ECED0E8C8E5A870BDBD3FEDD58301C643E83C007991B3B4E639154FC6E39D180D233861F11F1E42002DBE60684290C30D9CD360EA08FB28AA431B474ECABF7334A5CAFDD1739F29635CC0328345DADDF42B53E605BB04B14991F2372E803F273F3CAACD0F64F0AFFE209BB9FA7281EE4934B45072E09E5730B758A99F62B183639CD34486E66E61C8F7B4FBA2BA60208A5959061DA3E4C6ECCE77E6236F6F3452C696B92854F1454DF1CFEECBD95E73C0D7B4B5ED0F69DC38020FA83BAF44570F346B60F87C310222899103B8635AD07D686AB6296510184594406AE330114A2A48D8F1FA9A0FEEAB9C47E1EE025BA8CC47AC648FB1B1F656D58A58714F9378D49C786701F88FF0E99816C52E13318B2912E675BCBF4A23D41D87E5548C2E24015FA6ECEC6BA1FECBF5763708C958E8E468735C351FDFC8AE55C6BE0F92F2EC3CADCA7938BD8ED8EE5A087F2D686CB5947258B7B9748E4F8D6191A5C3C2D1AF2A0EAD3D7427E8A4FE1FF02C562A47C78701CC60CCE2F34D6DF85B9AB73AE8BA9F09F84B1D8FFEB787B1A6DB0C59836FF33E43DE79F61EFCBA2F0DE1D0C1188E18DB1B06CD68A1EBE67CD3A16306AEEA6AAF763A672BC3762B1A3431B7D73B694FF0FEC03AC19A503C982CFF0051FF000AFF0048B454208B553C5AE26B194BE48D2E19C36381B9636D0E67727D4A2DD4532D1CD93727996D844443011110044440111100444401111004444011110044440111100444401111004444011110044440111101FFD9,'Red Start Diecast','All wood with canvas sails. Measures 31 1/2\" Length x 22 3/8\" High x 8 1/4\" Width. Extras include 4 boats on deck, sea sprite on bow, anchors, copper railing, pilot houses, etc.',7083,33.97,72.28),('S700_2824','1982 Camaro Z28','Classic Cars',NULL,'Carousel DieCast Legends','Features include opening and closing doors. Color: White. \r\nMeasures approximately 9 1/2\" Long.',6934,46.53,101.15),('S700_2834','ATA: B757-300','Planes',0x89504E470D0A1A0A0000000D49484452000000780000007808030000000EBAC6E000000150504C5445FFFFFFFFCC00CEA563000000FFCE00FFD000FFD100E0E0E0352007F0F0F0FAFAFAF6F6F6FFD300FAC8009C9C9C313131E9E9E9525252BCBCBC6C6C6CCCA462393939636363A38300DBAE00C1C1C1C9C9C9767676D3A865AF8E52EFC000EBEBEB121212EEEFF7AEAEAE404040D8D8D89999997E7E7E484848242424DCB16BF7F7FDCAA1008A8A8ABD9700876B00877E7DE4B700DEDFE75B5B5BA5A6A68E846C938258745C20989CA773694A725B004D381F43331E573F20957947928D83828179866F1D786436A5833DAD946087712B987A00A79F91685F47655943EABA71B08F29D2A7007A641FB491169370359C9481A07A4AC79D577F6B35977E2A6E74816E5005AA8D615B49007F72494B4122BA992B8D836F674A198F7100A98C36C8CAD7675D377D66412002002B2117B59456291300533403AD9F82B8B3A658491EB29747BD9A2654460CBCBFCCC5A84E332623E19CC17B0000075C494441546881ED9AED57DA48148703C9400949C010248434404C784DD80071D5B66245D16A4ADDDADDADADABB65BDBDA76BBFBFF7FDB99890856115B329EB37BF8793C44883C73EF9DB97367261435D34C33CD34D37F517A7BC20DF938116E3E91666FBC21992EC54880A389B99B6F50E88528197079C21D598304175BCCC6866164471C3FF2761EBA3B9FBF3928DF0B5E30CC564ECFE3BF0CDD2A29081735E38AD0CA25214E849ECE17E6F2ED854AC9FF97AC2866F35383D3850A0D95423825812E05968AE7680BBD0D493A6DC11E461752E82311DED42EA3ABF969C9D134FC12A50D71D0AE325D29CDD115858ACDC1EFB6CC02EC78960FA6E98268D129187278D96AD1E8723A70A2823A0FFC3A8A32E934746B99D631384629851C45A568D3071B94582853F1345D62D1FDF35383F1704AB6E8289B43C651026DB110ACC3CB760C81050C865E17A107C4026A1C6BD2A5A9C17838C5E66903FE2A141AB8189C3CBF61008EFAE03636353E8FC33D1D7860711EC1E1A5782DB81CF3C12606477143A6049761C858812E506C09F98F4DD059EA5B709B9EC3E032ECE4E9683CB6405F7CFEC3E0349D12B3168D62AAC348EA2DBA1CBD02563058A9248C649AAEA40A74057D6E88F1F371CE668DEF4D2E513C74E1D881FF18C7631535018207AECC0D5D9D4C1444D806A81C6A180C8F80865B290EDF4C7FF7B83675617E3EA7E006C7CD446101B75D2F0DD2650C65B2584B40EF0A15686754C829C90404C33EA123708E85E0C4D4A9EC568A620F5078BEC4AE61C94CDA5794A34B7744BA505C3005C1A2A71EC6DF2DD1EF8BA52067C8DBC948A55216919A64A699669AE9FFA166AD562C369B774C659B9620CC3F79679AE69D4E0DF1254189B51543542845B84B70536729B3592B1ABA5EB3EE905B9C2F6DB53EB9AE7BB0FCC96D594B7714E8E6C7C64B596B7000008EEFF3F55E7DC5BA83A2A776D670380D3091101290795E8E70F6A2429CBB54E79910131A8881827CED384B9ABBCB0DA943317CEF2B51B098B90E8BC8DC11496F27179D31E010237F2C9203EB99315844AE9F914B626B32180FD6BAC4C673B3C78DB73804BC3D5260DD1E6F3014D7236472CDE5C7752DDFD94E870CB8B81AB9890B4DDE2763B2F8780298D1C844793298FF4C64E9A6676EEC5B21D4B189AC91CF6EEED4C864EF90C4D67D7B223814F942C2D7932D8619DB25B0D5730B7028622F050FBE85AB43C02101EE4F76B57374123C58D99C308E510A6928C14F8EC68BB1603048E20CBF1ABCC9C5EE3857F37D6FF01190B76A8183DD7160C6E90F262E46DB0CBCF82ABAE35CCDF08D6131F6450C3ACAEC9E366E3E06B6DFE351991D3C9832F1B7331801E012861908449C1E0722118E979DCC7AF0078F2799089A81EA889BD9EEF69D81EC2F9BFF2CBBCBEEB6BB56CE09C1A7EBE20BD485FA2B309EDCCA49F1ACF31354A745AF9D9DB4DBB5E2B9F469CF44AEA8661D780CA3F5BC0607830A972C35ACA4022BF976E9ECAB5FF764839F928D52AACF01BBC7F5A0C9CCA583C4982B3BBBDDE539EBA468055F772916FBA6CE1D69C0810B0A50EF0C3B6F4DF0220C0011A67EF4178165A328C4D71AF515E8E7BAC6307CBFD3F4D16CDE1CE40FC0799DE073755BA7CEEA0D3437A2D4CCF0F6EA5213762665C9F5860537E706BF76EB44A9E8DF1A7F91AE429AFDD975178F6D073704FD30C07103E752469CAA99A3C90B865593D15E080021DE97F734F029C297DEBFBC8C41598BF76CBB9FC1DA7DF6C420F288487EAF77B9FE61383BB37BF0CB2FF77D49AAB42A10D80262B73C66D46286931BDB9214562F1456ABDB048AFA6CC6B3BD211868BD27E11D357C49EAF3E5E02B5CD3CEFC36040367FDF71D55BACC0D4B6A37F8ED4DB1EF3960C87DBC510D5F951A7E19F8FCA464F86159E7EC9F5EC70D87ABCFA77D3CE28A58615FE607D5CE8B0DF55A6E58DAD9D7832653CD5F65DF64AEBF7ABDBD18BD1538985AF2C1405E57C7188CC2EC065F85F860465B51AFF4E7118B9783DF5FF4C1C05E1C3AFA4A03D42A01B0E0BBBA278D60D411AFAB6A5592563BC1A7CD35943219E7F100ACEE481B1B55A89DAA1A46AF1BDDF5439DC0EA1CAF261879F31C5CADFEFCE0E1C3478F1E6D3F3D85963F5F79B3A89F1079FE63118C80E15C74EFFD3DA8F7EBAAF4A995CB9508AC8E7D35BB3EF80D0657DFFE790FEB9554BD4F64C3E742D95D0C769E9EE2FEFCCEE7BE7F1B56D7C93E0672BE0F027A3E981E8055F580EC7188E083CF13887AF0E1C387F7F71E3EE8AAE1538BE0D100955C3B2FF6FC94A986579F3D7BFBF63E9A2ED437044F4394BDFAA0BAE5EC7DA97A51F4486AB5BB46ECD997E6AFBBDAF0AC0BD4FF90762EB2C806B1633E367A78C447464B5BA01DED4B50A7A7A707AF082CD5B0625F2D5BFEF68C0D96B6BDE3E3E3D7FD8C1DFC860B564DEFECD6AF3BDA03214DD3E03A22E2B84D022B8893C3232F3466A7099F69C217FB60AF1370BA8CEE65BC6B0F322FDBCEC9F58C7B125C078B29F7EBFCE44D5B6434E0B4DDBDA0626DEC7D1916B493D98CF33A18B4BE2933B7C6627448DB9F7EC3BA691D4D0EEE1534E73D16A70BB5E2DA379D618E15E0FB87536C5AD7F4E3B187D4938D3EDEFAD14C66B899D00F724378636671D22AE65FB5CFE0A3A37CB0090000000049454E44AE426082,'Highway 66 Mini Classics','Exact replia with official logos and insignias and retractable wheels',7106,59.33,118.65),('S700_3167','F/A 18 Hornet 1/72','Planes',NULL,'Motor City Art Classics','10\" Wingspan with retractable landing gears.Comes with pilot',551,54.4,80),('S700_3505','The Titanic','Ships',0xFFD8FFE000104A46494600010100000100010000FFDB0084000906071213121513131315161517161F181817171817181A181D1D151D20171B181D181C28201B1A251E1820213221252D2B2E2E2E181F3538332C37282D2E2B010A0A0A0E0D0E1A10101B2F1F20212D2D2E2D2B2D2F2B2D2D2D2D2D2D2D2D2D2D2B2B2D2D2D2D2D2D2D2D2D2D2D2D2D2D2D2D2D2D2D2B2D2D2D2D2D2D2B2D2D2DFFC00011080078007803012200021101031101FFC4001C0000010501010100000000000000000000070003040506020108FFC4003D1000020102040403060403070501000000010211000304122131050622415161711332428191A12352B1F007C1D1151633627282C217248392D214FFC400190100030101010000000000000000000000000102030405FFC40024110002020104020105000000000000000000010211031213213141510422617191B1FFDA000C03010002110311003F002A5C68DDD3E6456679978C5CC3A3B41B969962560E42478AEC3D7CBD2B15C739E6FDDB6D6CA61CADC95582D3ADD214833A1C9D53542FCF77D2DA5B3D086DB2F4485331B1EE4483D27B8DBBE4D95B8FD967FC3CE644C35BBA3ABADFA554663217424CCC7A0F0D7C77985E278A07ACA676596566540809D2227F6283BC9FC796C31B6CCEAACD9835B0B9B3010A08631977F3D74AD1E3F9AAE5D5CB72CDA807DE1981DB69066B29BA2775AF26CEEF3F956652AB236DE0C79C543C7F3226200FC74B0EDD2492DD23C7C286F89C7E7F1CDE0363EBE750DF1E5410448EFE550A73337924CBDE7FC3245A54C4DABABEF675D649DCC01D234DBCAB1788671F1888DC7DF4A9576E820050649D4F953A383DC166EDE11951954C9D65F341F2F76B58B05C8EE1ECE1D522F0B82E12B96326528504E6D6436F1DB515C590A40560324EB948CD1E460C1F95535962DB93E15D02477FAD3698346E784F184B568A0B6A5A32A9619F28D736E4413A0F95515977563AC08DFBC7EFF5AA75C49037A7AD633E750E2C9A65E5BC5364CA480358EFA13266A06372E9D0A378A86D8A24EF4D632E180493E54A30A6115C9C0007EC52A8AAA4C52ADA8D2823F31F2EF0C5B79ADF11B0658184420C1ED1ED0C9D67E1AA5E2789824259B58AB28A421EA26DA81A1194981A831B7A5673BEA41F0803C6A78E2170BC9601408858008EFA0D35A2E82C7B93F8635D67554B05C43A9BCC5018F854EDE7AF9558F17E0D7ED643790AB34C11AA477D41DC53D85E2E6D5B2118E5632C011A9EDE7E1B53F87C05DBC872292D1244806078C913584B2393E8872B2BF156EDA80074F668324EBDA74155D8C89393DD1A77F0DCC93BD69EF72BA805B1189B569B2839155EE3794851B100FAC54CFF00A7B6FF00FCC3102F5FBE93052C5840EBA4EBED2F4FDBE5571C72123036CC6B23FAD2B8DA7BD33BFF0029FAD5C5E6C12894B18B611F1DDB2BA78F45B314D87C376C3187E9EBBE5B2ED0445B107B4FAD569E4768AB2A840503E74A5622053F8A367315161948907FEE2482343BDAA56F058778EABE8675116EEED1B4143ACE9E869A87DC0866D277FDFF005A71401A0127F5A997B8236A0DC06220807B891A687503ED50DC043A34E9BCEFF2F0A4D7340346FEBEEC79C547B9767B54FC45E3F111E407EF7AADBAE6648EFB55451513941AEF14A9D054EB269536C6CDF9E40C76CC6C266FF3EFF6A71BF85F8C23DFB23FF73FA2D1195DC03725DE544DB68481F99206B3E064188D2ACB087076ADA8BB98DC8EA199C09F9902BA7622BC1CEB2360B309FC32C5A44DCB2DEB9FFF009DAAD0F28636C1B7754DB655BA0B12C40220AE49226583B0F2D2883FDA9815D16C93E927EF355AFC6ADBB949408621633158999624684998ED1DEA7639B5161B91F32463F8F70ABC2F2DFB250B5C402F2B900341852BDC9CC8DB7879D6CFF87987BD872C8FEE18CBD59A172E9DF42A41F5173CAA3FB7C33959619964024680133113FCFBD5DE131364280A81E3C5F5FBCD56CBEE991B8B55A68C9739FF000F5559AEDA11659BA915648132081DC06EC2A9787DFBF84C130381B1720820B2166656CD9B50342A40F934D14AF710982D6FEE08FBD467879E8DF4F753F993353B2EED14E5160539CF1B7316961CD84B6067D2DDAC8DA91EF41F0591E1277DEB3982C2E61AD9B87B4E5623E447791A57D06702748BAEBA47BBA7D108A8B8BE006E01370EF32C8FAFF2FB53781BED93B95E01C5DC2FB6C3282AC2E010A19482E9A12867E2CDAA9EC6477AC8E07873DDB8512D97210B1C9F906EC6761FD68E69C0A27F1AD6BBFE193E950F1FCBB9A7F12DB2B4E6441ECC31241259762646FEB43C0DAEF91C72D768090C23652429D0C76D3C3CA3D3CABBC4F09675190ACF9CFD0E9A1A249FE1D5B24FE35F5D67E16DF703328D3498F4A6F8D7204D9716C9560156DBB18040F78B0CC00076D41893596CE44691C89F4C11E2F08D6CC120F98334AB498EE5AC661ADE76B04851D4C007403CE274F335E5269AED1AA9A61479831F8957F669692E5B10D6DDB42A08F74F5093A4F8E95030D88C6C445B1AEA431075F03263D2A1FF007E6E66E9B491D97C3CA626A68E79910D8543FF009187EB5E8F11ED1E736E5D31BC5606EBBA9B8F227A8672749D02CEBB78F8D3EBC0F4956511A8EA8235D674A877F9B49F770CA3D5DDBF42052C3F3616D4DA48D8F5FD376ABDCF464F1F3CFF000D4D8C29CBAB2B18D4E9B9F0927BD32786163A103C408D7EF59A6E6572D0155167B1631EB94D4CC4716BCB005C259BC994FCCB44534FD0A493ED1A7B183B8823DADD1FE9207FCAA425924FF8970FA807F9D64938CE3418258FCC30F3D75069DFEDBBFF001AF69EC0C78D1A5BF40A715E19B416B439BE44823F514CAD8B80CAB2C7D3F4AA6E0BC6959D428F7A201682493E86AE39830D76C837D2F90546636F2C2B81EF00666636DF6AE79CF43A3AF1C7723A8924DCD20B9D758D540F2DEBAB78B798807D403FCB5AEB8692E7DA09EAD8EDF23FBED577EC167311A9DE89492E195083972991D00081A04CF611A4EB4D62AD26E26B9C763ECAF49BA808F87309FA6F541C66E25DCB171815D42E466569D8B291AC4687B542BECD1D74377389096C855C0DE21A3D7C295646D70E2D796E2B9BAD6CCA981E52564C83A00629574C1DAE52FD9C59554BE8936BF06216E0FCA0FAEBFAD386E83B8FD6AA8E260C3483E6229C4C40EC6B08E946D28C89ACEBF94D739C46DDF4F2A697115D0715B2662E2CE819AA9E23C72E5B392CBB246E5491AF945595DB800240D813F6AC6B19D6B1CF3E291D1F1B1DBB66D79738F710B4A310DED1EC0682EDD407ACEB1DA7CCD5EE3F8DDDB9219C9CDA98819BFD51B8F5A9DC7712D84187C22053685A1EDC112594886CBE04096F58ACDF2FE06E5D6B966466B2C51D8C85D090358313063D297C6C8AEA43F958DD5C4B6E098A64BA8C0EAA4309DA46DF2A315EE32D77206B25432E6EACACBB6B1E3BC41A1FF2DF2D7B662A618A9860AC0F6FB69444C2F0CBC105B25401B7EE49F38AACF18B9EA4C8F8D292838B448E1EA993206202AC97D0058EFAE9A47A6954F8FE398056CA05DC5B921401D6A59959AD8EA22DF565683B122ABB9871012E58C2E6608B7ED7B50C217109745D565D47505C99881A46BE99BE1385BAA30B6572305B7666EAB4ABFB0C4B5DB04409922415D7A5A646C706DB675C5251E4BF4E75B8F0B86E1D68039327B5BC00FC5B6CD60E544206636D9343A18D75D219E69C75C406D5AC080EA19064769CF60DDB7330066F677136D0A6DAD73C46CDBC3DEB16C5DEBB8D68274384FC1C51BC067889CB732C7809EF151F8470EC528B64DBC8AA96352564643882C0EBD96E05F57F5A92B818C6704C5631D0DCBF8589E9CB876556916CA1602E0995BCA7BC750F55537966D5E62B6CDCB716EDDA2CC1A3295B4A8C402BD43A46BA465EF35ED2B88D45BE90057BCE779AE05E61DE8AF8FE4953B7E959BC7F263AEC0FD2A148B713276F8838F3A95678A8EE229CC5702B8BDAABEE611876AD16468CDE38B2DD31AADA48D74FA8AA1B03AD41FCC27EB5E9B46B92944A7A821051E833F3BE180C55C667822D2E45CB39A00904F69D00D0F7ACC704E2F72DE32EDA0F97345C03B176B685FD6607AC51079B02DDB367103345FB39651737532A95903786551FEE3E06825CC173362EF107DD72A1877C9D208F5CB35091418178C621DC1716D8C41661123E409FA56AB0FC6AE802170A34D211FF00A0AF9EF0DCCF894D3366FF0056F53539DF103E15FBD3B61A507B3C76FC47B5B2A3FCB658FF00CC567F9B2F62AF5B5C9756E10C090A82D30D3420973235DB4A129E77C57F947D6B9FEF9E28F703EB4EC2827612DDCB88A6FA3B1439AD2B99CA4C0198CCE50649235200D2B8BB8FE2E44CAC983A5D6589524EF3B1007FBA8716F9B711DDCFC8C54EC3734AFC798FFB8D24E828D78C1636E2B9C5622E0681956D5D5656D75D59650C6DA30A5433E33C72E9B8DECEF38B6750276F114A8EC7D07D007852F62A7B57495DAC541441BFC26DB6EA0D5363793ED36C22B5A057405000BF1DC8BE02B3D8EE5071B03471CBE54DBE154EE28004F83E7BC5607027086CE620116AF4FF00860F888D48EC647DB51BA1AFA56FF04B4DBAD55DEE4DB07E05FA0A698A802A582758AEC614D1B8F2459FCB4BFB976BF2D3B150151833E15DAE05BC28D2393ED0D969E4E5641F08A760051786B78548B5C15CF6346BB7CB96C7C22A55AE0883B0FA52B1816B3CB0EDF0FDA951C938528A5458082D3E82BCA55233B0B5D814A95007596BD8A54A981EE5AF72D2A5400A952A5401EE5AF32D2A5408F62BD8A54A80152A54A803FFD9,'Carousel DieCast Legends','Completed model measures 19 1/2 inches long, 9 inches high, 3inches wide and is in barn red/black. All wood and metal.',1956,51.09,100.17),('S700_3962','The Queen Mary','Ships',NULL,'Welly Diecast Productions','Exact replica. Wood and Metal. Many extras including rigging, long boats, pilot house, anchors, etc. Comes with three masts, all square-rigged.',5088,53.63,99.31),('S700_4002','American Airlines: MD-11S','Planes',0xFFD8FFE000104A46494600010100000100010000FFDB0084000906071313121213131315161515191A181918171817151F151A1817181A1D161D1A201D28201E1D251B161521312125292B2E2E2E171F3338332D37282D2E2B010A0A0A0E0D0E1710101A2D251F1D2B302B2D2B2D2B2D2B2B2B2D352D2D2D2D2D2D2B2D2B2D2B2D2D2E2B2D2B2D372D2D2B372D2B2D2D372B2B2B2D2B2B2B2D2BFFC00011080078007803012200021101031101FFC4001C0000010501010100000000000000000000030002040506070108FFC4003B10000103020403060305080203000000000102031100210405123106415113226171819107B1C1143242A1D143525372829293F062A2172333FFC4001801000301010000000000000000000000000001020304FFC4002111000202000701010100000000000000000001021103041221314151131452FFDA000C03010002110311003F00E263A457A95F23B578154E713226A4918B5CD3B4D0E9C26801E1DAF52A8A65380A4C4C22689D3C286DD1809A9240A8816AF754795154D83FEF4AF7B31B7FA69EA196182CF1F6D0108594A67558C4ABA9EB40C6639C724A94544C492666A3759F4FD684F4EF34EC547AA513F789DA865BE60D3573134D42A99544A42695470ABF3AF280A07460B11B54E3813136889AB7C9786D0587718F93D8B60C21362E286C92AE499F5AA941C6B52A126A5C1579270EE23127FF004B4543F7AC123FA8DBDAAFFF00F17E67FC14FF00913571C1F8CC576D870B7E1B5109ECC2424241D80B5A0C56B3119CE294E2825C4A0030350528FAC11152B7745D23049F859999FD8A079BA9A78F84F997F0DAFF0028FD2B5CE66F889838800750957CA68389C7BE0C2710E2AD78D49FA9AAD2C5B1983F0A332FE1B5FE54FE95E1F85F998FD93663A3A9BD69F0D8874EA0E6216DA84405126679CD103C623EDAAD5D13A95FA1A1C436396E75956230AB087DA5B4A22403F88750763E95014F574CCF9A5625B4E1DE5A8B892A2D950885EC075858B5EE0C573CC3E1E54029040120D8C982645F98A4E1BD0AAF8008937A6C55C61F2BEDDA75E6881D9292140C89D437076B473EB5372EE105AD056E3A1BEF690027B527BA153214237A5A41A33C81D6A3B8CC56E5AE0D6A6EFBA7F95A427E6B3520F0831697711ECD0FA1A6A0C499CEC367A1F6A55D04F0630AD5A5E7C446E1B54924F974A555A06667B688491041BCEDB4FCAB5DC472D65AC248492FAC2B48E806A1E8600A8BC2CE21299D292A5192624F956833FE1F6961B0C90D3A825654120EB2A02C6E2DBEDD4D658D9CD524A5D0E184A2B6272B2D69B6987DBD2A054D90B93D448DE2770479D47CE2538871204C99126041DA8184C9D249050942FBB2B490A048FC5B03260483EF5A5C5657DA2CAD2B001004EE4913C88802FBD67F7829F3D17A5D197534B9903E55EB18B089ED125249DFE957D87E192092A716A9BC9528A47869469157385CA5004052ADD084C4F2B09F734DE6E3D0BE662710A2F41421663FE2B55BA593143C5E01C4AC16DB5C6F7DE66BA11CB9ADD490ADA0AA546DB6E4D11BC0B6366D007F227F4A859C7E0FE673F521788787DA0AD008852D69263A09B47AD66B8972E7351C430545415A1D523542CFE17801C94041F11E22BB3A70481F75291E400A7B6C94FDD20795A8966AFA2A31A3852F16A61A4B7DD05F46B712A212082484EC2C48127D2B45C1987D4C3BA0120BA93F782FF6441F926BA9AE7F1007CE0FCEA239966195BB2D1FE84FE94966ABA2DA8B5C197460560590BFED07EB51D4CBB31D9AE3F9089F4AD23FC2D8356EC24795AA03DC13853F74AD1FDAAF98FAD6AB390EC8F8C1F6427704B4027B35DC098493B7801E34A86F700FEE388578293A7F3BD2AD3F4C3D2D65E1FD189C02149D2A20A42A4A48B4C1824569DBCD0477C4C73DB975AA6E1BC58791F6559137534A3F855D2A57D8CEA0CBA14954C9B4A5491D0F8981EB5C52C2D555C19465B12B099B249024851B80A05248EA2771E5572C63CF5A82EB4870695A42874226A2AF2B5A6ECB96FDC72543D15B8FCE94F2BDC41627A6AF0B8FF1AB369F9AE7C3352DD9E429BF1FBC93FD43EB157981CCED20820F4B8AE5961CA0F745A699B368FAF9D14552E0F3244152950948D4AF21D3C49B55166DC4EE99286902361ACD87224C5CEFCABA30B02538D89CD266E62BD8AA3E18CF4E2194296809512A0403AA0A7C7A11715725CE7302B16DA74CB1F14C501E154D98714E15AFBCEEA3D13DEF95AB3AF7C464158434D124D86A3B93B00948249AB8E1E24B844B68DCE91E3E97A6AD20F23EC6B94661F1271414520213060C01F3BD54E278EB16A8871693D7503E91A456BF9A6FC275A475CC6BBA10B50DD00923D2DE8695607843895E79D4B3885F681E4A8024005044DB6BCD2AA8E55D6E1ACC1E11FD2EA0CF3BF84F3AE8993676878766F418B057349FF62B9A3CDEF43C16254D2B526E398EB5B4198D9D6F1997A9BB8EF23F787D684DB950B86B897BA24EA41B106F1E11F4AD03D96A5635B0441FC3FA7E95AD0CAE753A808511E517F020D88F035587261263B84FE36496FDD1749AB3483B514266868452B5D9A319834E2564B2B96D6A9D0266D3161B8F635ADCFF000595E1DC5B2E34E217A756BEF10A1C940CF9FE7505193872CA008F11346C365B8669652E3A565A0484A94A50445F481B488D855C152A193F87F2A40625456DC9538920C29091B1E93A46C7A9AE5D9F716623106EA86C580DA45FBC46D262BAC7DBD1886DD4373AC36AB189EFA4806D6DC4571DCBB2275DB250BF0D2DA973F203DEA7E51BBA2ADF05597891724CEF7DFE74EC0BCA495142C215A489F30444F29DA7C6B4E3815D035380A00DFB55B6D7D49FCE82EE5F826A7B4C5B09B5D2D85E20F96F15A508CDB8CAC90214A59BAA01B5ADF9548C0E5AEADC4A129EF122C2E67D2B7EAE1921869E6708FE27B427BAEAFB00D8E4B5213363E76E75EE1F2A7DC49497D0CB427537826EC3A85BE76E7CE8A00B91709B490973B5D1891A8212920A7529261279C81AB9D2AA4E2FC53486109654D96F504A5217A949B1EFEDFF00607AF5A543D857463CA84493EF511F5785AA640F3A8CFB67A73AE388A816131CA69529E7B8E46B4B91719961D3265A55FC51D41ACCA9BF2A03A8ADA2C68FA030AF338B4854C2BA8DC79F5AF0E52E20EDA8754DEB97E07365B0197D24E850017E1E3EF5AFC6FC405B25984028209599DCF24A4EC2D7AA4EC19B2C1E1CC45EABF07C12029CED145685959D0645DC999BDF7B51F2DE3161D6C381F0DC94A4A561320ACC0B4F59BED5399CF70A7BCBCC9A8B881D9A363046E4F2ABA024E4FC3A9602B4924A80054A32604C0D846E6A0E7B896DB04F6A991C8126E6C24036BD0731E33CA9AB38F978F44EA727D4DAB2D9CFC574A90A4617020B641054F5C19FF824475E74C2D15784C42319884601CC1B6E1438B2959568588499694A093A84C5FC36AD7BB9061B049D6E9C36140D821014BF452EFEC9AE2386C5ADA85B6E29B5890169304488371E14B0CBD6AD4B9593F8944A8FE736A517E8933A6671F10B0A469699771246CA7950949EBA6E27CE2B17C45C48F63348715A52903B8952949F3D3648DA6A996FD9249E47A472F4A8DAE404F4E9ED4DC863D4DCEC279DCDFDA954961F46DA77E66E6956129BB1E91CD9107F3EB4D5799F53444267CA9AA1009AC2C560A39D0549A94A143523DEAD324B2C871A0254CAA2F3A676336228EC3DD923B3C4429B26073EB1E5542B47A51B1235A520A8C0BFD2AD32D6E8B5730383370F94F8483F31515D56111B2DD74F44C247BC55376115E04D5D93B160ACDA3FF9B4847891ACFB9A8B88C5B8BFBCB2AF33B7A508DEBC50A3500D2A26D4F0A3CADCA7AD2D14909A2C2C495751346C3B3A8DBF3A0A514509F1A96C7615D68A4F81A5485E95403A25A973B5355D7FDF3A54AB310D2A14891C87BD7B4A9A0065531614D59B452A55424C1A934C48A54AAC05A69004D794A803C0DD7BA408A54A800A8022882952A801C48AF6952A433FFFD9,'Second Gear Diecast','Polished finish. Exact replia with official logos and insignias and retractable wheels',8820,36.27,74.03),('S72_1253','Boeing X-32A JSF','Planes',NULL,'Motor City Art Classics','10\" Wingspan with retractable landing gears.Comes with pilot',4857,32.77,49.66),('S72_3212','Pont Yacht','Ships',0x89504E470D0A1A0A0000000D49484452000000780000007808030000000EBAC6E000000150504C5445FFFFFFFFCC00CEA563000000FFCE00FFD000FFD100E0E0E0352007F0F0F0FAFAFAF6F6F6FFD300FAC8009C9C9C313131E9E9E9525252BCBCBC6C6C6CCCA462393939636363A38300DBAE00C1C1C1C9C9C9767676D3A865AF8E52EFC000EBEBEB121212EEEFF7AEAEAE404040D8D8D89999997E7E7E484848242424DCB16BF7F7FDCAA1008A8A8ABD9700876B00877E7DE4B700DEDFE75B5B5BA5A6A68E846C938258745C20989CA773694A725B004D381F43331E573F20957947928D83828179866F1D786436A5833DAD946087712B987A00A79F91685F47655943EABA71B08F29D2A7007A641FB491169370359C9481A07A4AC79D577F6B35977E2A6E74816E5005AA8D615B49007F72494B4122BA992B8D836F674A198F7100A98C36C8CAD7675D377D66412002002B2117B59456291300533403AD9F82B8B3A658491EB29747BD9A2654460CBCBFCCC5A84E332623E19CC17B0000075C494441546881ED9AED57DA48148703C9400949C010248434404C784DD80071D5B66245D16A4ADDDADDADADABB65BDBDA76BBFBFF7FDB99890856115B329EB37BF8793C44883C73EF9DB97367261435D34C33CD34D37F517A7BC20DF938116E3E91666FBC21992EC54880A389B99B6F50E88528197079C21D598304175BCCC6866164471C3FF2761EBA3B9FBF3928DF0B5E30CC564ECFE3BF0CDD2A29081735E38AD0CA25214E849ECE17E6F2ED854AC9FF97AC2866F35383D3850A0D95423825812E05968AE7680BBD0D493A6DC11E461752E82311DED42EA3ABF969C9D134FC12A50D71D0AE325D29CDD115858ACDC1EFB6CC02EC78960FA6E98268D129187278D96AD1E8723A70A2823A0FFC3A8A32E934746B99D631384629851C45A568D3071B94582853F1345D62D1FDF35383F1704AB6E8289B43C651026DB110ACC3CB760C81050C865E17A107C4026A1C6BD2A5A9C17838C5E66903FE2A141AB8189C3CBF61008EFAE03636353E8FC33D1D7860711EC1E1A5782DB81CF3C12606477143A6049761C858812E506C09F98F4DD059EA5B709B9EC3E032ECE4E9683CB6405F7CFEC3E0349D12B3168D62AAC348EA2DBA1CBD02563058A9248C649AAEA40A74057D6E88F1F371CE668DEF4D2E513C74E1D881FF18C7631535018207AECC0D5D9D4C1444D806A81C6A180C8F80865B290EDF4C7FF7B83675617E3EA7E006C7CD446101B75D2F0DD2650C65B2584B40EF0A15686754C829C90404C33EA123708E85E0C4D4A9EC568A620F5078BEC4AE61C94CDA5794A34B7744BA505C3005C1A2A71EC6DF2DD1EF8BA52067C8DBC948A55216919A64A699669AE9FFA166AD562C369B774C659B9620CC3F79679AE69D4E0DF1254189B51543542845B84B70536729B3592B1ABA5EB3EE905B9C2F6DB53EB9AE7BB0FCC96D594B7714E8E6C7C64B596B7000008EEFF3F55E7DC5BA83A2A776D670380D3091101290795E8E70F6A2429CBB54E79910131A8881827CED384B9ABBCB0DA943317CEF2B51B098B90E8BC8DC11496F27179D31E010237F2C9203EB99315844AE9F914B626B32180FD6BAC4C673B3C78DB73804BC3D5260DD1E6F3014D7236472CDE5C7752DDFD94E870CB8B81AB9890B4DDE2763B2F8780298D1C844793298FF4C64E9A6676EEC5B21D4B189AC91CF6EEED4C864EF90C4D67D7B223814F942C2D7932D8619DB25B0D5730B7028622F050FBE85AB43C02101EE4F76B57374123C58D99C308E510A6928C14F8EC68BB1603048E20CBF1ABCC9C5EE3857F37D6FF01190B76A8183DD7160C6E90F262E46DB0CBCF82ABAE35CCDF08D6131F6450C3ACAEC9E366E3E06B6DFE351991D3C9832F1B7331801E012861908449C1E0722118E979DCC7AF0078F2799089A81EA889BD9EEF69D81EC2F9BFF2CBBCBEEB6BB56CE09C1A7EBE20BD485FA2B309EDCCA49F1ACF31354A745AF9D9DB4DBB5E2B9F469CF44AEA8661D780CA3F5BC0607830A972C35ACA4022BF976E9ECAB5FF764839F928D52AACF01BBC7F5A0C9CCA583C4982B3BBBDDE539EBA468055F772916FBA6CE1D69C0810B0A50EF0C3B6F4DF0220C0011A67EF4178165A328C4D71AF515E8E7BAC6307CBFD3F4D16CDE1CE40FC0799DE073755BA7CEEA0D3437A2D4CCF0F6EA5213762665C9F5860537E706BF76EB44A9E8DF1A7F91AE429AFDD975178F6D073704FD30C07103E752469CAA99A3C90B865593D15E080021DE97F734F029C297DEBFBC8C41598BF76CBB9FC1DA7DF6C420F288487EAF77B9FE61383BB37BF0CB2FF77D49AAB42A10D80262B73C66D46286931BDB9214562F1456ABDB048AFA6CC6B3BD211868BD27E11D357C49EAF3E5E02B5CD3CEFC36040367FDF71D55BACC0D4B6A37F8ED4DB1EF3960C87DBC510D5F951A7E19F8FCA464F86159E7EC9F5EC70D87ABCFA77D3CE28A58615FE607D5CE8B0DF55A6E58DAD9D7832653CD5F65DF64AEBF7ABDBD18BD1538985AF2C1405E57C7188CC2EC065F85F860465B51AFF4E7118B9783DF5FF4C1C05E1C3AFA4A03D42A01B0E0BBBA278D60D411AFAB6A5592563BC1A7CD35943219E7F100ACEE481B1B55A89DAA1A46AF1BDDF5439DC0EA1CAF261879F31C5CADFEFCE0E1C3478F1E6D3F3D85963F5F79B3A89F1079FE63118C80E15C74EFFD3DA8F7EBAAF4A995CB9508AC8E7D35BB3EF80D0657DFFE790FEB9554BD4F64C3E742D95D0C769E9EE2FEFCCEE7BE7F1B56D7C93E0672BE0F027A3E981E8055F580EC7188E083CF13887AF0E1C387F7F71E3EE8AAE1538BE0D100955C3B2FF6FC94A986579F3D7BFBF63E9A2ED437044F4394BDFAA0BAE5EC7DA97A51F4486AB5BB46ECD997E6AFBBDAF0AC0BD4FF90762EB2C806B1633E367A78C447464B5BA01DED4B50A7A7A707AF082CD5B0625F2D5BFEF68C0D96B6BDE3E3E3D7FD8C1DFC860B564DEFECD6AF3BDA03214DD3E03A22E2B84D022B8893C3232F3466A7099F69C217FB60AF1370BA8CEE65BC6B0F322FDBCEC9F58C7B125C078B29F7EBFCE44D5B6434E0B4DDBDA0626DEC7D1916B493D98CF33A18B4BE2933B7C6627448DB9F7EC3BA691D4D0EEE1534E73D16A70BB5E2DA379D618E15E0FB87536C5AD7F4E3B187D4938D3EDEFAD14C66B899D00F724378636671D22AE65FB5CFE0A3A37CB0090000000049454E44AE426082,'Unimax Art Galleries','Measures 38 inches Long x 33 3/4 inches High. Includes a stand.\r\nMany extras including rigging, long boats, pilot house, anchors, etc. Comes with 2 masts, all square-rigged',414,33.3,54.6);
/*!40000 ALTER TABLE `products` ENABLE KEYS */;
UNLOCK TABLES;


LOCK TABLES `orderdetails` WRITE;
/*!40000 ALTER TABLE `orderdetails` DISABLE KEYS */;
INSERT INTO `orderdetails` (`orderNumber`, `productCode`, `quantityOrdered`, `priceEach`, `orderLineNumber`) VALUES (10100,'S18_1749',30,136,3),(10100,'S18_2248',50,55.09,2),(10100,'S18_4409',22,75.46,4),(10100,'S24_3969',49,35.29,1),(10101,'S18_2325',25,108.06,4),(10101,'S18_2795',26,167.06,1),(10101,'S24_1937',45,32.53,3),(10101,'S24_2022',46,44.35,2),(10102,'S18_1342',39,95.55,2),(10102,'S18_1367',41,43.13,1),(10103,'S10_1949',26,214.3,11),(10103,'S10_4962',42,119.67,4),(10103,'S12_1666',27,121.64,8),(10103,'S18_1097',35,94.5,10),(10103,'S18_2432',22,58.34,2),(10103,'S18_2949',27,92.19,12),(10103,'S18_2957',35,61.84,14),(10103,'S18_3136',25,86.92,13),(10103,'S18_3320',46,86.31,16),(10103,'S18_4600',36,98.07,5),(10103,'S18_4668',41,40.75,9),(10103,'S24_2300',36,107.34,1),(10103,'S24_4258',25,88.62,15),(10103,'S32_1268',31,92.46,3),(10103,'S32_3522',45,63.35,7),(10103,'S700_2824',42,94.07,6),(10104,'S12_3148',34,131.44,1),(10104,'S12_4473',41,111.39,9),(10104,'S18_2238',24,135.9,8),(10104,'S18_2319',29,122.73,12),(10104,'S18_3232',23,165.95,13),(10104,'S18_4027',38,119.2,3),(10104,'S24_1444',35,52.02,6),(10104,'S24_2840',44,30.41,10),(10104,'S24_4048',26,106.45,5),(10104,'S32_2509',35,51.95,11),(10104,'S32_3207',49,56.55,4),(10104,'S50_1392',33,114.59,7),(10104,'S50_1514',32,53.31,2),(10105,'S10_4757',50,127.84,2),(10105,'S12_1108',41,205.72,15),(10105,'S12_3891',29,141.88,14),(10105,'S18_3140',22,136.59,11),(10105,'S18_3259',38,87.73,13),(10105,'S18_4522',41,75.48,10),(10105,'S24_2011',43,117.97,9),(10105,'S24_3151',44,73.46,4),(10105,'S24_3816',50,75.47,1),(10105,'S700_1138',41,54,5),(10105,'S700_1938',29,86.61,12),(10105,'S700_2610',31,60.72,3),(10105,'S700_3505',39,92.16,6),(10105,'S700_3962',22,99.31,7),(10105,'S72_3212',25,44.77,8),(10106,'S18_1662',36,134.04,12),(10106,'S18_2581',34,81.1,2),(10106,'S18_3029',41,80.86,18),(10106,'S18_3856',41,94.22,17),(10106,'S24_1785',28,107.23,4),(10106,'S24_2841',49,65.77,13),(10106,'S24_3420',31,55.89,14),(10106,'S24_3949',50,55.96,11),(10106,'S24_4278',26,71,3),(10106,'S32_4289',33,65.35,5),(10106,'S50_1341',39,35.78,6),(10106,'S700_1691',31,91.34,7),(10106,'S700_2047',30,85.09,16),(10106,'S700_2466',34,99.72,9),(10106,'S700_2834',32,113.9,1),(10106,'S700_3167',44,76,8),(10106,'S700_4002',48,70.33,10),(10106,'S72_1253',48,43.7,15),(10107,'S10_1678',30,81.35,2),(10107,'S10_2016',39,105.86,5),(10107,'S10_4698',27,172.36,4),(10107,'S12_2823',21,122,1),(10107,'S18_2625',29,52.7,6),(10107,'S24_1578',25,96.92,3),(10107,'S24_2000',38,73.12,7),(10107,'S32_1374',20,88.9,8),(10108,'S12_1099',33,165.38,6),(10108,'S12_3380',45,96.3,4),(10108,'S12_3990',39,75.81,7),(10108,'S12_4675',36,107.1,3),(10108,'S18_1889',38,67.76,2),(10108,'S18_3278',26,73.17,9),(10108,'S18_3482',29,132.29,8),(10108,'S18_3782',43,52.84,12),(10108,'S18_4721',44,139.87,11),(10108,'S24_2360',35,64.41,15),(10108,'S24_3371',30,60.01,5),(10108,'S24_3856',40,132,1),(10108,'S24_4620',31,67.1,10),(10108,'S32_2206',27,36.21,13),(10108,'S32_4485',31,87.76,16),(10108,'S50_4713',34,74.85,14),(10109,'S18_1129',26,117.48,4),(10109,'S18_1984',38,137.98,3),(10109,'S18_2870',26,126.72,1),(10109,'S18_3232',46,160.87,5),(10109,'S18_3685',47,125.74,2),(10109,'S24_2972',29,32.1,6),(10110,'S18_1589',37,118.22,16),(10110,'S18_1749',42,153,7),(10110,'S18_2248',32,51.46,6),(10110,'S18_2325',33,115.69,4),(10110,'S18_2795',31,163.69,1),(10110,'S18_4409',28,81.91,8),(10110,'S18_4933',42,62,9),(10110,'S24_1046',36,72.02,13),(10110,'S24_1628',29,43.27,15),(10110,'S24_1937',20,28.88,3),(10110,'S24_2022',39,40.77,2),(10110,'S24_2766',43,82.69,11),(10110,'S24_2887',46,112.74,10),(10110,'S24_3191',27,80.47,12),(10110,'S24_3432',37,96.37,14),(10110,'S24_3969',48,35.29,5),(10111,'S18_1342',33,87.33,6),(10111,'S18_1367',48,48.52,5),(10111,'S18_2957',28,53.09,2),(10111,'S18_3136',43,94.25,1),(10111,'S18_3320',39,91.27,4),(10111,'S24_4258',26,85.7,3),(10112,'S10_1949',29,197.16,1),(10112,'S18_2949',23,85.1,2),(10113,'S12_1666',21,121.64,2),(10113,'S18_1097',49,101.5,4),(10113,'S18_4668',50,43.27,3),(10113,'S32_3522',23,58.82,1),(10114,'S10_4962',31,128.53,8),(10114,'S18_2319',39,106.78,3),(10114,'S18_2432',45,53.48,6),(10114,'S18_3232',48,169.34,4),(10114,'S18_4600',41,105.34,9),(10114,'S24_2300',21,102.23,5),(10114,'S24_2840',24,28.64,1),(10114,'S32_1268',32,88.61,7),(10114,'S32_2509',28,43.83,2),(10114,'S700_2824',42,82.94,10),(10115,'S12_4473',46,111.39,5),(10115,'S18_2238',46,140.81,4),(10115,'S24_1444',47,56.64,2),(10115,'S24_4048',44,106.45,1),(10115,'S50_1392',27,100.7,3),(10116,'S32_3207',27,60.28,1),(10117,'S12_1108',33,195.33,9),(10117,'S12_3148',43,148.06,10),(10117,'S12_3891',39,173.02,8),(10117,'S18_3140',26,121.57,5),(10117,'S18_3259',21,81.68,7),(10117,'S18_4027',22,122.08,12),(10117,'S18_4522',23,73.73,4),(10117,'S24_2011',41,119.2,3),(10117,'S50_1514',21,55.65,11),(10117,'S700_1938',38,75.35,6),(10117,'S700_3962',45,89.38,1),(10117,'S72_3212',50,52.42,2),(10118,'S700_3505',36,86.15,1),(10119,'S10_4757',46,112.88,11),(10119,'S18_1662',43,151.38,3),(10119,'S18_3029',21,74.84,9),(10119,'S18_3856',27,95.28,8),(10119,'S24_2841',41,64.4,4),(10119,'S24_3151',35,72.58,13),(10119,'S24_3420',20,63.12,5),(10119,'S24_3816',35,82.18,10),(10119,'S24_3949',28,62.1,2),(10119,'S700_1138',25,57.34,14),(10119,'S700_2047',29,74.23,7),(10119,'S700_2610',38,67.22,12),(10119,'S700_4002',26,63.67,1),(10119,'S72_1253',28,40.22,6),(10120,'S10_2016',29,118.94,3),(10120,'S10_4698',46,158.8,2),(10120,'S18_2581',29,82.79,8),(10120,'S18_2625',46,57.54,4),(10120,'S24_1578',35,110.45,1),(10120,'S24_1785',39,93.01,10),(10120,'S24_2000',34,72.36,5),(10120,'S24_4278',29,71.73,9),(10120,'S32_1374',22,94.9,6),(10120,'S32_4289',29,68.79,11),(10120,'S50_1341',49,41.46,12),(10120,'S700_1691',47,91.34,13),(10120,'S700_2466',24,81.77,15),(10120,'S700_2834',24,106.79,7),(10120,'S700_3167',43,72,14),(10121,'S10_1678',34,86.13,5),(10121,'S12_2823',50,126.52,4),(10121,'S24_2360',32,58.18,2),(10121,'S32_4485',25,95.93,3),(10121,'S50_4713',44,72.41,1),(10122,'S12_1099',42,155.66,10),(10122,'S12_3380',37,113.92,8),(10122,'S12_3990',32,65.44,11),(10122,'S12_4675',20,104.8,7),(10122,'S18_1129',34,114.65,2),(10122,'S18_1889',43,62.37,6),(10122,'S18_1984',31,113.8,1),(10122,'S18_3232',25,137.17,3),(10122,'S18_3278',21,69.15,13),(10122,'S18_3482',21,133.76,12),(10122,'S18_3782',35,59.06,16),(10122,'S18_4721',28,145.82,15),(10122,'S24_2972',39,34.74,4),(10122,'S24_3371',34,50.82,9),(10122,'S24_3856',43,136.22,5),(10122,'S24_4620',29,67.1,14),(10122,'S32_2206',31,33.79,17),(10123,'S18_1589',26,120.71,2),(10123,'S18_2870',46,114.84,3),(10123,'S18_3685',34,117.26,4),(10123,'S24_1628',50,43.27,1),(10124,'S18_1749',21,153,6),(10124,'S18_2248',42,58.12,5),(10124,'S18_2325',42,111.87,3),(10124,'S18_4409',36,75.46,7),(10124,'S18_4933',23,66.28,8),(10124,'S24_1046',22,62.47,12),(10124,'S24_1937',45,30.53,2),(10124,'S24_2022',22,36.29,1),(10124,'S24_2766',32,74.51,10),(10124,'S24_2887',25,93.95,9),(10124,'S24_3191',49,76.19,11),(10124,'S24_3432',43,101.73,13),(10124,'S24_3969',46,36.11,4),(10125,'S18_1342',32,89.38,1),(10125,'S18_2795',34,138.38,2),(10126,'S10_1949',38,205.73,11),(10126,'S10_4962',22,122.62,4),(10126,'S12_1666',21,135.3,8),(10126,'S18_1097',38,116.67,10),(10126,'S18_1367',42,51.21,17),(10126,'S18_2432',43,51.05,2),(10126,'S18_2949',31,93.21,12),(10126,'S18_2957',46,61.84,14),(10126,'S18_3136',30,93.2,13),(10126,'S18_3320',38,94.25,16),(10126,'S18_4600',50,102.92,5),(10126,'S18_4668',43,47.29,9),(10126,'S24_2300',27,122.68,1),(10126,'S24_4258',34,83.76,15),(10126,'S32_1268',43,82.83,3),(10126,'S32_3522',26,62.05,7),(10126,'S700_2824',45,97.1,6),(10127,'S12_1108',46,193.25,2),(10127,'S12_3148',46,140.5,3),(10127,'S12_3891',42,169.56,1),(10127,'S12_4473',24,100.73,11),(10127,'S18_2238',45,140.81,10),(10127,'S18_2319',45,114.14,14),(10127,'S18_3232',22,149.02,15),(10127,'S18_4027',25,126.39,5),(10127,'S24_1444',20,50.86,8),(10127,'S24_2840',39,34.3,12),(10127,'S24_4048',20,107.63,7),(10127,'S32_2509',45,46.53,13),(10127,'S32_3207',29,60.9,6),(10127,'S50_1392',46,111.12,9),(10127,'S50_1514',46,55.65,4),(10128,'S18_3140',41,120.2,2),(10128,'S18_3259',41,80.67,4),(10128,'S18_4522',43,77.24,1),(10128,'S700_1938',32,72.75,3),(10129,'S10_4757',33,123.76,2),(10129,'S24_2011',45,113.06,9),(10129,'S24_3151',41,81.43,4),(10129,'S24_3816',50,76.31,1),(10129,'S700_1138',31,58.67,5),(10129,'S700_2610',45,72.28,3),(10129,'S700_3505',42,90.15,6),(10129,'S700_3962',30,94.34,7),(10129,'S72_3212',32,44.23,8),(10130,'S18_3029',40,68.82,2),(10130,'S18_3856',33,99.52,1),(10131,'S18_1662',21,141.92,4),(10131,'S24_2841',35,60.97,5),(10131,'S24_3420',29,52.6,6),(10131,'S24_3949',50,54.59,3),(10131,'S700_2047',22,76.94,8),(10131,'S700_2466',40,86.76,1),(10131,'S700_4002',26,63.67,2),(10131,'S72_1253',21,40.22,7),(10132,'S700_3167',36,80,1),(10133,'S18_2581',49,80.26,3),(10133,'S24_1785',41,109.42,5),(10133,'S24_4278',46,61.58,4),(10133,'S32_1374',23,80.91,1),(10133,'S32_4289',49,67.41,6),(10133,'S50_1341',27,37.09,7),(10133,'S700_1691',24,76.73,8),(10133,'S700_2834',27,115.09,2),(10134,'S10_1678',41,90.92,2),(10134,'S10_2016',27,116.56,5),(10134,'S10_4698',31,187.85,4),(10134,'S12_2823',20,131.04,1),(10134,'S18_2625',30,51.48,6),(10134,'S24_1578',35,94.67,3),(10134,'S24_2000',43,75.41,7),(10135,'S12_1099',42,173.17,7),(10135,'S12_3380',48,110.39,5),(10135,'S12_3990',24,72.62,8),(10135,'S12_4675',29,103.64,4),(10135,'S18_1889',48,66.99,3),(10135,'S18_3278',45,65.94,10),(10135,'S18_3482',42,139.64,9),(10135,'S18_3782',45,49.74,13),(10135,'S18_4721',31,133.92,12),(10135,'S24_2360',29,67.18,16),(10135,'S24_2972',20,34.36,1),(10135,'S24_3371',27,52.05,6),(10135,'S24_3856',47,139.03,2),(10135,'S24_4620',23,76.8,11),(10135,'S32_2206',33,38.62,14),(10135,'S32_4485',30,91.85,17),(10135,'S50_4713',44,78.92,15),(10136,'S18_1129',25,117.48,2),(10136,'S18_1984',36,120.91,1),(10136,'S18_3232',41,169.34,3),(10137,'S18_1589',44,115.73,2),(10137,'S18_2870',37,110.88,3),(10137,'S18_3685',31,118.68,4),(10137,'S24_1628',26,40.25,1),(10138,'S18_1749',33,149.6,6),(10138,'S18_2248',22,51.46,5),(10138,'S18_2325',38,114.42,3),(10138,'S18_4409',47,79.15,7),(10138,'S18_4933',23,64.86,8),(10138,'S24_1046',45,59.53,12),(10138,'S24_1937',22,33.19,2),(10138,'S24_2022',33,38.53,1),(10138,'S24_2766',28,73.6,10),(10138,'S24_2887',30,96.3,9),(10138,'S24_3191',49,77.05,11),(10138,'S24_3432',21,99.58,13),(10138,'S24_3969',29,32.82,4),(10139,'S18_1342',31,89.38,7),(10139,'S18_1367',49,52.83,6),(10139,'S18_2795',41,151.88,8),(10139,'S18_2949',46,91.18,1),(10139,'S18_2957',20,52.47,3),(10139,'S18_3136',20,101.58,2),(10139,'S18_3320',30,81.35,5),(10139,'S24_4258',29,93.49,4),(10140,'S10_1949',37,186.44,11),(10140,'S10_4962',26,131.49,4),(10140,'S12_1666',38,118.9,8),(10140,'S18_1097',32,95.67,10),(10140,'S18_2432',46,51.05,2),(10140,'S18_4600',40,100.5,5),(10140,'S18_4668',29,40.25,9),(10140,'S24_2300',47,118.84,1),(10140,'S32_1268',26,87.64,3),(10140,'S32_3522',28,62.05,7),(10140,'S700_2824',36,101.15,6),(10141,'S12_4473',21,114.95,5),(10141,'S18_2238',39,160.46,4),(10141,'S18_2319',47,103.09,8),(10141,'S18_3232',34,143.94,9),(10141,'S24_1444',20,50.86,2),(10141,'S24_2840',21,32.18,6),(10141,'S24_4048',40,104.09,1),(10141,'S32_2509',24,53.03,7),(10141,'S50_1392',44,94.92,3),(10142,'S12_1108',33,166.24,12),(10142,'S12_3148',33,140.5,13),(10142,'S12_3891',46,167.83,11),(10142,'S18_3140',47,129.76,8),(10142,'S18_3259',22,95.8,10),(10142,'S18_4027',24,122.08,15),(10142,'S18_4522',24,79.87,7),(10142,'S24_2011',33,114.29,6),(10142,'S24_3151',49,74.35,1),(10142,'S32_3207',42,60.9,16),(10142,'S50_1514',42,56.24,14),(10142,'S700_1138',41,55.34,2),(10142,'S700_1938',43,77.08,9),(10142,'S700_3505',21,92.16,3),(10142,'S700_3962',38,91.37,4),(10142,'S72_3212',39,46.96,5),(10143,'S10_4757',49,133.28,15),(10143,'S18_1662',32,126.15,7),(10143,'S18_3029',46,70.54,13),(10143,'S18_3856',34,99.52,12),(10143,'S24_2841',27,63.71,8),(10143,'S24_3420',33,59.83,9),(10143,'S24_3816',23,74.64,14),(10143,'S24_3949',28,55.96,6),(10143,'S50_1341',34,34.91,1),(10143,'S700_1691',36,86.77,2),(10143,'S700_2047',26,87.8,11),(10143,'S700_2466',26,79.78,4),(10143,'S700_2610',31,69.39,16),(10143,'S700_3167',28,70.4,3),(10143,'S700_4002',34,65.15,5),(10143,'S72_1253',37,49.66,10),(10144,'S32_4289',20,56.41,1),(10145,'S10_1678',45,76.56,6),(10145,'S10_2016',37,104.67,9),(10145,'S10_4698',33,154.93,8),(10145,'S12_2823',49,146.1,5),(10145,'S18_2581',30,71.81,14),(10145,'S18_2625',30,52.7,10),(10145,'S24_1578',43,103.68,7),(10145,'S24_1785',40,87.54,16),(10145,'S24_2000',47,63.98,11),(10145,'S24_2360',27,56.1,3),(10145,'S24_4278',33,71.73,15),(10145,'S32_1374',33,99.89,12),(10145,'S32_2206',31,39.43,1),(10145,'S32_4485',27,95.93,4),(10145,'S50_4713',38,73.22,2),(10145,'S700_2834',20,113.9,13),(10146,'S18_3782',47,60.3,2),(10146,'S18_4721',29,130.94,1),(10147,'S12_1099',48,161.49,7),(10147,'S12_3380',31,110.39,5),(10147,'S12_3990',21,74.21,8),(10147,'S12_4675',33,97.89,4),(10147,'S18_1889',26,70.84,3),(10147,'S18_3278',36,74.78,10),(10147,'S18_3482',37,129.35,9),(10147,'S24_2972',25,33.23,1),(10147,'S24_3371',30,48.98,6),(10147,'S24_3856',23,123.58,2),(10147,'S24_4620',31,72.76,11),(10148,'S18_1129',23,114.65,13),(10148,'S18_1589',47,108.26,9),(10148,'S18_1984',25,136.56,12),(10148,'S18_2870',27,113.52,10),(10148,'S18_3232',32,143.94,14),(10148,'S18_3685',28,135.63,11),(10148,'S18_4409',34,83.75,1),(10148,'S18_4933',29,66.28,2),(10148,'S24_1046',25,65.41,6),(10148,'S24_1628',47,46.29,8),(10148,'S24_2766',21,77.24,4),(10148,'S24_2887',34,115.09,3),(10148,'S24_3191',31,71.91,5),(10148,'S24_3432',27,96.37,7),(10149,'S18_1342',50,87.33,4),(10149,'S18_1367',30,48.52,3),(10149,'S18_1749',34,156.4,11),(10149,'S18_2248',24,50.85,10),(10149,'S18_2325',33,125.86,8),(10149,'S18_2795',23,167.06,5),(10149,'S18_3320',42,89.29,2),(10149,'S24_1937',36,31.2,7),(10149,'S24_2022',49,39.87,6),(10149,'S24_3969',26,38.57,9),(10149,'S24_4258',20,90.57,1),(10150,'S10_1949',45,182.16,8),(10150,'S10_4962',20,121.15,1),(10150,'S12_1666',30,135.3,5),(10150,'S18_1097',34,95.67,7),(10150,'S18_2949',47,93.21,9),(10150,'S18_2957',30,56.21,11),(10150,'S18_3136',26,97.39,10),(10150,'S18_4600',49,111.39,2),(10150,'S18_4668',30,47.29,6),(10150,'S32_3522',49,62.05,4),(10150,'S700_2824',20,95.08,3),(10151,'S12_4473',24,114.95,3),(10151,'S18_2238',43,152.27,2),(10151,'S18_2319',49,106.78,6),(10151,'S18_2432',39,58.34,9),(10151,'S18_3232',21,167.65,7),(10151,'S24_2300',42,109.9,8),(10151,'S24_2840',30,29.35,4),(10151,'S32_1268',27,84.75,10),(10151,'S32_2509',41,43.29,5),(10151,'S50_1392',26,108.81,1),(10152,'S18_4027',35,117.77,1),(10152,'S24_1444',25,49.13,4),(10152,'S24_4048',23,112.37,3),(10152,'S32_3207',33,57.17,2),(10153,'S12_1108',20,201.57,11),(10153,'S12_3148',42,128.42,12),(10153,'S12_3891',49,155.72,10),(10153,'S18_3140',31,125.66,7),(10153,'S18_3259',29,82.69,9),(10153,'S18_4522',22,82.5,6),(10153,'S24_2011',40,111.83,5),(10153,'S50_1514',31,53.31,13),(10153,'S700_1138',43,58,1),(10153,'S700_1938',31,80.55,8),(10153,'S700_3505',50,87.15,2),(10153,'S700_3962',20,85.41,3),(10153,'S72_3212',50,51.87,4),(10154,'S24_3151',31,75.23,2),(10154,'S700_2610',36,59.27,1),(10155,'S10_4757',32,129.2,13),(10155,'S18_1662',38,138.77,5),(10155,'S18_3029',44,83.44,11),(10155,'S18_3856',29,105.87,10),(10155,'S24_2841',23,62.34,6),(10155,'S24_3420',34,56.55,7),(10155,'S24_3816',37,76.31,12),(10155,'S24_3949',44,58.69,4),(10155,'S700_2047',32,89.61,9),(10155,'S700_2466',20,87.75,2),(10155,'S700_3167',43,76.8,1),(10155,'S700_4002',44,70.33,3),(10155,'S72_1253',34,49.16,8),(10156,'S50_1341',20,43.64,1),(10156,'S700_1691',48,77.64,2),(10157,'S18_2581',33,69.27,3),(10157,'S24_1785',40,89.72,5),(10157,'S24_4278',33,66.65,4),(10157,'S32_1374',34,83.91,1),(10157,'S32_4289',28,56.41,6),(10157,'S700_2834',48,109.16,2),(10158,'S24_2000',22,67.79,1),(10159,'S10_1678',49,81.35,14),(10159,'S10_2016',37,101.1,17),(10159,'S10_4698',22,170.42,16),(10159,'S12_1099',41,188.73,2),(10159,'S12_2823',38,131.04,13),(10159,'S12_3990',24,67.03,3),(10159,'S18_2625',42,51.48,18),(10159,'S18_3278',21,66.74,5),(10159,'S18_3482',25,129.35,4),(10159,'S18_3782',21,54.71,8),(10159,'S18_4721',32,142.85,7),(10159,'S24_1578',44,100.3,15),(10159,'S24_2360',27,67.18,11),(10159,'S24_3371',50,49.6,1),(10159,'S24_4620',23,80.84,6),(10159,'S32_2206',35,39.43,9),(10159,'S32_4485',23,86.74,12),(10159,'S50_4713',31,78.11,10),(10160,'S12_3380',46,96.3,6),(10160,'S12_4675',50,93.28,5),(10160,'S18_1889',38,70.84,4),(10160,'S18_3232',20,140.55,1),(10160,'S24_2972',42,30.59,2),(10160,'S24_3856',35,130.6,3),(10161,'S18_1129',28,121.72,12),(10161,'S18_1589',43,102.04,8),(10161,'S18_1984',48,139.41,11),(10161,'S18_2870',23,125.4,9),(10161,'S18_3685',36,132.8,10),(10161,'S18_4933',25,62.72,1),(10161,'S24_1046',37,73.49,5),(10161,'S24_1628',23,47.29,7),(10161,'S24_2766',20,82.69,3),(10161,'S24_2887',25,108.04,2),(10161,'S24_3191',20,72.77,4),(10161,'S24_3432',30,94.23,6),(10162,'S18_1342',48,87.33,2),(10162,'S18_1367',45,45.28,1),(10162,'S18_1749',29,141.1,9),(10162,'S18_2248',27,53.28,8),(10162,'S18_2325',38,113.15,6),(10162,'S18_2795',48,156.94,3),(10162,'S18_4409',39,86.51,10),(10162,'S24_1937',37,27.55,5),(10162,'S24_2022',43,38.98,4),(10162,'S24_3969',37,32.82,7),(10163,'S10_1949',21,212.16,1),(10163,'S18_2949',31,101.31,2),(10163,'S18_2957',48,59.96,4),(10163,'S18_3136',40,101.58,3),(10163,'S18_3320',43,80.36,6),(10163,'S24_4258',42,96.42,5),(10164,'S10_4962',21,143.31,2),(10164,'S12_1666',49,121.64,6),(10164,'S18_1097',36,103.84,8),(10164,'S18_4600',45,107.76,3),(10164,'S18_4668',25,46.29,7),(10164,'S32_1268',24,91.49,1),(10164,'S32_3522',49,57.53,5),(10164,'S700_2824',39,86.99,4),(10165,'S12_1108',44,168.32,3),(10165,'S12_3148',34,123.89,4),(10165,'S12_3891',27,152.26,2),(10165,'S12_4473',48,109.02,12),(10165,'S18_2238',29,134.26,11),(10165,'S18_2319',46,120.28,15),(10165,'S18_2432',31,60.77,18),(10165,'S18_3232',47,154.1,16),(10165,'S18_3259',50,84.71,1),(10165,'S18_4027',28,123.51,6),(10165,'S24_1444',25,46.82,9),(10165,'S24_2300',32,117.57,17),(10165,'S24_2840',27,31.12,13),(10165,'S24_4048',24,106.45,8),(10165,'S32_2509',48,50.86,14),(10165,'S32_3207',44,55.3,7),(10165,'S50_1392',48,106.49,10),(10165,'S50_1514',38,49.21,5),(10166,'S18_3140',43,136.59,2),(10166,'S18_4522',26,72.85,1),(10166,'S700_1938',29,76.22,3),(10167,'S10_4757',44,123.76,9),(10167,'S18_1662',43,141.92,1),(10167,'S18_3029',46,69.68,7),(10167,'S18_3856',34,84.7,6),(10167,'S24_2011',33,110.6,16),(10167,'S24_2841',21,54.81,2),(10167,'S24_3151',20,77,11),(10167,'S24_3420',32,64.44,3),(10167,'S24_3816',29,73.8,8),(10167,'S700_1138',43,66,12),(10167,'S700_2047',29,87.8,5),(10167,'S700_2610',46,62.16,10),(10167,'S700_3505',24,85.14,13),(10167,'S700_3962',28,83.42,14),(10167,'S72_1253',40,42.71,4),(10167,'S72_3212',38,43.68,15),(10168,'S10_1678',36,94.74,1),(10168,'S10_2016',27,97.53,4),(10168,'S10_4698',20,160.74,3),(10168,'S18_2581',21,75.19,9),(10168,'S18_2625',46,49.06,5),(10168,'S24_1578',50,103.68,2),(10168,'S24_1785',49,93.01,11),(10168,'S24_2000',29,72.36,6),(10168,'S24_3949',27,57.32,18),(10168,'S24_4278',48,68.1,10),(10168,'S32_1374',28,89.9,7),(10168,'S32_4289',31,57.78,12),(10168,'S50_1341',48,39.71,13),(10168,'S700_1691',28,91.34,14),(10168,'S700_2466',31,87.75,16),(10168,'S700_2834',36,94.92,8),(10168,'S700_3167',48,72,15),(10168,'S700_4002',39,67.37,17),(10169,'S12_1099',30,163.44,2),(10169,'S12_2823',35,126.52,13),(10169,'S12_3990',36,71.82,3),(10169,'S18_3278',32,65.13,5),(10169,'S18_3482',36,136.7,4),(10169,'S18_3782',38,52.84,8),(10169,'S18_4721',33,120.53,7),(10169,'S24_2360',38,66.49,11),(10169,'S24_3371',34,53.27,1),(10169,'S24_4620',24,77.61,6),(10169,'S32_2206',26,37.01,9),(10169,'S32_4485',34,83.68,12),(10169,'S50_4713',48,75.66,10),(10170,'S12_3380',47,116.27,4),(10170,'S12_4675',41,93.28,3),(10170,'S18_1889',20,70.07,2),(10170,'S24_3856',34,130.6,1),(10171,'S18_1129',35,134.46,2),(10171,'S18_1984',35,128.03,1),(10171,'S18_3232',39,165.95,3),(10171,'S24_2972',36,34.74,4),(10172,'S18_1589',42,109.51,6),(10172,'S18_2870',39,117.48,7),(10172,'S18_3685',48,139.87,8),(10172,'S24_1046',32,61,3),(10172,'S24_1628',34,43.27,5),(10172,'S24_2766',22,79.97,1),(10172,'S24_3191',24,77.91,2),(10172,'S24_3432',22,87.81,4),(10173,'S18_1342',43,101.71,6),(10173,'S18_1367',48,51.75,5),(10173,'S18_1749',24,168.3,13),(10173,'S18_2248',26,55.09,12),(10173,'S18_2325',31,127.13,10),(10173,'S18_2795',22,140.06,7),(10173,'S18_2957',28,56.84,2),(10173,'S18_3136',31,86.92,1),(10173,'S18_3320',29,90.28,4),(10173,'S18_4409',21,77.31,14),(10173,'S18_4933',39,58.44,15),(10173,'S24_1937',31,29.87,9),(10173,'S24_2022',27,39.42,8),(10173,'S24_2887',23,98.65,16),(10173,'S24_3969',35,35.7,11),(10173,'S24_4258',22,93.49,3),(10174,'S10_1949',34,207.87,4),(10174,'S12_1666',43,113.44,1),(10174,'S18_1097',48,108.5,3),(10174,'S18_2949',46,100.3,5),(10174,'S18_4668',49,44.27,2),(10175,'S10_4962',33,119.67,9),(10175,'S12_4473',26,109.02,1),(10175,'S18_2319',48,101.87,4),(10175,'S18_2432',41,59.55,7),(10175,'S18_3232',29,150.71,5),(10175,'S18_4600',47,102.92,10),(10175,'S24_2300',28,121.4,6),(10175,'S24_2840',37,32.18,2),(10175,'S32_1268',22,89.57,8),(10175,'S32_2509',50,50.86,3),(10175,'S32_3522',29,56.24,12),(10175,'S700_2824',42,80.92,11),(10176,'S12_1108',33,166.24,2),(10176,'S12_3148',47,145.04,3),(10176,'S12_3891',50,160.91,1),(10176,'S18_2238',20,139.17,10),(10176,'S18_4027',36,140.75,5),(10176,'S24_1444',27,55.49,8),(10176,'S24_4048',29,101.72,7),(10176,'S32_3207',22,62.14,6),(10176,'S50_1392',23,109.96,9),(10176,'S50_1514',38,52.14,4),(10177,'S18_3140',23,113.37,9),(10177,'S18_3259',29,92.77,11),(10177,'S18_4522',35,82.5,8),(10177,'S24_2011',50,115.52,7),(10177,'S24_3151',45,79.66,2),(10177,'S700_1138',24,58.67,3),(10177,'S700_1938',31,77.95,10),(10177,'S700_2610',32,64.33,1),(10177,'S700_3505',44,88.15,4),(10177,'S700_3962',24,83.42,5),(10177,'S72_3212',40,52.96,6),(10178,'S10_4757',24,131.92,12),(10178,'S18_1662',42,127.73,4),(10178,'S18_3029',41,70.54,10),(10178,'S18_3856',48,104.81,9),(10178,'S24_2841',34,67.82,5),(10178,'S24_3420',27,65.75,6),(10178,'S24_3816',21,68.77,11),(10178,'S24_3949',30,64.15,3),(10178,'S700_2047',34,86.9,8),(10178,'S700_2466',22,91.74,1),(10178,'S700_4002',45,68.11,2),(10178,'S72_1253',45,41.71,7),(10179,'S18_2581',24,82.79,3),(10179,'S24_1785',47,105.04,5),(10179,'S24_4278',27,66.65,4),(10179,'S32_1374',45,86.9,1),(10179,'S32_4289',24,63.97,6),(10179,'S50_1341',34,43.2,7),(10179,'S700_1691',23,75.81,8),(10179,'S700_2834',25,98.48,2),(10179,'S700_3167',39,80,9),(10180,'S10_1678',29,76.56,9),(10180,'S10_2016',42,99.91,12),(10180,'S10_4698',41,164.61,11),(10180,'S12_2823',40,131.04,8),(10180,'S18_2625',25,48.46,13),(10180,'S18_3782',21,59.06,3),(10180,'S18_4721',44,147.31,2),(10180,'S24_1578',48,98.05,10),(10180,'S24_2000',28,61.7,14),(10180,'S24_2360',35,60.95,6),(10180,'S24_4620',28,68.71,1),(10180,'S32_2206',34,33.39,4),(10180,'S32_4485',22,102.05,7),(10180,'S50_4713',21,74.85,5),(10181,'S12_1099',27,155.66,14),(10181,'S12_3380',28,113.92,12),(10181,'S12_3990',20,67.03,15),(10181,'S12_4675',36,107.1,11),(10181,'S18_1129',44,124.56,6),(10181,'S18_1589',42,124.44,2),(10181,'S18_1889',22,74.69,10),(10181,'S18_1984',21,129.45,5),(10181,'S18_2870',27,130.68,3),(10181,'S18_3232',45,147.33,7),(10181,'S18_3278',30,73.17,17),(10181,'S18_3482',22,120.53,16),(10181,'S18_3685',39,137.04,4),(10181,'S24_1628',34,45.28,1),(10181,'S24_2972',37,32.85,8),(10181,'S24_3371',23,54.49,13),(10181,'S24_3856',25,122.17,9),(10182,'S18_1342',25,83.22,3),(10182,'S18_1367',32,44.21,2),(10182,'S18_1749',44,159.8,10),(10182,'S18_2248',38,54.49,9),(10182,'S18_2325',20,105.52,7),(10182,'S18_2795',21,135,4),(10182,'S18_3320',33,86.31,1),(10182,'S18_4409',36,88.35,11),(10182,'S18_4933',44,61.29,12),(10182,'S24_1046',47,63.2,16),(10182,'S24_1937',39,31.86,6),(10182,'S24_2022',31,39.87,5),(10182,'S24_2766',36,87.24,14),(10182,'S24_2887',20,116.27,13),(10182,'S24_3191',33,73.62,15),(10182,'S24_3432',49,95.3,17),(10182,'S24_3969',23,34.88,8),(10183,'S10_1949',23,180.01,8),(10183,'S10_4962',28,127.06,1),(10183,'S12_1666',41,114.8,5),(10183,'S18_1097',21,108.5,7),(10183,'S18_2949',37,91.18,9),(10183,'S18_2957',39,51.22,11),(10183,'S18_3136',22,90.06,10),(10183,'S18_4600',21,118.66,2),(10183,'S18_4668',40,42.26,6),(10183,'S24_4258',47,81.81,12),(10183,'S32_3522',49,52.36,4),(10183,'S700_2824',23,85.98,3),(10184,'S12_4473',37,105.47,6),(10184,'S18_2238',46,145.72,5),(10184,'S18_2319',46,119.05,9),(10184,'S18_2432',44,60.77,12),(10184,'S18_3232',28,165.95,10),(10184,'S24_1444',31,57.22,3),(10184,'S24_2300',24,117.57,11),(10184,'S24_2840',42,30.06,7),(10184,'S24_4048',49,114.73,2),(10184,'S32_1268',46,84.75,13),(10184,'S32_2509',33,52.49,8),(10184,'S32_3207',48,59.03,1),(10184,'S50_1392',45,92.6,4),(10185,'S12_1108',21,195.33,13),(10185,'S12_3148',33,146.55,14),(10185,'S12_3891',43,147.07,12),(10185,'S18_3140',28,124.3,9),(10185,'S18_3259',49,94.79,11),(10185,'S18_4027',39,127.82,16),(10185,'S18_4522',47,87.77,8),(10185,'S24_2011',30,105.69,7),(10185,'S24_3151',33,83.2,2),(10185,'S50_1514',20,46.86,15),(10185,'S700_1138',21,64.67,3),(10185,'S700_1938',30,79.68,10),(10185,'S700_2610',39,61.44,1),(10185,'S700_3505',37,99.17,4),(10185,'S700_3962',22,93.35,5),(10185,'S72_3212',28,47.5,6),(10186,'S10_4757',26,108.8,9),(10186,'S18_1662',32,137.19,1),(10186,'S18_3029',32,73.12,7),(10186,'S18_3856',46,98.46,6),(10186,'S24_2841',22,60.29,2),(10186,'S24_3420',21,59.83,3),(10186,'S24_3816',36,68.77,8),(10186,'S700_2047',24,80.56,5),(10186,'S72_1253',28,42.71,4),(10187,'S18_2581',45,70.12,1),(10187,'S24_1785',46,96.29,3),(10187,'S24_3949',43,55.96,10),(10187,'S24_4278',33,64.48,2),(10187,'S32_4289',31,61.22,4),(10187,'S50_1341',41,39.71,5),(10187,'S700_1691',34,84.95,6),(10187,'S700_2466',44,95.73,8),(10187,'S700_3167',34,72,7),(10187,'S700_4002',44,70.33,9),(10188,'S10_1678',48,95.7,1),(10188,'S10_2016',38,111.8,4),(10188,'S10_4698',45,182.04,3),(10188,'S18_2625',32,52.09,5),(10188,'S24_1578',25,95.8,2),(10188,'S24_2000',40,61.7,6),(10188,'S32_1374',44,81.91,7),(10188,'S700_2834',29,96.11,8),(10189,'S12_2823',28,138.57,1),(10190,'S24_2360',42,58.87,3),(10190,'S32_2206',46,38.62,1),(10190,'S32_4485',42,89.8,4),(10190,'S50_4713',40,67.53,2),(10191,'S12_1099',21,155.66,3),(10191,'S12_3380',40,104.52,1),(10191,'S12_3990',30,70.22,4),(10191,'S18_3278',36,75.59,6),(10191,'S18_3482',23,119.06,5),(10191,'S18_3782',43,60.93,9),(10191,'S18_4721',32,136.9,8),(10191,'S24_3371',48,53.27,2),(10191,'S24_4620',44,77.61,7),(10192,'S12_4675',27,99.04,16),(10192,'S18_1129',22,140.12,11),(10192,'S18_1589',29,100.8,7),(10192,'S18_1889',45,70.84,15),(10192,'S18_1984',47,128.03,10),(10192,'S18_2870',38,110.88,8),(10192,'S18_3232',26,137.17,12),(10192,'S18_3685',45,125.74,9),(10192,'S24_1046',37,72.02,4),(10192,'S24_1628',47,49.3,6),(10192,'S24_2766',46,86.33,2),(10192,'S24_2887',23,112.74,1),(10192,'S24_2972',30,33.23,13),(10192,'S24_3191',32,69.34,3),(10192,'S24_3432',46,93.16,5),(10192,'S24_3856',45,112.34,14),(10193,'S18_1342',28,92.47,7),(10193,'S18_1367',46,46.36,6),(10193,'S18_1749',21,153,14),(10193,'S18_2248',42,60.54,13),(10193,'S18_2325',44,115.69,11),(10193,'S18_2795',22,143.44,8),(10193,'S18_2949',28,87.13,1),(10193,'S18_2957',24,53.09,3),(10193,'S18_3136',23,97.39,2),(10193,'S18_3320',32,79.37,5),(10193,'S18_4409',24,92.03,15),(10193,'S18_4933',25,66.28,16),(10193,'S24_1937',26,32.19,10),(10193,'S24_2022',20,44.8,9),(10193,'S24_3969',22,38.16,12),(10193,'S24_4258',20,92.52,4),(10194,'S10_1949',42,203.59,11),(10194,'S10_4962',26,134.44,4),(10194,'S12_1666',38,124.37,8),(10194,'S18_1097',21,103.84,10),(10194,'S18_2432',45,51.05,2),(10194,'S18_4600',32,113.82,5),(10194,'S18_4668',41,47.79,9),(10194,'S24_2300',49,112.46,1),(10194,'S32_1268',37,77.05,3),(10194,'S32_3522',39,61.41,7),(10194,'S700_2824',26,80.92,6),(10195,'S12_4473',49,118.5,6),(10195,'S18_2238',27,139.17,5),(10195,'S18_2319',35,112.91,9),(10195,'S18_3232',50,150.71,10),(10195,'S24_1444',44,54.33,3),(10195,'S24_2840',32,31.82,7),(10195,'S24_4048',34,95.81,2),(10195,'S32_2509',32,51.95,8),(10195,'S32_3207',33,59.03,1),(10195,'S50_1392',49,97.23,4),(10196,'S12_1108',47,203.64,5),(10196,'S12_3148',24,151.08,6),(10196,'S12_3891',38,147.07,4),(10196,'S18_3140',49,127.03,1),(10196,'S18_3259',35,81.68,3),(10196,'S18_4027',27,126.39,8),(10196,'S50_1514',46,56.82,7),(10196,'S700_1938',50,84.88,2),(10197,'S10_4757',45,118.32,6),(10197,'S18_3029',46,83.44,4),(10197,'S18_3856',22,85.75,3),(10197,'S18_4522',50,78.99,14),(10197,'S24_2011',41,109.37,13),(10197,'S24_3151',47,83.2,8),(10197,'S24_3816',22,67.93,5),(10197,'S700_1138',23,60,9),(10197,'S700_2047',24,78.75,2),(10197,'S700_2610',50,66.5,7),(10197,'S700_3505',27,100.17,10),(10197,'S700_3962',35,88.39,11),(10197,'S72_1253',29,39.73,1),(10197,'S72_3212',42,48.59,12),(10198,'S18_1662',42,149.81,4),(10198,'S24_2841',48,60.97,5),(10198,'S24_3420',27,61.81,6),(10198,'S24_3949',43,65.51,3),(10198,'S700_2466',42,94.73,1),(10198,'S700_4002',40,74.03,2),(10199,'S50_1341',29,37.97,1),(10199,'S700_1691',48,81.29,2),(10199,'S700_3167',38,70.4,3),(10200,'S18_2581',28,74.34,3),(10200,'S24_1785',33,99.57,5),(10200,'S24_4278',39,70.28,4),(10200,'S32_1374',35,80.91,1),(10200,'S32_4289',27,65.35,6),(10200,'S700_2834',39,115.09,2),(10201,'S10_1678',22,82.3,2),(10201,'S10_2016',24,116.56,5),(10201,'S10_4698',49,191.72,4),(10201,'S12_2823',25,126.52,1),(10201,'S18_2625',30,48.46,6),(10201,'S24_1578',39,93.54,3),(10201,'S24_2000',25,66.27,7),(10202,'S18_3782',30,55.33,3),(10202,'S18_4721',43,124.99,2),(10202,'S24_2360',50,56.1,6),(10202,'S24_4620',50,75.18,1),(10202,'S32_2206',27,33.39,4),(10202,'S32_4485',31,81.64,7),(10202,'S50_4713',40,79.73,5),(10203,'S12_1099',20,161.49,8),(10203,'S12_3380',20,111.57,6),(10203,'S12_3990',44,63.84,9),(10203,'S12_4675',47,115.16,5),(10203,'S18_1889',45,73.15,4),(10203,'S18_3232',48,157.49,1),(10203,'S18_3278',33,66.74,11),(10203,'S18_3482',32,127.88,10),(10203,'S24_2972',21,33.23,2),(10203,'S24_3371',34,56.94,7),(10203,'S24_3856',47,140.43,3),(10204,'S18_1129',42,114.65,17),(10204,'S18_1589',40,113.24,13),(10204,'S18_1749',33,153,4),(10204,'S18_1984',38,133.72,16),(10204,'S18_2248',23,59.33,3),(10204,'S18_2325',26,119.5,1),(10204,'S18_2870',27,106.92,14),(10204,'S18_3685',35,132.8,15),(10204,'S18_4409',29,83.75,5),(10204,'S18_4933',45,69.84,6),(10204,'S24_1046',20,69.82,10),(10204,'S24_1628',45,46.79,12),(10204,'S24_2766',47,79.06,8),(10204,'S24_2887',42,112.74,7),(10204,'S24_3191',40,84.75,9),(10204,'S24_3432',48,104.94,11),(10204,'S24_3969',39,34.88,2),(10205,'S18_1342',36,98.63,2),(10205,'S18_1367',48,45.82,1),(10205,'S18_2795',40,138.38,3),(10205,'S24_1937',32,27.88,5),(10205,'S24_2022',24,36.74,4),(10206,'S10_1949',47,203.59,6),(10206,'S12_1666',28,109.34,3),(10206,'S18_1097',34,115.5,5),(10206,'S18_2949',37,98.27,7),(10206,'S18_2957',28,51.84,9),(10206,'S18_3136',30,102.63,8),(10206,'S18_3320',28,99.21,11),(10206,'S18_4668',21,45.78,4),(10206,'S24_4258',33,95.44,10),(10206,'S32_3522',36,54.94,2),(10206,'S700_2824',33,89.01,1),(10207,'S10_4962',31,125.58,15),(10207,'S12_4473',34,95.99,7),(10207,'S18_2238',44,140.81,6),(10207,'S18_2319',43,109.23,10),(10207,'S18_2432',37,60.77,13),(10207,'S18_3232',25,140.55,11),(10207,'S18_4027',40,143.62,1),(10207,'S18_4600',47,119.87,16),(10207,'S24_1444',49,57.8,4),(10207,'S24_2300',46,127.79,12),(10207,'S24_2840',42,30.76,8),(10207,'S24_4048',28,108.82,3),(10207,'S32_1268',49,84.75,14),(10207,'S32_2509',27,51.95,9),(10207,'S32_3207',45,55.3,2),(10207,'S50_1392',28,106.49,5),(10208,'S12_1108',46,176.63,13),(10208,'S12_3148',26,128.42,14),(10208,'S12_3891',20,152.26,12),(10208,'S18_3140',24,117.47,9),(10208,'S18_3259',48,96.81,11),(10208,'S18_4522',45,72.85,8),(10208,'S24_2011',35,122.89,7),(10208,'S24_3151',20,80.54,2),(10208,'S50_1514',30,57.99,15),(10208,'S700_1138',38,56.67,3),(10208,'S700_1938',40,73.62,10),(10208,'S700_2610',46,63.61,1),(10208,'S700_3505',37,95.16,4),(10208,'S700_3962',33,95.34,5),(10208,'S72_3212',42,48.05,6),(10209,'S10_4757',39,129.2,8),(10209,'S18_3029',28,82.58,6),(10209,'S18_3856',20,97.4,5),(10209,'S24_2841',43,66.45,1),(10209,'S24_3420',36,56.55,2),(10209,'S24_3816',22,79.67,7),(10209,'S700_2047',33,90.52,4),(10209,'S72_1253',48,44.2,3),(10210,'S10_2016',23,112.99,2),(10210,'S10_4698',34,189.79,1),(10210,'S18_1662',31,141.92,17),(10210,'S18_2581',50,68.43,7),(10210,'S18_2625',40,51.48,3),(10210,'S24_1785',27,100.67,9),(10210,'S24_2000',30,63.22,4),(10210,'S24_3949',29,56.64,16),(10210,'S24_4278',40,68.1,8),(10210,'S32_1374',46,84.91,5),(10210,'S32_4289',39,57.1,10),(10210,'S50_1341',43,43.2,11),(10210,'S700_1691',21,87.69,12),(10210,'S700_2466',26,93.74,14),(10210,'S700_2834',25,98.48,6),(10210,'S700_3167',31,64,13),(10210,'S700_4002',42,60.7,15),(10211,'S10_1678',41,90.92,14),(10211,'S12_1099',41,171.22,2),(10211,'S12_2823',36,126.52,13),(10211,'S12_3990',28,79.8,3),(10211,'S18_3278',35,73.17,5),(10211,'S18_3482',28,138.17,4),(10211,'S18_3782',46,60.3,8),(10211,'S18_4721',41,148.8,7),(10211,'S24_1578',25,109.32,15),(10211,'S24_2360',21,62.33,11),(10211,'S24_3371',48,52.66,1),(10211,'S24_4620',22,80.84,6),(10211,'S32_2206',41,39.83,9),(10211,'S32_4485',37,94.91,12),(10211,'S50_4713',40,70.78,10),(10212,'S12_3380',39,99.82,16),(10212,'S12_4675',33,110.55,15),(10212,'S18_1129',29,117.48,10),(10212,'S18_1589',38,105.77,6),(10212,'S18_1889',20,64.68,14),(10212,'S18_1984',41,133.72,9),(10212,'S18_2870',40,117.48,7),(10212,'S18_3232',40,155.79,11),(10212,'S18_3685',45,115.85,8),(10212,'S24_1046',41,61.73,3),(10212,'S24_1628',45,43.27,5),(10212,'S24_2766',45,81.78,1),(10212,'S24_2972',34,37.38,12),(10212,'S24_3191',27,77.91,2),(10212,'S24_3432',46,100.66,4),(10212,'S24_3856',49,117.96,13),(10213,'S18_4409',38,84.67,1),(10213,'S18_4933',25,58.44,2),(10213,'S24_2887',27,97.48,3),(10214,'S18_1749',30,166.6,7),(10214,'S18_2248',21,53.28,6),(10214,'S18_2325',27,125.86,4),(10214,'S18_2795',50,167.06,1),(10214,'S24_1937',20,32.19,3),(10214,'S24_2022',49,39.87,2),(10214,'S24_3969',44,38.57,5),(10215,'S10_1949',35,205.73,3),(10215,'S18_1097',46,100.34,2),(10215,'S18_1342',27,92.47,10),(10215,'S18_1367',33,53.91,9),(10215,'S18_2949',49,97.26,4),(10215,'S18_2957',31,56.21,6),(10215,'S18_3136',49,89.01,5),(10215,'S18_3320',41,84.33,8),(10215,'S18_4668',46,42.76,1),(10215,'S24_4258',39,94.47,7),(10216,'S12_1666',43,133.94,1),(10217,'S10_4962',48,132.97,4),(10217,'S18_2432',35,58.34,2),(10217,'S18_4600',38,118.66,5),(10217,'S24_2300',28,103.51,1),(10217,'S32_1268',21,78.97,3),(10217,'S32_3522',39,56.24,7),(10217,'S700_2824',31,90.02,6),(10218,'S18_2319',22,110.46,1),(10218,'S18_3232',34,152.41,2),(10219,'S12_4473',48,94.8,2),(10219,'S18_2238',43,132.62,1),(10219,'S24_2840',21,31.12,3),(10219,'S32_2509',35,47.62,4),(10220,'S12_1108',32,189.1,2),(10220,'S12_3148',30,151.08,3),(10220,'S12_3891',27,166.1,1),(10220,'S18_4027',50,126.39,5),(10220,'S24_1444',26,48.55,8),(10220,'S24_4048',37,101.72,7),(10220,'S32_3207',20,49.71,6),(10220,'S50_1392',37,92.6,9),(10220,'S50_1514',30,56.82,4),(10221,'S18_3140',33,133.86,3),(10221,'S18_3259',23,89.75,5),(10221,'S18_4522',39,84.26,2),(10221,'S24_2011',49,113.06,1),(10221,'S700_1938',23,69.29,4),(10222,'S10_4757',49,133.28,12),(10222,'S18_1662',49,137.19,4),(10222,'S18_3029',49,79.14,10),(10222,'S18_3856',45,88.93,9),(10222,'S24_2841',32,56.86,5),(10222,'S24_3151',47,74.35,14),(10222,'S24_3420',43,61.15,6),(10222,'S24_3816',46,77.99,11),(10222,'S24_3949',48,55.27,3),(10222,'S700_1138',31,58.67,15),(10222,'S700_2047',26,80.56,8),(10222,'S700_2466',37,90.75,1),(10222,'S700_2610',36,69.39,13),(10222,'S700_3505',38,84.14,16),(10222,'S700_3962',31,81.43,17),(10222,'S700_4002',43,66.63,2),(10222,'S72_1253',31,45.19,7),(10222,'S72_3212',36,48.59,18),(10223,'S10_1678',37,80.39,1),(10223,'S10_2016',47,110.61,4),(10223,'S10_4698',49,189.79,3),(10223,'S18_2581',47,67.58,9),(10223,'S18_2625',28,58.75,5),(10223,'S24_1578',32,104.81,2),(10223,'S24_1785',34,87.54,11),(10223,'S24_2000',38,60.94,6),(10223,'S24_4278',23,68.1,10),(10223,'S32_1374',21,90.9,7),(10223,'S32_4289',20,66.73,12),(10223,'S50_1341',41,41.02,13),(10223,'S700_1691',25,84.03,14),(10223,'S700_2834',29,113.9,8),(10223,'S700_3167',26,79.2,15),(10224,'S12_2823',43,141.58,6),(10224,'S18_3782',38,57.2,1),(10224,'S24_2360',37,60.26,4),(10224,'S32_2206',43,37.01,2),(10224,'S32_4485',30,94.91,5),(10224,'S50_4713',50,81.36,3),(10225,'S12_1099',27,157.6,9),(10225,'S12_3380',25,101,7),(10225,'S12_3990',37,64.64,10),(10225,'S12_4675',21,100.19,6),(10225,'S18_1129',32,116.06,1),(10225,'S18_1889',47,71.61,5),(10225,'S18_3232',43,162.57,2),(10225,'S18_3278',37,69.96,12),(10225,'S18_3482',27,119.06,11),(10225,'S18_4721',35,135.41,14),(10225,'S24_2972',42,34.74,3),(10225,'S24_3371',24,51.43,8),(10225,'S24_3856',40,130.6,4),(10225,'S24_4620',46,77.61,13),(10226,'S18_1589',38,108.26,4),(10226,'S18_1984',24,129.45,7),(10226,'S18_2870',24,125.4,5),(10226,'S18_3685',46,122.91,6),(10226,'S24_1046',21,65.41,1),(10226,'S24_1628',36,47.79,3),(10226,'S24_3432',48,95.3,2),(10227,'S18_1342',25,85.27,3),(10227,'S18_1367',31,50.14,2),(10227,'S18_1749',26,136,10),(10227,'S18_2248',28,59.93,9),(10227,'S18_2325',46,118.23,7),(10227,'S18_2795',29,146.81,4),(10227,'S18_3320',33,99.21,1),(10227,'S18_4409',34,87.43,11),(10227,'S18_4933',37,70.56,12),(10227,'S24_1937',42,27.22,6),(10227,'S24_2022',24,39.42,5),(10227,'S24_2766',47,84.51,14),(10227,'S24_2887',33,102.17,13),(10227,'S24_3191',40,78.76,15),(10227,'S24_3969',27,34.88,8),(10228,'S10_1949',29,214.3,2),(10228,'S18_1097',32,100.34,1),(10228,'S18_2949',24,101.31,3),(10228,'S18_2957',45,57.46,5),(10228,'S18_3136',31,100.53,4),(10228,'S24_4258',33,84.73,6),(10229,'S10_4962',50,138.88,9),(10229,'S12_1666',25,110.7,13),(10229,'S12_4473',36,95.99,1),(10229,'S18_2319',26,104.32,4),(10229,'S18_2432',28,53.48,7),(10229,'S18_3232',22,157.49,5),(10229,'S18_4600',41,119.87,10),(10229,'S18_4668',39,43.77,14),(10229,'S24_2300',48,115.01,6),(10229,'S24_2840',33,34.65,2),(10229,'S32_1268',25,78.97,8),(10229,'S32_2509',23,49.78,3),(10229,'S32_3522',30,52.36,12),(10229,'S700_2824',50,91.04,11),(10230,'S12_3148',43,128.42,1),(10230,'S18_2238',49,153.91,8),(10230,'S18_4027',42,142.18,3),(10230,'S24_1444',36,47.4,6),(10230,'S24_4048',45,99.36,5),(10230,'S32_3207',46,59.03,4),(10230,'S50_1392',34,100.7,7),(10230,'S50_1514',43,57.41,2),(10231,'S12_1108',42,193.25,2),(10231,'S12_3891',49,147.07,1),(10232,'S18_3140',22,133.86,6),(10232,'S18_3259',48,97.81,8),(10232,'S18_4522',23,78.12,5),(10232,'S24_2011',46,113.06,4),(10232,'S700_1938',26,84.88,7),(10232,'S700_3505',48,86.15,1),(10232,'S700_3962',35,81.43,2),(10232,'S72_3212',24,48.59,3),(10233,'S24_3151',40,70.81,2),(10233,'S700_1138',36,66,3),(10233,'S700_2610',29,67.94,1),(10234,'S10_4757',48,118.32,9),(10234,'S18_1662',50,146.65,1),(10234,'S18_3029',48,84.3,7),(10234,'S18_3856',39,85.75,6),(10234,'S24_2841',44,67.14,2),(10234,'S24_3420',25,65.09,3),(10234,'S24_3816',31,78.83,8),(10234,'S700_2047',29,83.28,5),(10234,'S72_1253',40,45.69,4),(10235,'S18_2581',24,81.95,3),(10235,'S24_1785',23,89.72,5),(10235,'S24_3949',33,55.27,12),(10235,'S24_4278',40,63.03,4),(10235,'S32_1374',41,90.9,1),(10235,'S32_4289',34,66.73,6),(10235,'S50_1341',41,37.09,7),(10235,'S700_1691',25,88.6,8),(10235,'S700_2466',38,92.74,10),(10235,'S700_2834',25,116.28,2),(10235,'S700_3167',32,73.6,9),(10235,'S700_4002',34,70.33,11),(10236,'S10_2016',22,105.86,1),(10236,'S18_2625',23,52.7,2),(10236,'S24_2000',36,65.51,3),(10237,'S10_1678',23,91.87,7),(10237,'S10_4698',39,158.8,9),(10237,'S12_2823',32,129.53,6),(10237,'S18_3782',26,49.74,1),(10237,'S24_1578',20,109.32,8),(10237,'S24_2360',26,62.33,4),(10237,'S32_2206',26,35,2),(10237,'S32_4485',27,94.91,5),(10237,'S50_4713',20,78.92,3),(10238,'S12_1099',28,161.49,3),(10238,'S12_3380',29,104.52,1),(10238,'S12_3990',20,73.42,4),(10238,'S18_3278',41,68.35,6),(10238,'S18_3482',49,144.05,5),(10238,'S18_4721',44,120.53,8),(10238,'S24_3371',47,53.88,2),(10238,'S24_4620',22,67.91,7),(10239,'S12_4675',21,100.19,5),(10239,'S18_1889',46,70.07,4),(10239,'S18_3232',47,135.47,1),(10239,'S24_2972',20,32.47,2),(10239,'S24_3856',29,133.41,3),(10240,'S18_1129',41,125.97,3),(10240,'S18_1984',37,136.56,2),(10240,'S18_3685',37,134.22,1),(10241,'S18_1589',21,119.46,11),(10241,'S18_1749',41,153,2),(10241,'S18_2248',33,55.7,1),(10241,'S18_2870',44,126.72,12),(10241,'S18_4409',42,77.31,3),(10241,'S18_4933',30,62.72,4),(10241,'S24_1046',22,72.02,8),(10241,'S24_1628',21,47.29,10),(10241,'S24_2766',47,89.05,6),(10241,'S24_2887',28,117.44,5),(10241,'S24_3191',26,69.34,7),(10241,'S24_3432',27,107.08,9),(10242,'S24_3969',46,36.52,1),(10243,'S18_2325',47,111.87,2),(10243,'S24_1937',33,30.87,1),(10244,'S18_1342',40,99.66,7),(10244,'S18_1367',20,48.52,6),(10244,'S18_2795',43,141.75,8),(10244,'S18_2949',30,87.13,1),(10244,'S18_2957',24,54.96,3),(10244,'S18_3136',29,85.87,2),(10244,'S18_3320',36,87.3,5),(10244,'S24_2022',39,42.11,9),(10244,'S24_4258',40,97.39,4),(10245,'S10_1949',34,195.01,9),(10245,'S10_4962',28,147.74,2),(10245,'S12_1666',38,120.27,6),(10245,'S18_1097',29,114.34,8),(10245,'S18_4600',21,111.39,3),(10245,'S18_4668',45,48.8,7),(10245,'S32_1268',37,81.86,1),(10245,'S32_3522',44,54.94,5),(10245,'S700_2824',44,81.93,4),(10246,'S12_4473',46,99.54,5),(10246,'S18_2238',40,144.08,4),(10246,'S18_2319',22,100.64,8),(10246,'S18_2432',30,57.73,11),(10246,'S18_3232',36,145.63,9),(10246,'S24_1444',44,46.24,2),(10246,'S24_2300',29,118.84,10),(10246,'S24_2840',49,34.65,6),(10246,'S24_4048',46,100.54,1),(10246,'S32_2509',35,45.45,7),(10246,'S50_1392',22,113.44,3),(10247,'S12_1108',44,195.33,2),(10247,'S12_3148',25,140.5,3),(10247,'S12_3891',27,167.83,1),(10247,'S18_4027',48,143.62,5),(10247,'S32_3207',40,58.41,6),(10247,'S50_1514',49,51.55,4),(10248,'S10_4757',20,126.48,3),(10248,'S18_3029',21,80.86,1),(10248,'S18_3140',32,133.86,12),(10248,'S18_3259',42,95.8,14),(10248,'S18_4522',42,87.77,11),(10248,'S24_2011',48,122.89,10),(10248,'S24_3151',30,85.85,5),(10248,'S24_3816',23,83.02,2),(10248,'S700_1138',36,66,6),(10248,'S700_1938',40,81.41,13),(10248,'S700_2610',32,69.39,4),(10248,'S700_3505',30,84.14,7),(10248,'S700_3962',35,92.36,8),(10248,'S72_3212',23,53.51,9),(10249,'S18_3856',46,88.93,5),(10249,'S24_2841',20,54.81,1),(10249,'S24_3420',25,65.75,2),(10249,'S700_2047',40,85.99,4),(10249,'S72_1253',32,49.16,3),(10250,'S18_1662',45,148.23,14),(10250,'S18_2581',27,84.48,4),(10250,'S24_1785',31,95.2,6),(10250,'S24_2000',32,63.22,1),(10250,'S24_3949',40,61.42,13),(10250,'S24_4278',37,72.45,5),(10250,'S32_1374',31,99.89,2),(10250,'S32_4289',50,62.6,7),(10250,'S50_1341',36,36.66,8),(10250,'S700_1691',31,91.34,9),(10250,'S700_2466',35,90.75,11),(10250,'S700_2834',44,98.48,3),(10250,'S700_3167',44,76,10),(10250,'S700_4002',38,65.89,12),(10251,'S10_1678',59,93.79,2),(10251,'S10_2016',44,115.37,5),(10251,'S10_4698',43,172.36,4),(10251,'S12_2823',46,129.53,1),(10251,'S18_2625',44,58.15,6),(10251,'S24_1578',50,91.29,3),(10252,'S18_3278',20,74.78,2),(10252,'S18_3482',41,145.52,1),(10252,'S18_3782',31,50.36,5),(10252,'S18_4721',26,127.97,4),(10252,'S24_2360',47,63.03,8),(10252,'S24_4620',38,69.52,3),(10252,'S32_2206',36,36.21,6),(10252,'S32_4485',25,93.89,9),(10252,'S50_4713',48,72.41,7),(10253,'S12_1099',24,157.6,13),(10253,'S12_3380',22,102.17,11),(10253,'S12_3990',25,67.03,14),(10253,'S12_4675',41,109.4,10),(10253,'S18_1129',26,130.22,5),(10253,'S18_1589',24,103.29,1),(10253,'S18_1889',23,67.76,9),(10253,'S18_1984',33,130.87,4),(10253,'S18_2870',37,114.84,2),(10253,'S18_3232',40,145.63,6),(10253,'S18_3685',31,139.87,3),(10253,'S24_2972',40,34.74,7),(10253,'S24_3371',24,50.82,12),(10253,'S24_3856',39,115.15,8),(10254,'S18_1749',49,137.7,5),(10254,'S18_2248',36,55.09,4),(10254,'S18_2325',41,102.98,2),(10254,'S18_4409',34,80.99,6),(10254,'S18_4933',30,59.87,7),(10254,'S24_1046',34,66.88,11),(10254,'S24_1628',32,43.27,13),(10254,'S24_1937',38,28.88,1),(10254,'S24_2766',31,85.42,9),(10254,'S24_2887',33,111.57,8),(10254,'S24_3191',42,69.34,10),(10254,'S24_3432',49,101.73,12),(10254,'S24_3969',20,39.8,3),(10255,'S18_2795',24,135,1),(10255,'S24_2022',37,37.63,2),(10256,'S18_1342',34,93.49,2),(10256,'S18_1367',29,52.83,1),(10257,'S18_2949',50,92.19,1),(10257,'S18_2957',49,59.34,3),(10257,'S18_3136',37,83.78,2),(10257,'S18_3320',26,91.27,5),(10257,'S24_4258',46,81.81,4),(10258,'S10_1949',32,177.87,6),(10258,'S12_1666',41,133.94,3),(10258,'S18_1097',41,113.17,5),(10258,'S18_4668',21,49.81,4),(10258,'S32_3522',20,62.7,2),(10258,'S700_2824',45,86.99,1),(10259,'S10_4962',26,121.15,12),(10259,'S12_4473',46,117.32,4),(10259,'S18_2238',30,134.26,3),(10259,'S18_2319',34,120.28,7),(10259,'S18_2432',30,59.55,10),(10259,'S18_3232',27,152.41,8),(10259,'S18_4600',41,107.76,13),(10259,'S24_1444',28,46.82,1),(10259,'S24_2300',47,121.4,9),(10259,'S24_2840',31,31.47,5),(10259,'S32_1268',45,95.35,11),(10259,'S32_2509',40,45.99,6),(10259,'S50_1392',29,105.33,2),(10260,'S12_1108',46,180.79,5),(10260,'S12_3148',30,140.5,6),(10260,'S12_3891',44,169.56,4),(10260,'S18_3140',32,121.57,1),(10260,'S18_3259',29,92.77,3),(10260,'S18_4027',23,137.88,8),(10260,'S24_4048',23,117.1,10),(10260,'S32_3207',27,55.3,9),(10260,'S50_1514',21,56.24,7),(10260,'S700_1938',33,80.55,2),(10261,'S10_4757',27,116.96,1),(10261,'S18_4522',20,80.75,9),(10261,'S24_2011',36,105.69,8),(10261,'S24_3151',22,79.66,3),(10261,'S700_1138',34,64,4),(10261,'S700_2610',44,58.55,2),(10261,'S700_3505',25,89.15,5),(10261,'S700_3962',50,88.39,6),(10261,'S72_3212',29,43.68,7),(10262,'S18_1662',49,157.69,9),(10262,'S18_3029',32,81.72,15),(10262,'S18_3856',34,85.75,14),(10262,'S24_1785',34,98.48,1),(10262,'S24_2841',24,63.71,10),(10262,'S24_3420',46,65.75,11),(10262,'S24_3816',49,82.18,16),(10262,'S24_3949',48,58.69,8),(10262,'S32_4289',40,63.97,2),(10262,'S50_1341',49,35.78,3),(10262,'S700_1691',40,87.69,4),(10262,'S700_2047',44,83.28,13),(10262,'S700_2466',33,81.77,6),(10262,'S700_3167',27,64.8,5),(10262,'S700_4002',35,64.41,7),(10262,'S72_1253',21,41.71,12),(10263,'S10_1678',34,89,2),(10263,'S10_2016',40,107.05,5),(10263,'S10_4698',41,193.66,4),(10263,'S12_2823',48,123.51,1),(10263,'S18_2581',33,67.58,10),(10263,'S18_2625',34,50.27,6),(10263,'S24_1578',42,109.32,3),(10263,'S24_2000',37,67.03,7),(10263,'S24_4278',24,59.41,11),(10263,'S32_1374',31,93.9,8),(10263,'S700_2834',47,117.46,9),(10264,'S18_3782',48,58.44,3),(10264,'S18_4721',20,124.99,2),(10264,'S24_2360',37,61.64,6),(10264,'S24_4620',47,75.18,1),(10264,'S32_2206',20,39.02,4),(10264,'S32_4485',34,100.01,7),(10264,'S50_4713',47,67.53,5),(10265,'S18_3278',45,74.78,2),(10265,'S18_3482',49,123.47,1),(10266,'S12_1099',44,188.73,14),(10266,'S12_3380',22,110.39,12),(10266,'S12_3990',35,67.83,15),(10266,'S12_4675',40,112.86,11),(10266,'S18_1129',21,131.63,6),(10266,'S18_1589',36,99.55,2),(10266,'S18_1889',33,77,10),(10266,'S18_1984',49,139.41,5),(10266,'S18_2870',20,113.52,3),(10266,'S18_3232',29,137.17,7),(10266,'S18_3685',33,127.15,4),(10266,'S24_1628',28,40.25,1),(10266,'S24_2972',34,35.12,8),(10266,'S24_3371',47,56.33,13),(10266,'S24_3856',24,119.37,9),(10267,'S18_4933',36,71.27,1),(10267,'S24_1046',40,72.02,5),(10267,'S24_2766',38,76.33,3),(10267,'S24_2887',43,93.95,2),(10267,'S24_3191',44,83.9,4),(10267,'S24_3432',43,98.51,6),(10268,'S18_1342',49,93.49,3),(10268,'S18_1367',26,45.82,2),(10268,'S18_1749',34,164.9,10),(10268,'S18_2248',31,60.54,9),(10268,'S18_2325',50,124.59,7),(10268,'S18_2795',35,148.5,4),(10268,'S18_3320',39,96.23,1),(10268,'S18_4409',35,84.67,11),(10268,'S24_1937',33,31.86,6),(10268,'S24_2022',40,36.29,5),(10268,'S24_3969',30,37.75,8),(10269,'S18_2957',32,57.46,1),(10269,'S24_4258',48,95.44,2),(10270,'S10_1949',21,171.44,9),(10270,'S10_4962',32,124.1,2),(10270,'S12_1666',28,135.3,6),(10270,'S18_1097',43,94.5,8),(10270,'S18_2949',31,81.05,10),(10270,'S18_3136',38,85.87,11),(10270,'S18_4600',38,107.76,3),(10270,'S18_4668',44,40.25,7),(10270,'S32_1268',32,93.42,1),(10270,'S32_3522',21,52.36,5),(10270,'S700_2824',46,101.15,4),(10271,'S12_4473',31,99.54,5),(10271,'S18_2238',50,147.36,4),(10271,'S18_2319',50,121.5,8),(10271,'S18_2432',25,59.55,11),(10271,'S18_3232',20,169.34,9),(10271,'S24_1444',45,49.71,2),(10271,'S24_2300',43,122.68,10),(10271,'S24_2840',38,28.64,6),(10271,'S24_4048',22,110,1),(10271,'S32_2509',35,51.95,7),(10271,'S50_1392',34,93.76,3),(10272,'S12_1108',35,187.02,2),(10272,'S12_3148',27,123.89,3),(10272,'S12_3891',39,148.8,1),(10272,'S18_4027',25,126.39,5),(10272,'S32_3207',45,56.55,6),(10272,'S50_1514',43,53.89,4),(10273,'S10_4757',30,136,4),(10273,'S18_3029',34,84.3,2),(10273,'S18_3140',40,117.47,13),(10273,'S18_3259',47,87.73,15),(10273,'S18_3856',50,105.87,1),(10273,'S18_4522',33,72.85,12),(10273,'S24_2011',22,103.23,11),(10273,'S24_3151',27,84.08,6),(10273,'S24_3816',48,83.86,3),(10273,'S700_1138',21,66,7),(10273,'S700_1938',21,77.95,14),(10273,'S700_2610',42,57.82,5),(10273,'S700_3505',40,91.15,8),(10273,'S700_3962',26,89.38,9),(10273,'S72_3212',37,51.32,10),(10274,'S18_1662',41,129.31,1),(10274,'S24_2841',40,56.86,2),(10274,'S24_3420',24,65.09,3),(10274,'S700_2047',24,75.13,5),(10274,'S72_1253',32,49.66,4),(10275,'S10_1678',45,81.35,1),(10275,'S10_2016',22,115.37,4),(10275,'S10_4698',36,154.93,3),(10275,'S18_2581',35,70.12,9),(10275,'S18_2625',37,52.09,5),(10275,'S24_1578',21,105.94,2),(10275,'S24_1785',25,97.38,11),(10275,'S24_2000',30,61.7,6),(10275,'S24_3949',41,58,18),(10275,'S24_4278',27,67.38,10),(10275,'S32_1374',23,89.9,7),(10275,'S32_4289',28,58.47,12),(10275,'S50_1341',38,40.15,13),(10275,'S700_1691',32,85.86,14),(10275,'S700_2466',39,82.77,16),(10275,'S700_2834',48,102.04,8),(10275,'S700_3167',43,72,15),(10275,'S700_4002',31,59.96,17),(10276,'S12_1099',50,184.84,3),(10276,'S12_2823',43,150.62,14),(10276,'S12_3380',47,104.52,1),(10276,'S12_3990',38,67.83,4),(10276,'S18_3278',38,78,6),(10276,'S18_3482',30,139.64,5),(10276,'S18_3782',33,54.71,9),(10276,'S18_4721',48,120.53,8),(10276,'S24_2360',46,61.64,12),(10276,'S24_3371',20,58.17,2),(10276,'S24_4620',48,67.1,7),(10276,'S32_2206',27,35.4,10),(10276,'S32_4485',38,94.91,13),(10276,'S50_4713',21,67.53,11),(10277,'S12_4675',28,93.28,1),(10278,'S18_1129',34,114.65,6),(10278,'S18_1589',23,107.02,2),(10278,'S18_1889',29,73.15,10),(10278,'S18_1984',29,118.07,5),(10278,'S18_2870',39,117.48,3),(10278,'S18_3232',42,167.65,7),(10278,'S18_3685',31,114.44,4),(10278,'S24_1628',35,48.8,1),(10278,'S24_2972',31,37.38,8),(10278,'S24_3856',25,136.22,9),(10279,'S18_4933',26,68.42,1),(10279,'S24_1046',32,68.35,5),(10279,'S24_2766',49,76.33,3),(10279,'S24_2887',48,106.87,2),(10279,'S24_3191',33,78.76,4),(10279,'S24_3432',48,95.3,6),(10280,'S10_1949',34,205.73,2),(10280,'S18_1097',24,98,1),(10280,'S18_1342',50,87.33,9),(10280,'S18_1367',27,47.44,8),(10280,'S18_1749',26,161.5,16),(10280,'S18_2248',25,53.28,15),(10280,'S18_2325',37,109.33,13),(10280,'S18_2795',22,158.63,10),(10280,'S18_2949',46,82.06,3),(10280,'S18_2957',43,54.34,5),(10280,'S18_3136',29,102.63,4),(10280,'S18_3320',34,99.21,7),(10280,'S18_4409',35,77.31,17),(10280,'S24_1937',20,29.87,12),(10280,'S24_2022',45,36.29,11),(10280,'S24_3969',33,35.29,14),(10280,'S24_4258',21,79.86,6),(10281,'S10_4962',44,132.97,9),(10281,'S12_1666',25,127.1,13),(10281,'S12_4473',41,98.36,1),(10281,'S18_2319',48,114.14,4),(10281,'S18_2432',29,56.52,7),(10281,'S18_3232',25,135.47,5),(10281,'S18_4600',25,96.86,10),(10281,'S18_4668',44,42.76,14),(10281,'S24_2300',25,112.46,6),(10281,'S24_2840',20,33.95,2),(10281,'S32_1268',29,80.9,8),(10281,'S32_2509',31,44.91,3),(10281,'S32_3522',36,59.47,12),(10281,'S700_2824',27,89.01,11),(10282,'S12_1108',41,176.63,5),(10282,'S12_3148',27,142.02,6),(10282,'S12_3891',24,169.56,4),(10282,'S18_2238',23,147.36,13),(10282,'S18_3140',43,122.93,1),(10282,'S18_3259',36,88.74,3),(10282,'S18_4027',31,132.13,8),(10282,'S24_1444',29,49.71,11),(10282,'S24_4048',39,96.99,10),(10282,'S32_3207',36,51.58,9),(10282,'S50_1392',38,114.59,12),(10282,'S50_1514',37,56.24,7),(10282,'S700_1938',43,77.95,2),(10283,'S10_4757',25,130.56,6),(10283,'S18_3029',21,78.28,4),(10283,'S18_3856',46,100.58,3),(10283,'S18_4522',34,71.97,14),(10283,'S24_2011',42,99.54,13),(10283,'S24_3151',34,80.54,8),(10283,'S24_3816',33,77.15,5),(10283,'S700_1138',45,62,9),(10283,'S700_2047',20,74.23,2),(10283,'S700_2610',47,68.67,7),(10283,'S700_3505',22,88.15,10),(10283,'S700_3962',38,85.41,11),(10283,'S72_1253',43,41.22,1),(10283,'S72_3212',33,49.14,12),(10284,'S18_1662',45,137.19,11),(10284,'S18_2581',31,68.43,1),(10284,'S24_1785',22,101.76,3),(10284,'S24_2841',30,65.08,12),(10284,'S24_3420',39,59.83,13),(10284,'S24_3949',21,65.51,10),(10284,'S24_4278',21,66.65,2),(10284,'S32_4289',50,60.54,4),(10284,'S50_1341',33,35.78,5),(10284,'S700_1691',24,87.69,6),(10284,'S700_2466',45,95.73,8),(10284,'S700_3167',25,68,7),(10284,'S700_4002',32,73.29,9),(10285,'S10_1678',36,95.7,6),(10285,'S10_2016',47,110.61,9),(10285,'S10_4698',27,166.55,8),(10285,'S12_2823',49,131.04,5),(10285,'S18_2625',20,50.88,10),(10285,'S24_1578',34,91.29,7),(10285,'S24_2000',39,61.7,11),(10285,'S24_2360',38,64.41,3),(10285,'S32_1374',37,82.91,12),(10285,'S32_2206',37,36.61,1),(10285,'S32_4485',26,100.01,4),(10285,'S50_4713',39,76.48,2),(10285,'S700_2834',45,102.04,13),(10286,'S18_3782',38,51.6,1),(10287,'S12_1099',21,190.68,12),(10287,'S12_3380',45,117.44,10),(10287,'S12_3990',41,74.21,13),(10287,'S12_4675',23,107.1,9),(10287,'S18_1129',41,113.23,4),(10287,'S18_1889',44,61.6,8),(10287,'S18_1984',24,123.76,3),(10287,'S18_2870',44,114.84,1),(10287,'S18_3232',36,137.17,5),(10287,'S18_3278',43,68.35,15),(10287,'S18_3482',40,127.88,14),(10287,'S18_3685',27,139.87,2),(10287,'S18_4721',34,119.04,17),(10287,'S24_2972',36,31.34,6),(10287,'S24_3371',20,58.17,11),(10287,'S24_3856',36,137.62,7),(10287,'S24_4620',40,79.22,16),(10288,'S18_1589',20,120.71,14),(10288,'S18_1749',32,168.3,5),(10288,'S18_2248',28,50.25,4),(10288,'S18_2325',31,102.98,2),(10288,'S18_4409',35,90.19,6),(10288,'S18_4933',23,57.02,7),(10288,'S24_1046',36,66.88,11),(10288,'S24_1628',50,49.3,13),(10288,'S24_1937',29,32.19,1),(10288,'S24_2766',35,81.78,9),(10288,'S24_2887',48,109.22,8),(10288,'S24_3191',34,76.19,10),(10288,'S24_3432',41,101.73,12),(10288,'S24_3969',33,37.75,3),(10289,'S18_1342',38,92.47,2),(10289,'S18_1367',24,44.75,1),(10289,'S18_2795',43,141.75,3),(10289,'S24_2022',45,41.22,4),(10290,'S18_3320',26,80.36,2),(10290,'S24_4258',45,83.76,1),(10291,'S10_1949',37,210.01,11),(10291,'S10_4962',30,141.83,4),(10291,'S12_1666',41,123,8),(10291,'S18_1097',41,96.84,10),(10291,'S18_2432',26,52.26,2),(10291,'S18_2949',47,99.28,12),(10291,'S18_2957',37,56.21,14),(10291,'S18_3136',23,93.2,13),(10291,'S18_4600',48,96.86,5),(10291,'S18_4668',29,45.28,9),(10291,'S24_2300',48,109.9,1),(10291,'S32_1268',26,82.83,3),(10291,'S32_3522',32,53,7),(10291,'S700_2824',28,86.99,6),(10292,'S12_4473',21,94.8,8),(10292,'S18_2238',26,140.81,7),(10292,'S18_2319',41,103.09,11),(10292,'S18_3232',21,147.33,12),(10292,'S18_4027',44,114.9,2),(10292,'S24_1444',40,48.55,5),(10292,'S24_2840',39,34.3,9),(10292,'S24_4048',27,113.55,4),(10292,'S32_2509',50,54.11,10),(10292,'S32_3207',31,59.65,3),(10292,'S50_1392',41,113.44,6),(10292,'S50_1514',35,49.79,1),(10293,'S12_1108',46,187.02,8),(10293,'S12_3148',24,129.93,9),(10293,'S12_3891',45,171.29,7),(10293,'S18_3140',24,110.64,4),(10293,'S18_3259',22,91.76,6),(10293,'S18_4522',49,72.85,3),(10293,'S24_2011',21,111.83,2),(10293,'S700_1938',29,77.95,5),(10293,'S72_3212',32,51.32,1),(10294,'S700_3962',45,98.32,1),(10295,'S10_4757',24,136,1),(10295,'S24_3151',46,84.08,3),(10295,'S700_1138',26,62,4),(10295,'S700_2610',44,71.56,2),(10295,'S700_3505',34,93.16,5),(10296,'S18_1662',36,146.65,7),(10296,'S18_3029',21,69.68,13),(10296,'S18_3856',22,105.87,12),(10296,'S24_2841',21,60.97,8),(10296,'S24_3420',31,63.78,9),(10296,'S24_3816',22,83.02,14),(10296,'S24_3949',32,63.46,6),(10296,'S50_1341',26,41.02,1),(10296,'S700_1691',42,75.81,2),(10296,'S700_2047',34,89.61,11),(10296,'S700_2466',24,96.73,4),(10296,'S700_3167',22,74.4,3),(10296,'S700_4002',47,61.44,5),(10296,'S72_1253',21,46.68,10),(10297,'S18_2581',25,81.95,4),(10297,'S24_1785',32,107.23,6),(10297,'S24_2000',32,70.08,1),(10297,'S24_4278',23,71.73,5),(10297,'S32_1374',26,88.9,2),(10297,'S32_4289',28,63.29,7),(10297,'S700_2834',35,111.53,3),(10298,'S10_2016',39,105.86,1),(10298,'S18_2625',32,60.57,2),(10299,'S10_1678',23,76.56,9),(10299,'S10_4698',29,164.61,11),(10299,'S12_2823',24,123.51,8),(10299,'S18_3782',39,62.17,3),(10299,'S18_4721',49,119.04,2),(10299,'S24_1578',47,107.07,10),(10299,'S24_2360',33,58.87,6),(10299,'S24_4620',32,66.29,1),(10299,'S32_2206',24,36.21,4),(10299,'S32_4485',38,84.7,7),(10299,'S50_4713',44,77.29,5),(10300,'S12_1099',33,184.84,5),(10300,'S12_3380',29,116.27,3),(10300,'S12_3990',22,76.61,6),(10300,'S12_4675',23,95.58,2),(10300,'S18_1889',41,63.14,1),(10300,'S18_3278',49,65.94,8),(10300,'S18_3482',23,144.05,7),(10300,'S24_3371',31,52.05,4),(10301,'S18_1129',37,114.65,8),(10301,'S18_1589',32,118.22,4),(10301,'S18_1984',47,119.49,7),(10301,'S18_2870',22,113.52,5),(10301,'S18_3232',23,135.47,9),(10301,'S18_3685',39,137.04,6),(10301,'S24_1046',27,64.67,1),(10301,'S24_1628',22,40.75,3),(10301,'S24_2972',48,32.1,10),(10301,'S24_3432',22,86.73,2),(10301,'S24_3856',50,122.17,11),(10302,'S18_1749',43,166.6,1),(10302,'S18_4409',38,82.83,2),(10302,'S18_4933',23,70.56,3),(10302,'S24_2766',49,75.42,5),(10302,'S24_2887',45,104.52,4),(10302,'S24_3191',48,74.48,6),(10303,'S18_2248',46,56.91,2),(10303,'S24_3969',24,35.7,1),(10304,'S10_1949',47,201.44,6),(10304,'S12_1666',39,117.54,3),(10304,'S18_1097',46,106.17,5),(10304,'S18_1342',37,95.55,13),(10304,'S18_1367',37,46.9,12),(10304,'S18_2325',24,102.98,17),(10304,'S18_2795',20,141.75,14),(10304,'S18_2949',46,98.27,7),(10304,'S18_2957',24,54.34,9),(10304,'S18_3136',26,90.06,8),(10304,'S18_3320',38,95.24,11),(10304,'S18_4668',34,44.27,4),(10304,'S24_1937',23,29.21,16),(10304,'S24_2022',44,42.11,15),(10304,'S24_4258',33,80.83,10),(10304,'S32_3522',36,52.36,2),(10304,'S700_2824',40,80.92,1),(10305,'S10_4962',38,130.01,13),(10305,'S12_4473',38,107.84,5),(10305,'S18_2238',27,132.62,4),(10305,'S18_2319',36,117.82,8),(10305,'S18_2432',41,58.95,11),(10305,'S18_3232',37,160.87,9),(10305,'S18_4600',22,112.6,14),(10305,'S24_1444',45,48.55,2),(10305,'S24_2300',24,107.34,10),(10305,'S24_2840',48,30.76,6),(10305,'S24_4048',36,118.28,1),(10305,'S32_1268',28,94.38,12),(10305,'S32_2509',40,48.7,7),(10305,'S50_1392',42,109.96,3),(10306,'S12_1108',31,182.86,13),(10306,'S12_3148',34,145.04,14),(10306,'S12_3891',20,145.34,12),(10306,'S18_3140',32,114.74,9),(10306,'S18_3259',40,83.7,11),(10306,'S18_4027',23,126.39,16),(10306,'S18_4522',39,85.14,8),(10306,'S24_2011',29,109.37,7),(10306,'S24_3151',31,76.12,2),(10306,'S32_3207',46,60.28,17),(10306,'S50_1514',34,51.55,15),(10306,'S700_1138',50,61.34,3),(10306,'S700_1938',38,73.62,10),(10306,'S700_2610',43,62.16,1),(10306,'S700_3505',32,99.17,4),(10306,'S700_3962',30,87.39,5),(10306,'S72_3212',35,48.05,6),(10307,'S10_4757',22,118.32,9),(10307,'S18_1662',39,135.61,1),(10307,'S18_3029',31,71.4,7),(10307,'S18_3856',48,92.11,6),(10307,'S24_2841',25,58.23,2),(10307,'S24_3420',22,64.44,3),(10307,'S24_3816',22,75.47,8),(10307,'S700_2047',34,81.47,5),(10307,'S72_1253',34,44.2,4),(10308,'S10_2016',34,115.37,2),(10308,'S10_4698',20,187.85,1),(10308,'S18_2581',27,81.95,7),(10308,'S18_2625',34,48.46,3),(10308,'S24_1785',31,99.57,9),(10308,'S24_2000',47,68.55,4),(10308,'S24_3949',43,58,16),(10308,'S24_4278',44,71.73,8),(10308,'S32_1374',24,99.89,5),(10308,'S32_4289',46,61.22,10),(10308,'S50_1341',47,37.09,11),(10308,'S700_1691',21,73.07,12),(10308,'S700_2466',35,88.75,14),(10308,'S700_2834',31,100.85,6),(10308,'S700_3167',21,79.2,13),(10308,'S700_4002',39,62.93,15),(10309,'S10_1678',41,94.74,5),(10309,'S12_2823',26,144.6,4),(10309,'S24_1578',21,96.92,6),(10309,'S24_2360',24,59.56,2),(10309,'S32_4485',50,93.89,3),(10309,'S50_4713',28,74.04,1),(10310,'S12_1099',33,165.38,10),(10310,'S12_3380',24,105.7,8),(10310,'S12_3990',49,77.41,11),(10310,'S12_4675',25,101.34,7),(10310,'S18_1129',37,128.8,2),(10310,'S18_1889',20,66.99,6),(10310,'S18_1984',24,129.45,1),(10310,'S18_3232',48,159.18,3),(10310,'S18_3278',27,70.76,13),(10310,'S18_3482',49,122,12),(10310,'S18_3782',42,59.06,16),(10310,'S18_4721',40,133.92,15),(10310,'S24_2972',33,33.23,4),(10310,'S24_3371',38,50.21,9),(10310,'S24_3856',45,139.03,5),(10310,'S24_4620',49,75.18,14),(10310,'S32_2206',36,38.62,17),(10311,'S18_1589',29,124.44,9),(10311,'S18_2870',43,114.84,10),(10311,'S18_3685',32,134.22,11),(10311,'S18_4409',41,92.03,1),(10311,'S18_4933',25,66.99,2),(10311,'S24_1046',26,70.55,6),(10311,'S24_1628',45,48.8,8),(10311,'S24_2766',28,89.05,4),(10311,'S24_2887',43,116.27,3),(10311,'S24_3191',25,85.61,5),(10311,'S24_3432',46,91.02,7),(10312,'S10_1949',48,214.3,3),(10312,'S18_1097',32,101.5,2),(10312,'S18_1342',43,102.74,10),(10312,'S18_1367',25,43.67,9),(10312,'S18_1749',48,146.2,17),(10312,'S18_2248',30,48.43,16),(10312,'S18_2325',31,111.87,14),(10312,'S18_2795',25,150.19,11),(10312,'S18_2949',37,91.18,4),(10312,'S18_2957',35,54.34,6),(10312,'S18_3136',38,93.2,5),(10312,'S18_3320',33,84.33,8),(10312,'S18_4668',39,44.27,1),(10312,'S24_1937',39,27.88,13),(10312,'S24_2022',23,43.46,12),(10312,'S24_3969',31,40.21,15),(10312,'S24_4258',44,96.42,7),(10313,'S10_4962',40,141.83,7),(10313,'S12_1666',21,131.2,11),(10313,'S18_2319',29,109.23,2),(10313,'S18_2432',34,52.87,5),(10313,'S18_3232',25,143.94,3),(10313,'S18_4600',28,110.18,8),(10313,'S24_2300',42,102.23,4),(10313,'S32_1268',27,96.31,6),(10313,'S32_2509',38,48.7,1),(10313,'S32_3522',34,55.59,10),(10313,'S700_2824',30,96.09,9),(10314,'S12_1108',38,176.63,5),(10314,'S12_3148',46,125.4,6),(10314,'S12_3891',36,169.56,4),(10314,'S12_4473',45,95.99,14),(10314,'S18_2238',42,135.9,13),(10314,'S18_3140',20,129.76,1),(10314,'S18_3259',23,84.71,3),(10314,'S18_4027',29,129.26,8),(10314,'S24_1444',44,51.44,11),(10314,'S24_2840',39,31.82,15),(10314,'S24_4048',38,111.18,10),(10314,'S32_3207',35,58.41,9),(10314,'S50_1392',28,115.75,12),(10314,'S50_1514',38,50.38,7),(10314,'S700_1938',23,83.15,2),(10315,'S18_4522',36,78.12,7),(10315,'S24_2011',35,111.83,6),(10315,'S24_3151',24,78.77,1),(10315,'S700_1138',41,60.67,2),(10315,'S700_3505',31,99.17,3),(10315,'S700_3962',37,88.39,4),(10315,'S72_3212',40,51.32,5),(10316,'S10_4757',33,126.48,17),(10316,'S18_1662',27,140.34,9),(10316,'S18_3029',21,72.26,15),(10316,'S18_3856',47,89.99,14),(10316,'S24_1785',25,93.01,1),(10316,'S24_2841',34,67.14,10),(10316,'S24_3420',47,55.23,11),(10316,'S24_3816',25,77.15,16),(10316,'S24_3949',30,67.56,8),(10316,'S32_4289',24,59.16,2),(10316,'S50_1341',34,36.66,3),(10316,'S700_1691',34,74.9,4),(10316,'S700_2047',45,73.32,13),(10316,'S700_2466',23,85.76,6),(10316,'S700_2610',48,67.22,18),(10316,'S700_3167',48,77.6,5),(10316,'S700_4002',44,68.11,7),(10316,'S72_1253',34,43.7,12),(10317,'S24_4278',35,69.55,1),(10318,'S10_1678',46,84.22,1),(10318,'S10_2016',45,102.29,4),(10318,'S10_4698',37,189.79,3),(10318,'S18_2581',31,81.95,9),(10318,'S18_2625',42,49.67,5),(10318,'S24_1578',48,93.54,2),(10318,'S24_2000',26,60.94,6),(10318,'S32_1374',47,81.91,7),(10318,'S700_2834',50,102.04,8),(10319,'S12_2823',30,134.05,9),(10319,'S18_3278',46,77.19,1),(10319,'S18_3782',44,54.71,4),(10319,'S18_4721',45,120.53,3),(10319,'S24_2360',31,65.8,7),(10319,'S24_4620',43,78.41,2),(10319,'S32_2206',29,35,5),(10319,'S32_4485',22,96.95,8),(10319,'S50_4713',45,79.73,6),(10320,'S12_1099',31,184.84,3),(10320,'S12_3380',35,102.17,1),(10320,'S12_3990',38,63.84,4),(10320,'S18_3482',25,139.64,5),(10320,'S24_3371',26,60.62,2),(10321,'S12_4675',24,105.95,15),(10321,'S18_1129',41,123.14,10),(10321,'S18_1589',44,120.71,6),(10321,'S18_1889',37,73.92,14),(10321,'S18_1984',25,142.25,9),(10321,'S18_2870',27,126.72,7),(10321,'S18_3232',33,164.26,11),(10321,'S18_3685',28,138.45,8),(10321,'S24_1046',30,68.35,3),(10321,'S24_1628',48,42.76,5),(10321,'S24_2766',30,74.51,1),(10321,'S24_2972',37,31.72,12),(10321,'S24_3191',39,81.33,2),(10321,'S24_3432',21,103.87,4),(10321,'S24_3856',26,137.62,13),(10322,'S10_1949',40,180.01,1),(10322,'S10_4962',46,141.83,8),(10322,'S12_1666',27,136.67,9),(10322,'S18_1097',22,101.5,10),(10322,'S18_1342',43,92.47,14),(10322,'S18_1367',41,44.21,5),(10322,'S18_2325',50,120.77,6),(10322,'S18_2432',35,57.12,11),(10322,'S18_2795',36,158.63,2),(10322,'S18_2949',33,100.3,12),(10322,'S18_2957',41,54.34,13),(10322,'S18_3136',48,90.06,7),(10322,'S24_1937',20,26.55,3),(10322,'S24_2022',30,40.77,4),(10323,'S18_3320',33,88.3,2),(10323,'S18_4600',47,96.86,1),(10324,'S12_3148',27,148.06,1),(10324,'S12_4473',26,100.73,7),(10324,'S18_2238',47,142.45,8),(10324,'S18_2319',33,105.55,10),(10324,'S18_3232',27,137.17,12),(10324,'S18_4027',49,120.64,13),(10324,'S18_4668',38,49.81,6),(10324,'S24_1444',25,49.71,14),(10324,'S24_2300',31,107.34,2),(10324,'S24_2840',30,29.35,9),(10324,'S24_4258',33,95.44,3),(10324,'S32_1268',20,91.49,11),(10324,'S32_3522',48,60.76,4),(10324,'S700_2824',34,80.92,5),(10325,'S10_4757',47,111.52,6),(10325,'S12_1108',42,193.25,8),(10325,'S12_3891',24,166.1,1),(10325,'S18_3140',24,114.74,9),(10325,'S24_4048',44,114.73,5),(10325,'S32_2509',38,44.37,3),(10325,'S32_3207',28,55.3,2),(10325,'S50_1392',38,99.55,4),(10325,'S50_1514',44,56.24,7),(10326,'S18_3259',32,94.79,6),(10326,'S18_4522',50,73.73,5),(10326,'S24_2011',41,120.43,4),(10326,'S24_3151',41,86.74,3),(10326,'S24_3816',20,81.34,2),(10326,'S700_1138',39,60.67,1),(10327,'S18_1662',25,154.54,6),(10327,'S18_2581',45,74.34,8),(10327,'S18_3029',25,74.84,5),(10327,'S700_1938',20,79.68,7),(10327,'S700_2610',21,65.05,1),(10327,'S700_3505',43,85.14,2),(10327,'S700_3962',37,83.42,3),(10327,'S72_3212',37,48.05,4),(10328,'S18_3856',34,104.81,6),(10328,'S24_1785',47,87.54,14),(10328,'S24_2841',48,67.82,1),(10328,'S24_3420',20,56.55,2),(10328,'S24_3949',35,55.96,3),(10328,'S24_4278',43,69.55,4),(10328,'S32_4289',24,57.1,5),(10328,'S50_1341',34,42.33,7),(10328,'S700_1691',27,84.03,8),(10328,'S700_2047',41,75.13,9),(10328,'S700_2466',37,95.73,10),(10328,'S700_2834',33,117.46,11),(10328,'S700_3167',33,71.2,13),(10328,'S700_4002',39,69.59,12),(10329,'S10_1678',42,80.39,1),(10329,'S10_2016',20,109.42,2),(10329,'S10_4698',26,164.61,3),(10329,'S12_1099',41,182.9,5),(10329,'S12_2823',24,128.03,6),(10329,'S12_3380',46,117.44,13),(10329,'S12_3990',33,74.21,14),(10329,'S12_4675',39,102.49,15),(10329,'S18_1889',29,66.22,9),(10329,'S18_2625',38,55.72,12),(10329,'S18_3278',38,65.13,10),(10329,'S24_1578',30,104.81,7),(10329,'S24_2000',37,71.6,4),(10329,'S32_1374',45,80.91,11),(10329,'S72_1253',44,41.22,8),(10330,'S18_3482',37,136.7,3),(10330,'S18_3782',29,59.06,2),(10330,'S18_4721',50,133.92,4),(10330,'S24_2360',42,56.1,1),(10331,'S18_1129',46,120.31,6),(10331,'S18_1589',44,99.55,14),(10331,'S18_1749',44,154.7,7),(10331,'S18_1984',30,135.14,8),(10331,'S18_2870',26,130.68,10),(10331,'S18_3232',27,169.34,11),(10331,'S18_3685',26,132.8,12),(10331,'S24_2972',27,37,13),(10331,'S24_3371',25,55.11,9),(10331,'S24_3856',21,139.03,1),(10331,'S24_4620',41,70.33,2),(10331,'S32_2206',28,33.39,3),(10331,'S32_4485',32,100.01,4),(10331,'S50_4713',20,74.04,5),(10332,'S18_1342',46,89.38,15),(10332,'S18_1367',27,51.21,16),(10332,'S18_2248',38,53.88,9),(10332,'S18_2325',35,116.96,8),(10332,'S18_2795',24,138.38,1),(10332,'S18_2957',26,53.09,17),(10332,'S18_3136',40,100.53,18),(10332,'S18_4409',50,92.03,2),(10332,'S18_4933',21,70.56,3),(10332,'S24_1046',23,61.73,4),(10332,'S24_1628',20,47.29,5),(10332,'S24_1937',45,29.87,6),(10332,'S24_2022',26,43.01,10),(10332,'S24_2766',39,84.51,7),(10332,'S24_2887',44,108.04,11),(10332,'S24_3191',45,77.91,12),(10332,'S24_3432',31,94.23,13),(10332,'S24_3969',41,34.47,14),(10333,'S10_1949',26,188.58,3),(10333,'S12_1666',33,121.64,6),(10333,'S18_1097',29,110.84,7),(10333,'S18_2949',31,95.23,5),(10333,'S18_3320',46,95.24,2),(10333,'S18_4668',24,42.26,8),(10333,'S24_4258',39,95.44,1),(10333,'S32_3522',33,62.05,4),(10334,'S10_4962',26,130.01,2),(10334,'S18_2319',46,108,6),(10334,'S18_2432',34,52.87,1),(10334,'S18_3232',20,147.33,3),(10334,'S18_4600',49,101.71,4),(10334,'S24_2300',42,117.57,5),(10335,'S24_2840',33,32.88,2),(10335,'S32_1268',44,77.05,1),(10335,'S32_2509',40,49.78,3),(10336,'S12_1108',33,176.63,10),(10336,'S12_3148',33,126.91,11),(10336,'S12_3891',49,141.88,1),(10336,'S12_4473',38,95.99,3),(10336,'S18_2238',49,153.91,6),(10336,'S18_3140',48,135.22,12),(10336,'S18_3259',21,100.84,7),(10336,'S24_1444',45,49.71,4),(10336,'S24_4048',31,113.55,5),(10336,'S32_3207',31,59.03,9),(10336,'S50_1392',23,109.96,8),(10336,'S700_2824',46,94.07,2),(10337,'S10_4757',25,131.92,8),(10337,'S18_4027',36,140.75,3),(10337,'S18_4522',29,76.36,2),(10337,'S24_2011',29,119.2,4),(10337,'S50_1514',21,54.48,6),(10337,'S700_1938',36,73.62,9),(10337,'S700_3505',31,84.14,1),(10337,'S700_3962',36,83.42,7),(10337,'S72_3212',42,49.14,5),(10338,'S18_1662',41,137.19,1),(10338,'S18_3029',28,80.86,3),(10338,'S18_3856',45,93.17,2),(10339,'S10_2016',40,117.75,4),(10339,'S10_4698',39,178.17,3),(10339,'S18_2581',27,79.41,2),(10339,'S18_2625',30,48.46,1),(10339,'S24_1578',27,96.92,10),(10339,'S24_1785',21,106.14,7),(10339,'S24_2841',55,67.82,12),(10339,'S24_3151',55,73.46,13),(10339,'S24_3420',29,57.86,14),(10339,'S24_3816',42,72.96,16),(10339,'S24_3949',45,57.32,11),(10339,'S700_1138',22,53.34,5),(10339,'S700_2047',55,86.9,15),(10339,'S700_2610',50,62.16,9),(10339,'S700_4002',50,66.63,8),(10339,'S72_1253',27,49.66,6),(10340,'S24_2000',55,62.46,8),(10340,'S24_4278',40,63.76,1),(10340,'S32_1374',55,95.89,2),(10340,'S32_4289',39,67.41,3),(10340,'S50_1341',40,37.09,4),(10340,'S700_1691',30,73.99,5),(10340,'S700_2466',55,81.77,7),(10340,'S700_2834',29,98.48,6),(10341,'S10_1678',41,84.22,9),(10341,'S12_1099',45,192.62,2),(10341,'S12_2823',55,120.5,8),(10341,'S12_3380',44,111.57,1),(10341,'S12_3990',36,77.41,10),(10341,'S12_4675',55,109.4,7),(10341,'S24_2360',32,63.03,6),(10341,'S32_4485',31,95.93,4),(10341,'S50_4713',38,78.11,3),(10341,'S700_3167',34,70.4,5),(10342,'S18_1129',40,118.89,2),(10342,'S18_1889',55,63.14,1),(10342,'S18_1984',22,115.22,3),(10342,'S18_3232',30,167.65,4),(10342,'S18_3278',25,76.39,5),(10342,'S18_3482',55,136.7,7),(10342,'S18_3782',26,57.82,8),(10342,'S18_4721',38,124.99,11),(10342,'S24_2972',39,30.59,9),(10342,'S24_3371',48,60.01,10),(10342,'S24_3856',42,112.34,6),(10343,'S18_1589',36,109.51,4),(10343,'S18_2870',25,118.8,3),(10343,'S18_3685',44,127.15,2),(10343,'S24_1628',27,44.78,6),(10343,'S24_4620',30,76.8,1),(10343,'S32_2206',29,37.41,5),(10344,'S18_1749',45,168.3,1),(10344,'S18_2248',40,49.04,2),(10344,'S18_2325',30,118.23,3),(10344,'S18_4409',21,80.99,4),(10344,'S18_4933',26,68.42,5),(10344,'S24_1046',29,61,7),(10344,'S24_1937',20,27.88,6),(10345,'S24_2022',43,38.98,1),(10346,'S18_1342',42,88.36,3),(10346,'S24_2766',25,87.24,1),(10346,'S24_2887',24,117.44,5),(10346,'S24_3191',24,80.47,2),(10346,'S24_3432',26,103.87,6),(10346,'S24_3969',22,38.57,4),(10347,'S10_1949',30,188.58,1),(10347,'S10_4962',27,132.97,2),(10347,'S12_1666',29,132.57,3),(10347,'S18_1097',42,113.17,5),(10347,'S18_1367',21,46.36,7),(10347,'S18_2432',50,51.05,8),(10347,'S18_2795',21,136.69,6),(10347,'S18_2949',48,84.09,9),(10347,'S18_2957',34,60.59,10),(10347,'S18_3136',45,95.3,11),(10347,'S18_3320',26,84.33,12),(10347,'S18_4600',45,115.03,4),(10348,'S12_1108',48,207.8,8),(10348,'S12_3148',47,122.37,4),(10348,'S18_4668',29,43.77,6),(10348,'S24_2300',37,107.34,1),(10348,'S24_4258',39,82.78,2),(10348,'S32_1268',42,90.53,3),(10348,'S32_3522',31,62.7,5),(10348,'S700_2824',32,100.14,7),(10349,'S12_3891',26,166.1,10),(10349,'S12_4473',48,114.95,9),(10349,'S18_2238',38,142.45,8),(10349,'S18_2319',38,117.82,7),(10349,'S18_3232',48,164.26,6),(10349,'S18_4027',34,140.75,5),(10349,'S24_1444',48,50.29,4),(10349,'S24_2840',36,31.47,3),(10349,'S24_4048',23,111.18,2),(10349,'S32_2509',33,44.37,1),(10350,'S10_4757',26,110.16,5),(10350,'S18_3029',43,84.3,6),(10350,'S18_3140',44,135.22,1),(10350,'S18_3259',41,94.79,2),(10350,'S18_4522',30,70.22,3),(10350,'S24_2011',34,98.31,7),(10350,'S24_3151',30,86.74,9),(10350,'S24_3816',25,77.15,10),(10350,'S32_3207',27,61.52,14),(10350,'S50_1392',31,104.18,8),(10350,'S50_1514',44,56.82,17),(10350,'S700_1138',46,56,11),(10350,'S700_1938',28,76.22,4),(10350,'S700_2610',29,68.67,12),(10350,'S700_3505',31,87.15,13),(10350,'S700_3962',25,97.32,16),(10350,'S72_3212',20,48.05,15),(10351,'S18_1662',39,143.5,1),(10351,'S18_3856',20,104.81,2),(10351,'S24_2841',25,64.4,5),(10351,'S24_3420',38,53.92,4),(10351,'S24_3949',34,68.24,3),(10352,'S700_2047',23,75.13,3),(10352,'S700_2466',49,87.75,2),(10352,'S700_4002',22,62.19,1),(10352,'S72_1253',49,46.18,4),(10353,'S18_2581',27,71.81,1),(10353,'S24_1785',28,107.23,2),(10353,'S24_4278',35,69.55,3),(10353,'S32_1374',46,86.9,5),(10353,'S32_4289',40,68.1,7),(10353,'S50_1341',40,35.78,8),(10353,'S700_1691',39,73.07,9),(10353,'S700_2834',48,98.48,4),(10353,'S700_3167',43,74.4,6),(10354,'S10_1678',42,84.22,6),(10354,'S10_2016',20,95.15,2),(10354,'S10_4698',42,178.17,3),(10354,'S12_1099',31,157.6,9),(10354,'S12_2823',35,141.58,4),(10354,'S12_3380',29,98.65,11),(10354,'S12_3990',23,76.61,12),(10354,'S12_4675',28,100.19,13),(10354,'S18_1889',21,76.23,8),(10354,'S18_2625',28,49.06,10),(10354,'S18_3278',36,69.15,7),(10354,'S24_1578',21,96.92,5),(10354,'S24_2000',28,62.46,1),(10355,'S18_3482',23,117.59,7),(10355,'S18_3782',31,60.3,1),(10355,'S18_4721',25,124.99,2),(10355,'S24_2360',41,56.1,3),(10355,'S24_2972',36,37.38,4),(10355,'S24_3371',44,60.62,6),(10355,'S24_3856',32,137.62,8),(10355,'S24_4620',28,75.18,9),(10355,'S32_2206',38,32.99,10),(10355,'S32_4485',40,93.89,5),(10356,'S18_1129',43,120.31,8),(10356,'S18_1342',50,82.19,9),(10356,'S18_1367',22,44.75,6),(10356,'S18_1984',27,130.87,2),(10356,'S18_2325',29,106.79,3),(10356,'S18_2795',30,158.63,1),(10356,'S24_1937',48,31.86,5),(10356,'S24_2022',26,42.11,7),(10356,'S50_4713',26,78.11,4),(10357,'S10_1949',32,199.3,10),(10357,'S10_4962',43,135.92,9),(10357,'S12_1666',49,109.34,8),(10357,'S18_1097',39,112,1),(10357,'S18_2432',41,58.95,7),(10357,'S18_2949',41,91.18,6),(10357,'S18_2957',49,59.34,5),(10357,'S18_3136',44,104.72,4),(10357,'S18_3320',25,84.33,3),(10357,'S18_4600',28,105.34,2),(10358,'S12_3148',49,129.93,5),(10358,'S12_4473',42,98.36,9),(10358,'S18_2238',20,142.45,10),(10358,'S18_2319',20,99.41,11),(10358,'S18_3232',32,137.17,12),(10358,'S18_4027',25,117.77,13),(10358,'S18_4668',30,46.29,8),(10358,'S24_1444',44,56.07,14),(10358,'S24_2300',41,127.79,7),(10358,'S24_2840',36,33.59,4),(10358,'S24_4258',41,88.62,6),(10358,'S32_1268',41,82.83,1),(10358,'S32_3522',36,51.71,2),(10358,'S700_2824',27,85.98,3),(10359,'S10_4757',48,122.4,6),(10359,'S12_1108',42,180.79,8),(10359,'S12_3891',49,162.64,5),(10359,'S24_4048',22,108.82,7),(10359,'S32_2509',36,45.45,3),(10359,'S32_3207',22,62.14,1),(10359,'S50_1392',46,99.55,2),(10359,'S50_1514',25,47.45,4),(10360,'S18_1662',50,126.15,12),(10360,'S18_2581',41,68.43,13),(10360,'S18_3029',46,71.4,14),(10360,'S18_3140',29,122.93,8),(10360,'S18_3259',29,94.79,18),(10360,'S18_3856',40,101.64,15),(10360,'S18_4522',40,76.36,1),(10360,'S24_1785',22,106.14,17),(10360,'S24_2011',31,100.77,2),(10360,'S24_2841',49,55.49,16),(10360,'S24_3151',36,70.81,3),(10360,'S24_3816',22,78.83,4),(10360,'S700_1138',32,64.67,5),(10360,'S700_1938',26,86.61,6),(10360,'S700_2610',30,70.11,7),(10360,'S700_3505',35,83.14,9),(10360,'S700_3962',31,92.36,10),(10360,'S72_3212',31,54.05,11),(10361,'S10_1678',20,92.83,13),(10361,'S10_2016',26,114.18,8),(10361,'S24_3420',34,62.46,6),(10361,'S24_3949',26,61.42,7),(10361,'S24_4278',25,68.83,1),(10361,'S32_4289',49,56.41,2),(10361,'S50_1341',33,35.78,3),(10361,'S700_1691',20,88.6,4),(10361,'S700_2047',24,85.99,14),(10361,'S700_2466',26,91.74,9),(10361,'S700_2834',44,107.97,5),(10361,'S700_3167',44,76.8,10),(10361,'S700_4002',35,62.19,11),(10361,'S72_1253',23,47.67,12),(10362,'S10_4698',22,182.04,4),(10362,'S12_2823',22,131.04,1),(10362,'S18_2625',23,53.91,3),(10362,'S24_1578',50,91.29,2),(10363,'S12_1099',33,180.95,3),(10363,'S12_3380',34,106.87,4),(10363,'S12_3990',34,68.63,5),(10363,'S12_4675',46,103.64,6),(10363,'S18_1889',22,61.6,7),(10363,'S18_3278',46,69.15,10),(10363,'S18_3482',24,124.94,11),(10363,'S18_3782',32,52.22,12),(10363,'S18_4721',28,123.5,13),(10363,'S24_2000',21,70.08,8),(10363,'S24_2360',43,56.1,14),(10363,'S24_3371',21,52.05,15),(10363,'S24_3856',31,113.75,1),(10363,'S24_4620',43,75.99,9),(10363,'S32_1374',50,92.9,2),(10364,'S32_2206',48,38.22,1),(10365,'S18_1129',30,116.06,1),(10365,'S32_4485',22,82.66,3),(10365,'S50_4713',44,68.34,2),(10366,'S18_1984',34,116.65,3),(10366,'S18_2870',49,105.6,2),(10366,'S18_3232',34,154.1,1),(10367,'S18_1589',49,105.77,1),(10367,'S18_1749',37,144.5,3),(10367,'S18_2248',45,50.25,4),(10367,'S18_2325',27,124.59,5),(10367,'S18_2795',32,140.06,7),(10367,'S18_3685',46,131.39,6),(10367,'S18_4409',43,77.31,8),(10367,'S18_4933',44,66.99,9),(10367,'S24_1046',21,72.76,10),(10367,'S24_1628',38,50.31,11),(10367,'S24_1937',23,29.54,13),(10367,'S24_2022',28,43.01,12),(10367,'S24_2972',36,36.25,2),(10368,'S24_2766',40,73.6,2),(10368,'S24_2887',31,115.09,5),(10368,'S24_3191',46,83.04,1),(10368,'S24_3432',20,93.16,4),(10368,'S24_3969',46,36.52,3),(10369,'S10_1949',41,195.01,2),(10369,'S18_1342',44,89.38,8),(10369,'S18_1367',32,46.36,7),(10369,'S18_2949',42,100.3,1),(10369,'S18_2957',28,51.84,6),(10369,'S18_3136',21,90.06,5),(10369,'S18_3320',45,80.36,4),(10369,'S24_4258',40,93.49,3),(10370,'S10_4962',35,128.53,4),(10370,'S12_1666',49,128.47,8),(10370,'S18_1097',27,100.34,1),(10370,'S18_2319',22,101.87,5),(10370,'S18_2432',22,60.16,7),(10370,'S18_3232',27,167.65,9),(10370,'S18_4600',29,105.34,6),(10370,'S18_4668',20,41.76,2),(10370,'S32_3522',25,63.99,3),(10371,'S12_1108',32,178.71,6),(10371,'S12_4473',49,104.28,4),(10371,'S18_2238',25,160.46,7),(10371,'S24_1444',25,53.75,12),(10371,'S24_2300',20,126.51,5),(10371,'S24_2840',45,35.01,8),(10371,'S24_4048',28,95.81,9),(10371,'S32_1268',26,82.83,1),(10371,'S32_2509',20,44.37,2),(10371,'S32_3207',30,53.44,11),(10371,'S50_1392',48,97.23,10),(10371,'S700_2824',34,83.95,3),(10372,'S12_3148',40,146.55,4),(10372,'S12_3891',34,140.15,1),(10372,'S18_3140',28,131.13,3),(10372,'S18_3259',25,91.76,5),(10372,'S18_4027',48,119.2,6),(10372,'S18_4522',41,78.99,7),(10372,'S24_2011',37,102,8),(10372,'S50_1514',24,56.82,9),(10372,'S700_1938',44,74.48,2),(10373,'S10_4757',39,118.32,3),(10373,'S18_1662',28,143.5,4),(10373,'S18_3029',22,75.7,5),(10373,'S18_3856',50,99.52,6),(10373,'S24_2841',38,58.92,7),(10373,'S24_3151',33,82.31,12),(10373,'S24_3420',46,53.92,11),(10373,'S24_3816',23,83.86,10),(10373,'S24_3949',39,62.1,13),(10373,'S700_1138',44,58,14),(10373,'S700_2047',32,76.94,15),(10373,'S700_2610',41,69.39,16),(10373,'S700_3505',34,94.16,2),(10373,'S700_3962',37,83.42,8),(10373,'S700_4002',45,68.11,17),(10373,'S72_1253',25,44.2,9),(10373,'S72_3212',29,48.05,1),(10374,'S10_2016',39,115.37,5),(10374,'S10_4698',22,158.8,1),(10374,'S18_2581',42,75.19,2),(10374,'S18_2625',22,48.46,4),(10374,'S24_1578',38,112.7,6),(10374,'S24_1785',46,107.23,3),(10375,'S10_1678',21,76.56,12),(10375,'S12_1099',45,184.84,7),(10375,'S12_2823',49,150.62,13),(10375,'S24_2000',23,67.03,9),(10375,'S24_2360',20,60.26,14),(10375,'S24_4278',43,60.13,2),(10375,'S32_1374',37,87.9,3),(10375,'S32_4289',44,59.85,4),(10375,'S32_4485',41,96.95,15),(10375,'S50_1341',49,36.22,5),(10375,'S50_4713',49,69.16,8),(10375,'S700_1691',37,86.77,6),(10375,'S700_2466',33,94.73,1),(10375,'S700_2834',25,98.48,10),(10375,'S700_3167',44,69.6,11),(10376,'S12_3380',35,98.65,1),(10377,'S12_3990',24,65.44,5),(10377,'S12_4675',50,112.86,1),(10377,'S18_1129',35,124.56,2),(10377,'S18_1889',31,61.6,4),(10377,'S18_1984',36,125.18,6),(10377,'S18_3232',39,143.94,3),(10378,'S18_1589',34,121.95,5),(10378,'S18_3278',22,66.74,4),(10378,'S18_3482',43,146.99,10),(10378,'S18_3782',28,60.3,9),(10378,'S18_4721',49,122.02,8),(10378,'S24_2972',41,30.59,7),(10378,'S24_3371',46,52.66,6),(10378,'S24_3856',33,129.2,3),(10378,'S24_4620',41,80.84,2),(10378,'S32_2206',40,35.8,1),(10379,'S18_1749',39,156.4,2),(10379,'S18_2248',27,50.85,1),(10379,'S18_2870',29,113.52,5),(10379,'S18_3685',32,134.22,4),(10379,'S24_1628',32,48.8,3),(10380,'S18_1342',27,88.36,13),(10380,'S18_2325',40,119.5,10),(10380,'S18_2795',21,156.94,8),(10380,'S18_4409',32,78.23,1),(10380,'S18_4933',24,66.99,2),(10380,'S24_1046',34,66.88,3),(10380,'S24_1937',32,29.87,4),(10380,'S24_2022',27,37.63,5),(10380,'S24_2766',36,77.24,6),(10380,'S24_2887',44,111.57,7),(10380,'S24_3191',44,77.05,9),(10380,'S24_3432',34,91.02,11),(10380,'S24_3969',43,32.82,12),(10381,'S10_1949',36,182.16,3),(10381,'S10_4962',37,138.88,6),(10381,'S12_1666',20,132.57,1),(10381,'S18_1097',48,114.34,2),(10381,'S18_1367',25,49.6,9),(10381,'S18_2432',35,60.77,7),(10381,'S18_2949',41,100.3,8),(10381,'S18_2957',40,51.22,4),(10381,'S18_3136',35,93.2,5),(10382,'S12_1108',34,166.24,10),(10382,'S12_3148',37,145.04,11),(10382,'S12_3891',34,143.61,12),(10382,'S12_4473',32,103.1,13),(10382,'S18_2238',25,160.46,5),(10382,'S18_3320',50,84.33,7),(10382,'S18_4600',39,115.03,1),(10382,'S18_4668',39,46.29,2),(10382,'S24_2300',20,120.12,3),(10382,'S24_4258',33,97.39,4),(10382,'S32_1268',26,85.72,6),(10382,'S32_3522',48,57.53,8),(10382,'S700_2824',34,101.15,9),(10383,'S18_2319',27,119.05,11),(10383,'S18_3140',24,125.66,9),(10383,'S18_3232',47,155.79,6),(10383,'S18_3259',26,83.7,12),(10383,'S18_4027',38,137.88,1),(10383,'S18_4522',28,77.24,7),(10383,'S24_1444',22,52.6,2),(10383,'S24_2840',40,33.24,3),(10383,'S24_4048',21,117.1,4),(10383,'S32_2509',32,53.57,5),(10383,'S32_3207',44,55.93,8),(10383,'S50_1392',29,94.92,13),(10383,'S50_1514',38,48.62,10),(10384,'S10_4757',34,129.2,4),(10384,'S24_2011',28,114.29,3),(10384,'S24_3151',43,71.69,2),(10384,'S700_1938',49,71.02,1),(10385,'S24_3816',37,78.83,2),(10385,'S700_1138',25,62,1),(10386,'S18_1662',25,130.88,7),(10386,'S18_2581',21,72.65,18),(10386,'S18_3029',37,73.12,5),(10386,'S18_3856',22,100.58,6),(10386,'S24_1785',33,101.76,11),(10386,'S24_2841',39,56.86,1),(10386,'S24_3420',35,54.57,9),(10386,'S24_3949',41,55.96,12),(10386,'S24_4278',50,71.73,8),(10386,'S700_2047',29,85.09,13),(10386,'S700_2466',37,90.75,14),(10386,'S700_2610',37,67.22,10),(10386,'S700_3167',32,68,17),(10386,'S700_3505',45,83.14,2),(10386,'S700_3962',30,80.44,3),(10386,'S700_4002',44,59.22,15),(10386,'S72_1253',50,47.67,16),(10386,'S72_3212',43,52.42,4),(10387,'S32_1374',44,79.91,1),(10388,'S10_1678',42,80.39,4),(10388,'S10_2016',50,118.94,5),(10388,'S10_4698',21,156.86,7),(10388,'S12_2823',44,125.01,6),(10388,'S32_4289',35,58.47,8),(10388,'S50_1341',27,41.02,1),(10388,'S700_1691',46,74.9,2),(10388,'S700_2834',50,111.53,3),(10389,'S12_1099',26,182.9,4),(10389,'S12_3380',25,95.13,6),(10389,'S12_3990',36,76.61,7),(10389,'S12_4675',47,102.49,8),(10389,'S18_1889',49,63.91,3),(10389,'S18_2625',39,52.09,5),(10389,'S24_1578',45,112.7,1),(10389,'S24_2000',49,61.7,2),(10390,'S18_1129',36,117.48,14),(10390,'S18_1984',34,132.29,15),(10390,'S18_2325',31,102.98,16),(10390,'S18_2795',26,162,7),(10390,'S18_3278',40,75.59,9),(10390,'S18_3482',50,135.23,1),(10390,'S18_3782',36,54.09,2),(10390,'S18_4721',49,122.02,3),(10390,'S24_2360',35,67.87,4),(10390,'S24_2972',37,35.87,5),(10390,'S24_3371',46,51.43,6),(10390,'S24_3856',45,134.81,8),(10390,'S24_4620',30,66.29,10),(10390,'S32_2206',41,39.02,11),(10390,'S32_4485',45,101.03,12),(10390,'S50_4713',22,81.36,13),(10391,'S10_1949',24,195.01,4),(10391,'S10_4962',37,121.15,7),(10391,'S12_1666',39,110.7,9),(10391,'S18_1097',29,114.34,10),(10391,'S18_1342',35,102.74,2),(10391,'S18_1367',42,47.44,3),(10391,'S18_2432',44,57.73,5),(10391,'S18_2949',32,99.28,6),(10391,'S24_1937',33,26.55,8),(10391,'S24_2022',24,36.29,1),(10392,'S18_2957',37,61.21,3),(10392,'S18_3136',29,103.67,2),(10392,'S18_3320',36,98.22,1),(10393,'S12_3148',35,145.04,8),(10393,'S12_4473',32,99.54,10),(10393,'S18_2238',20,137.53,11),(10393,'S18_2319',38,104.32,7),(10393,'S18_4600',30,106.55,9),(10393,'S18_4668',44,41.76,1),(10393,'S24_2300',33,112.46,2),(10393,'S24_4258',33,88.62,3),(10393,'S32_1268',38,84.75,4),(10393,'S32_3522',31,63.35,5),(10393,'S700_2824',21,83.95,6),(10394,'S18_3232',22,135.47,5),(10394,'S18_4027',37,124.95,1),(10394,'S24_1444',31,53.18,2),(10394,'S24_2840',46,35.36,6),(10394,'S24_4048',37,104.09,7),(10394,'S32_2509',36,47.08,3),(10394,'S32_3207',30,55.93,4),(10395,'S10_4757',32,125.12,2),(10395,'S12_1108',33,205.72,1),(10395,'S50_1392',46,98.39,4),(10395,'S50_1514',45,57.99,3),(10396,'S12_3891',33,155.72,3),(10396,'S18_3140',33,129.76,2),(10396,'S18_3259',24,91.76,4),(10396,'S18_4522',45,83.38,5),(10396,'S24_2011',49,100.77,6),(10396,'S24_3151',27,77,7),(10396,'S24_3816',37,77.99,8),(10396,'S700_1138',39,62,1),(10397,'S700_1938',32,69.29,5),(10397,'S700_2610',22,62.88,4),(10397,'S700_3505',48,86.15,3),(10397,'S700_3962',36,80.44,2),(10397,'S72_3212',34,52.96,1),(10398,'S18_1662',33,130.88,11),(10398,'S18_2581',34,82.79,15),(10398,'S18_3029',28,70.54,18),(10398,'S18_3856',45,92.11,17),(10398,'S24_1785',43,100.67,16),(10398,'S24_2841',28,60.29,3),(10398,'S24_3420',34,61.15,13),(10398,'S24_3949',41,56.64,2),(10398,'S24_4278',45,65.93,14),(10398,'S32_4289',22,60.54,4),(10398,'S50_1341',49,38.84,5),(10398,'S700_1691',47,78.55,6),(10398,'S700_2047',36,75.13,7),(10398,'S700_2466',22,98.72,8),(10398,'S700_2834',23,102.04,9),(10398,'S700_3167',29,76.8,10),(10398,'S700_4002',36,62.19,12),(10398,'S72_1253',34,41.22,1),(10399,'S10_1678',40,77.52,8),(10399,'S10_2016',51,99.91,7),(10399,'S10_4698',22,156.86,6),(10399,'S12_2823',29,123.51,5),(10399,'S18_2625',30,51.48,4),(10399,'S24_1578',57,104.81,3),(10399,'S24_2000',58,75.41,2),(10399,'S32_1374',32,97.89,1),(10400,'S10_4757',64,134.64,9),(10400,'S18_1662',34,129.31,1),(10400,'S18_3029',30,74.84,7),(10400,'S18_3856',58,88.93,6),(10400,'S24_2841',24,55.49,2),(10400,'S24_3420',38,59.18,3),(10400,'S24_3816',42,74.64,8),(10400,'S700_2047',46,82.37,5),(10400,'S72_1253',20,41.71,4),(10401,'S18_2581',42,75.19,3),(10401,'S24_1785',38,87.54,5),(10401,'S24_3949',64,59.37,12),(10401,'S24_4278',52,65.93,4),(10401,'S32_1374',49,81.91,1),(10401,'S32_4289',62,62.6,6),(10401,'S50_1341',56,41.46,7),(10401,'S700_1691',11,77.64,8),(10401,'S700_2466',85,98.72,10),(10401,'S700_2834',21,96.11,2),(10401,'S700_3167',77,73.6,9),(10401,'S700_4002',40,66.63,11),(10402,'S10_2016',45,118.94,1),(10402,'S18_2625',55,58.15,2),(10402,'S24_2000',59,61.7,3),(10403,'S10_1678',24,85.17,7),(10403,'S10_4698',66,174.29,9),(10403,'S12_2823',66,122,6),(10403,'S18_3782',36,55.33,1),(10403,'S24_1578',46,109.32,8),(10403,'S24_2360',27,57.49,4),(10403,'S32_2206',30,35.8,2),(10403,'S32_4485',45,88.78,5),(10403,'S50_4713',31,65.09,3),(10404,'S12_1099',64,163.44,3),(10404,'S12_3380',43,102.17,1),(10404,'S12_3990',77,67.03,4),(10404,'S18_3278',90,67.54,6),(10404,'S18_3482',28,127.88,5),(10404,'S18_4721',48,124.99,8),(10404,'S24_3371',49,53.27,2),(10404,'S24_4620',48,65.48,7),(10405,'S12_4675',97,115.16,5),(10405,'S18_1889',61,72.38,4),(10405,'S18_3232',55,147.33,1),(10405,'S24_2972',47,37.38,2),(10405,'S24_3856',76,127.79,3),(10406,'S18_1129',61,124.56,3),(10406,'S18_1984',48,133.72,2),(10406,'S18_3685',65,117.26,1),(10407,'S18_1589',59,114.48,11),(10407,'S18_1749',76,141.1,2),(10407,'S18_2248',42,58.12,1),(10407,'S18_2870',41,132,12),(10407,'S18_4409',6,91.11,3),(10407,'S18_4933',66,64.14,4),(10407,'S24_1046',26,68.35,8),(10407,'S24_1628',64,45.78,10),(10407,'S24_2766',76,81.78,6),(10407,'S24_2887',59,98.65,5),(10407,'S24_3191',13,77.05,7),(10407,'S24_3432',43,101.73,9),(10408,'S24_3969',15,41.03,1),(10409,'S18_2325',6,104.25,2),(10409,'S24_1937',61,27.88,1),(10410,'S18_1342',65,99.66,7),(10410,'S18_1367',44,51.21,6),(10410,'S18_2795',56,145.13,8),(10410,'S18_2949',47,93.21,1),(10410,'S18_2957',53,49.97,3),(10410,'S18_3136',34,84.82,2),(10410,'S18_3320',44,81.35,5),(10410,'S24_2022',31,42.56,9),(10410,'S24_4258',50,95.44,4),(10411,'S10_1949',23,205.73,9),(10411,'S10_4962',27,144.79,2),(10411,'S12_1666',40,110.7,6),(10411,'S18_1097',27,109.67,8),(10411,'S18_4600',46,106.55,3),(10411,'S18_4668',35,41.25,7),(10411,'S32_1268',26,78.01,1),(10411,'S32_3522',27,60.76,5),(10411,'S700_2824',34,89.01,4),(10412,'S12_4473',54,100.73,5),(10412,'S18_2238',41,150.63,4),(10412,'S18_2319',56,120.28,8),(10412,'S18_2432',47,49.83,11),(10412,'S18_3232',60,157.49,9),(10412,'S24_1444',21,47.4,2),(10412,'S24_2300',70,109.9,10),(10412,'S24_2840',30,32.88,6),(10412,'S24_4048',31,108.82,1),(10412,'S32_2509',19,50.86,7),(10412,'S50_1392',26,105.33,3),(10413,'S12_1108',36,201.57,2),(10413,'S12_3148',47,145.04,3),(10413,'S12_3891',22,173.02,1),(10413,'S18_4027',49,133.57,5),(10413,'S32_3207',24,56.55,6),(10413,'S50_1514',51,53.31,4),(10414,'S10_4757',49,114.24,3),(10414,'S18_3029',44,77.42,1),(10414,'S18_3140',41,128.39,12),(10414,'S18_3259',48,85.71,14),(10414,'S18_4522',56,83.38,11),(10414,'S24_2011',43,108.14,10),(10414,'S24_3151',60,72.58,5),(10414,'S24_3816',51,72.96,2),(10414,'S700_1138',37,62,6),(10414,'S700_1938',34,74.48,13),(10414,'S700_2610',31,61.44,4),(10414,'S700_3505',28,84.14,7),(10414,'S700_3962',40,84.41,8),(10414,'S72_3212',47,54.6,9),(10415,'S18_3856',51,86.81,5),(10415,'S24_2841',21,60.97,1),(10415,'S24_3420',18,59.83,2),(10415,'S700_2047',32,73.32,4),(10415,'S72_1253',42,43.2,3),(10416,'S18_1662',24,129.31,14),(10416,'S18_2581',15,70.96,4),(10416,'S24_1785',47,90.82,6),(10416,'S24_2000',32,62.46,1),(10416,'S24_3949',18,64.83,13),(10416,'S24_4278',48,70.28,5),(10416,'S32_1374',45,86.9,2),(10416,'S32_4289',26,68.1,7),(10416,'S50_1341',37,39.71,8),(10416,'S700_1691',23,88.6,9),(10416,'S700_2466',22,84.76,11),(10416,'S700_2834',41,98.48,3),(10416,'S700_3167',39,65.6,10),(10416,'S700_4002',43,63.67,12),(10417,'S10_1678',66,79.43,2),(10417,'S10_2016',45,116.56,5),(10417,'S10_4698',56,162.67,4),(10417,'S12_2823',21,144.6,1),(10417,'S18_2625',36,58.75,6),(10417,'S24_1578',35,109.32,3),(10418,'S18_3278',16,70.76,2),(10418,'S18_3482',27,139.64,1),(10418,'S18_3782',33,56.57,5),(10418,'S18_4721',28,120.53,4),(10418,'S24_2360',52,64.41,8),(10418,'S24_4620',10,66.29,3),(10418,'S32_2206',43,36.61,6),(10418,'S32_4485',50,100.01,9),(10418,'S50_4713',40,72.41,7),(10419,'S12_1099',12,182.9,13),(10419,'S12_3380',10,111.57,11),(10419,'S12_3990',34,64.64,14),(10419,'S12_4675',32,99.04,10),(10419,'S18_1129',38,117.48,5),(10419,'S18_1589',37,100.8,1),(10419,'S18_1889',39,67.76,9),(10419,'S18_1984',34,133.72,4),(10419,'S18_2870',55,116.16,2),(10419,'S18_3232',35,165.95,6),(10419,'S18_3685',43,114.44,3),(10419,'S24_2972',15,32.1,7),(10419,'S24_3371',55,52.66,12),(10419,'S24_3856',70,112.34,8),(10420,'S18_1749',37,153,5),(10420,'S18_2248',36,52.06,4),(10420,'S18_2325',45,116.96,2),(10420,'S18_4409',66,73.62,6),(10420,'S18_4933',36,68.42,7),(10420,'S24_1046',60,60.26,11),(10420,'S24_1628',37,48.8,13),(10420,'S24_1937',45,32.19,1),(10420,'S24_2766',39,76.33,9),(10420,'S24_2887',55,115.09,8),(10420,'S24_3191',35,77.05,10),(10420,'S24_3432',26,104.94,12),(10420,'S24_3969',15,35.29,3),(10421,'S18_2795',35,167.06,1),(10421,'S24_2022',40,44.8,2),(10422,'S18_1342',51,91.44,2),(10422,'S18_1367',25,47.44,1),(10423,'S18_2949',10,89.15,1),(10423,'S18_2957',31,56.21,3),(10423,'S18_3136',21,98.44,2),(10423,'S18_3320',21,80.36,5),(10423,'S24_4258',28,78.89,4),(10424,'S10_1949',50,201.44,6),(10424,'S12_1666',49,121.64,3),(10424,'S18_1097',54,108.5,5),(10424,'S18_4668',26,40.25,4),(10424,'S32_3522',44,54.94,2),(10424,'S700_2824',46,85.98,1),(10425,'S10_4962',38,131.49,12),(10425,'S12_4473',33,95.99,4),(10425,'S18_2238',28,147.36,3),(10425,'S18_2319',38,117.82,7),(10425,'S18_2432',19,48.62,10),(10425,'S18_3232',28,140.55,8),(10425,'S18_4600',38,107.76,13),(10425,'S24_1444',55,53.75,1),(10425,'S24_2300',49,127.79,9),(10425,'S24_2840',31,31.82,5),(10425,'S32_1268',41,83.79,11),(10425,'S32_2509',11,50.32,6),(10425,'S50_1392',18,94.92,2);
/*!40000 ALTER TABLE `orderdetails` ENABLE KEYS */;
UNLOCK TABLES;


LOCK TABLES `orders` WRITE;
/*!40000 ALTER TABLE `orders` DISABLE KEYS */;
INSERT INTO `orders` (`orderNumber`, `orderDate`, `requiredDate`, `shippedDate`, `status`, `comments`, `customerNumber`) VALUES (10100,'2003-01-06','2003-01-13','2003-01-10','Shipped',NULL,363),(10101,'2003-01-09','2003-01-18','2003-01-11','Shipped','Check on availability.',128),(10102,'2003-01-10','2003-01-18','2003-01-14','Shipped',NULL,181),(10103,'2003-01-29','2003-02-07','2003-02-02','Shipped',NULL,121),(10104,'2003-01-31','2003-02-09','2003-02-01','Shipped',NULL,141),(10105,'2003-02-11','2003-02-21','2003-02-12','Shipped',NULL,145),(10106,'2003-02-17','2003-02-24','2003-02-21','Shipped',NULL,278),(10107,'2003-02-24','2003-03-03','2003-02-26','Shipped','Difficult to negotiate with customer. We need more marketing materials',131),(10108,'2003-03-03','2003-03-12','2003-03-08','Shipped',NULL,385),(10109,'2003-03-10','2003-03-19','2003-03-11','Shipped','Customer requested that FedEx Ground is used for this shipping',486),(10110,'2003-03-18','2003-03-24','2003-03-20','Shipped',NULL,187),(10111,'2003-03-25','2003-03-31','2003-03-30','Shipped',NULL,129),(10112,'2003-03-24','2003-04-03','2003-03-29','Shipped','Customer requested that ad materials (such as posters, pamphlets) be included in the shippment',144),(10113,'2003-03-26','2003-04-02','2003-03-27','Shipped',NULL,124),(10114,'2003-04-01','2003-04-07','2003-04-02','Shipped',NULL,172),(10115,'2003-04-04','2003-04-12','2003-04-07','Shipped',NULL,424),(10116,'2003-04-11','2003-04-19','2003-04-13','Shipped',NULL,381),(10117,'2003-04-16','2003-04-24','2003-04-17','Shipped',NULL,148),(10118,'2003-04-21','2003-04-29','2003-04-26','Shipped','Customer has worked with some of our vendors in the past and is aware of their MSRP',216),(10119,'2003-04-28','2003-05-05','2003-05-02','Shipped',NULL,382),(10120,'2003-04-29','2003-05-08','2003-05-01','Shipped',NULL,114),(10121,'2003-05-07','2003-05-13','2003-05-13','Shipped',NULL,353),(10122,'2003-05-08','2003-05-16','2003-05-13','Shipped',NULL,350),(10123,'2003-05-20','2003-05-29','2003-05-22','Shipped',NULL,103),(10124,'2003-05-21','2003-05-29','2003-05-25','Shipped','Customer very concerned about the exact color of the models. There is high risk that he may dispute the order because there is a slight color mismatch',112),(10125,'2003-05-21','2003-05-27','2003-05-24','Shipped',NULL,114),(10126,'2003-05-28','2003-06-07','2003-06-02','Shipped',NULL,458),(10127,'2003-06-03','2003-06-09','2003-06-06','Shipped','Customer requested special shippment. The instructions were passed along to the warehouse',151),(10128,'2003-06-06','2003-06-12','2003-06-11','Shipped',NULL,141),(10129,'2003-06-12','2003-06-18','2003-06-14','Shipped',NULL,324),(10130,'2003-06-16','2003-06-24','2003-06-21','Shipped',NULL,198),(10131,'2003-06-16','2003-06-25','2003-06-21','Shipped',NULL,447),(10132,'2003-06-25','2003-07-01','2003-06-28','Shipped',NULL,323),(10133,'2003-06-27','2003-07-04','2003-07-03','Shipped',NULL,141),(10134,'2003-07-01','2003-07-10','2003-07-05','Shipped',NULL,250),(10135,'2003-07-02','2003-07-12','2003-07-03','Shipped',NULL,124),(10136,'2003-07-04','2003-07-14','2003-07-06','Shipped','Customer is interested in buying more Ferrari models',242),(10137,'2003-07-10','2003-07-20','2003-07-14','Shipped',NULL,353),(10138,'2003-07-07','2003-07-16','2003-07-13','Shipped',NULL,496),(10139,'2003-07-16','2003-07-23','2003-07-21','Shipped',NULL,282),(10140,'2003-07-24','2003-08-02','2003-07-30','Shipped',NULL,161),(10141,'2003-08-01','2003-08-09','2003-08-04','Shipped',NULL,334),(10142,'2003-08-08','2003-08-16','2003-08-13','Shipped',NULL,124),(10143,'2003-08-10','2003-08-18','2003-08-12','Shipped','Can we deliver the new Ford Mustang models by end-of-quarter?',320),(10144,'2003-08-13','2003-08-21','2003-08-14','Shipped',NULL,381),(10145,'2003-08-25','2003-09-02','2003-08-31','Shipped',NULL,205),(10146,'2003-09-03','2003-09-13','2003-09-06','Shipped',NULL,447),(10147,'2003-09-05','2003-09-12','2003-09-09','Shipped',NULL,379),(10148,'2003-09-11','2003-09-21','2003-09-15','Shipped','They want to reevaluate their terms agreement with Finance.',276),(10149,'2003-09-12','2003-09-18','2003-09-17','Shipped',NULL,487),(10150,'2003-09-19','2003-09-27','2003-09-21','Shipped','They want to reevaluate their terms agreement with Finance.',148),(10151,'2003-09-21','2003-09-30','2003-09-24','Shipped',NULL,311),(10152,'2003-09-25','2003-10-03','2003-10-01','Shipped',NULL,333),(10153,'2003-09-28','2003-10-05','2003-10-03','Shipped',NULL,141),(10154,'2003-10-02','2003-10-12','2003-10-08','Shipped',NULL,219),(10155,'2003-10-06','2003-10-13','2003-10-07','Shipped',NULL,186),(10156,'2003-10-08','2003-10-17','2003-10-11','Shipped',NULL,141),(10157,'2003-10-09','2003-10-15','2003-10-14','Shipped',NULL,473),(10158,'2003-10-10','2003-10-18','2003-10-15','Shipped',NULL,121),(10159,'2003-10-10','2003-10-19','2003-10-16','Shipped',NULL,321),(10160,'2003-10-11','2003-10-17','2003-10-17','Shipped',NULL,347),(10161,'2003-10-17','2003-10-25','2003-10-20','Shipped',NULL,227),(10162,'2003-10-18','2003-10-26','2003-10-19','Shipped',NULL,321),(10163,'2003-10-20','2003-10-27','2003-10-24','Shipped',NULL,424),(10164,'2003-10-21','2003-10-30','2003-10-23','Resolved','This order was disputed, but resolved on 11/1/2003, Customer doesn\'t like the colors and precision of the models.',452),(10165,'2003-10-22','2003-10-31','2003-12-26','Shipped','This order was on hold because customers\'s credit limit had been exceeded. Order will ship when payment is received',148),(10166,'2003-10-21','2003-10-30','2003-10-27','Shipped',NULL,462),(10167,'2003-10-23','2003-10-30',NULL,'Cancelled','Customer called to cancel. The warehouse was notified in time and the order didn\'t ship. They have a new VP of Sales and are shifting their sales model. Our VP of Sales should contact them.',448),(10168,'2003-10-28','2003-11-03','2003-11-01','Shipped',NULL,161),(10169,'2003-11-04','2003-11-14','2003-11-09','Shipped',NULL,276),(10170,'2003-11-04','2003-11-12','2003-11-07','Shipped',NULL,452),(10171,'2003-11-05','2003-11-13','2003-11-07','Shipped',NULL,233),(10172,'2003-11-05','2003-11-14','2003-11-11','Shipped',NULL,175),(10173,'2003-11-05','2003-11-15','2003-11-09','Shipped','Cautious optimism. We have happy customers here, if we can keep them well stocked.  I need all the information I can get on the planned shippments of Porches',278),(10174,'2003-11-06','2003-11-15','2003-11-10','Shipped',NULL,333),(10175,'2003-11-06','2003-11-14','2003-11-09','Shipped',NULL,324),(10176,'2003-11-06','2003-11-15','2003-11-12','Shipped',NULL,386),(10177,'2003-11-07','2003-11-17','2003-11-12','Shipped',NULL,344),(10178,'2003-11-08','2003-11-16','2003-11-10','Shipped','Custom shipping instructions sent to warehouse',242),(10179,'2003-11-11','2003-11-17','2003-11-13','Cancelled','Customer cancelled due to urgent budgeting issues. Must be cautious when dealing with them in the future. Since order shipped already we must discuss who would cover the shipping charges.',496),(10180,'2003-11-11','2003-11-19','2003-11-14','Shipped',NULL,171),(10181,'2003-11-12','2003-11-19','2003-11-15','Shipped',NULL,167),(10182,'2003-11-12','2003-11-21','2003-11-18','Shipped',NULL,124),(10183,'2003-11-13','2003-11-22','2003-11-15','Shipped','We need to keep in close contact with their Marketing VP. He is the decision maker for all their purchases.',339),(10184,'2003-11-14','2003-11-22','2003-11-20','Shipped',NULL,484),(10185,'2003-11-14','2003-11-21','2003-11-20','Shipped',NULL,320),(10186,'2003-11-14','2003-11-20','2003-11-18','Shipped','They want to reevaluate their terms agreement with the VP of Sales',489),(10187,'2003-11-15','2003-11-24','2003-11-16','Shipped',NULL,211),(10188,'2003-11-18','2003-11-26','2003-11-24','Shipped',NULL,167),(10189,'2003-11-18','2003-11-25','2003-11-24','Shipped','They want to reevaluate their terms agreement with Finance.',205),(10190,'2003-11-19','2003-11-29','2003-11-20','Shipped',NULL,141),(10191,'2003-11-20','2003-11-30','2003-11-24','Shipped','We must be cautions with this customer. Their VP of Sales resigned. Company may be heading down.',259),(10192,'2003-11-20','2003-11-29','2003-11-25','Shipped',NULL,363),(10193,'2003-11-21','2003-11-28','2003-11-27','Shipped',NULL,471),(10194,'2003-11-25','2003-12-02','2003-11-26','Shipped',NULL,146),(10195,'2003-11-25','2003-12-01','2003-11-28','Shipped',NULL,319),(10196,'2003-11-26','2003-12-03','2003-12-01','Shipped',NULL,455),(10197,'2003-11-26','2003-12-02','2003-12-01','Shipped','Customer inquired about remote controlled models and gold models.',216),(10198,'2003-11-27','2003-12-06','2003-12-03','Shipped',NULL,385),(10199,'2003-12-01','2003-12-10','2003-12-06','Shipped',NULL,475),(10200,'2003-12-01','2003-12-09','2003-12-06','Shipped',NULL,211),(10201,'2003-12-01','2003-12-11','2003-12-02','Shipped',NULL,129),(10202,'2003-12-02','2003-12-09','2003-12-06','Shipped',NULL,357),(10203,'2003-12-02','2003-12-11','2003-12-07','Shipped',NULL,141),(10204,'2003-12-02','2003-12-10','2003-12-04','Shipped',NULL,151),(10205,'2003-12-03','2003-12-09','2003-12-07','Shipped',' I need all the information I can get on our competitors.',141),(10206,'2003-12-05','2003-12-13','2003-12-08','Shipped','Can we renegotiate this one?',202),(10207,'2003-12-09','2003-12-17','2003-12-11','Shipped','Check on availability.',495),(10208,'2004-01-02','2004-01-11','2004-01-04','Shipped',NULL,146),(10209,'2004-01-09','2004-01-15','2004-01-12','Shipped',NULL,347),(10210,'2004-01-12','2004-01-22','2004-01-20','Shipped',NULL,177),(10211,'2004-01-15','2004-01-25','2004-01-18','Shipped',NULL,406),(10212,'2004-01-16','2004-01-24','2004-01-18','Shipped',NULL,141),(10213,'2004-01-22','2004-01-28','2004-01-27','Shipped','Difficult to negotiate with customer. We need more marketing materials',489),(10214,'2004-01-26','2004-02-04','2004-01-29','Shipped',NULL,458),(10215,'2004-01-29','2004-02-08','2004-02-01','Shipped','Customer requested that FedEx Ground is used for this shipping',475),(10216,'2004-02-02','2004-02-10','2004-02-04','Shipped',NULL,256),(10217,'2004-02-04','2004-02-14','2004-02-06','Shipped',NULL,166),(10218,'2004-02-09','2004-02-16','2004-02-11','Shipped','Customer requested that ad materials (such as posters, pamphlets) be included in the shippment',473),(10219,'2004-02-10','2004-02-17','2004-02-12','Shipped',NULL,487),(10220,'2004-02-12','2004-02-19','2004-02-16','Shipped',NULL,189),(10221,'2004-02-18','2004-02-26','2004-02-19','Shipped',NULL,314),(10222,'2004-02-19','2004-02-27','2004-02-20','Shipped',NULL,239),(10223,'2004-02-20','2004-02-29','2004-02-24','Shipped',NULL,114),(10224,'2004-02-21','2004-03-02','2004-02-26','Shipped','Customer has worked with some of our vendors in the past and is aware of their MSRP',171),(10225,'2004-02-22','2004-03-01','2004-02-24','Shipped',NULL,298),(10226,'2004-02-26','2004-03-06','2004-03-02','Shipped',NULL,239),(10227,'2004-03-02','2004-03-12','2004-03-08','Shipped',NULL,146),(10228,'2004-03-10','2004-03-18','2004-03-13','Shipped',NULL,173),(10229,'2004-03-11','2004-03-20','2004-03-12','Shipped',NULL,124),(10230,'2004-03-15','2004-03-24','2004-03-20','Shipped','Customer very concerned about the exact color of the models. There is high risk that he may dispute the order because there is a slight color mismatch',128),(10231,'2004-03-19','2004-03-26','2004-03-25','Shipped',NULL,344),(10232,'2004-03-20','2004-03-30','2004-03-25','Shipped',NULL,240),(10233,'2004-03-29','2004-04-04','2004-04-02','Shipped','Customer requested special shippment. The instructions were passed along to the warehouse',328),(10234,'2004-03-30','2004-04-05','2004-04-02','Shipped',NULL,412),(10235,'2004-04-02','2004-04-12','2004-04-06','Shipped',NULL,260),(10236,'2004-04-03','2004-04-11','2004-04-08','Shipped',NULL,486),(10237,'2004-04-05','2004-04-12','2004-04-10','Shipped',NULL,181),(10238,'2004-04-09','2004-04-16','2004-04-10','Shipped',NULL,145),(10239,'2004-04-12','2004-04-21','2004-04-17','Shipped',NULL,311),(10240,'2004-04-13','2004-04-20','2004-04-20','Shipped',NULL,177),(10241,'2004-04-13','2004-04-20','2004-04-19','Shipped',NULL,209),(10242,'2004-04-20','2004-04-28','2004-04-25','Shipped','Customer is interested in buying more Ferrari models',456),(10243,'2004-04-26','2004-05-03','2004-04-28','Shipped',NULL,495),(10244,'2004-04-29','2004-05-09','2004-05-04','Shipped',NULL,141),(10245,'2004-05-04','2004-05-12','2004-05-09','Shipped',NULL,455),(10246,'2004-05-05','2004-05-13','2004-05-06','Shipped',NULL,141),(10247,'2004-05-05','2004-05-11','2004-05-08','Shipped',NULL,334),(10248,'2004-05-07','2004-05-14',NULL,'Cancelled','Order was mistakenly placed. The warehouse noticed the lack of documentation.',131),(10249,'2004-05-08','2004-05-17','2004-05-11','Shipped','Can we deliver the new Ford Mustang models by end-of-quarter?',173),(10250,'2004-05-11','2004-05-19','2004-05-15','Shipped',NULL,450),(10251,'2004-05-18','2004-05-24','2004-05-24','Shipped',NULL,328),(10252,'2004-05-26','2004-06-04','2004-05-29','Shipped',NULL,406),(10253,'2004-06-01','2004-06-09','2004-06-02','Cancelled','Customer disputed the order and we agreed to cancel it. We must be more cautions with this customer going forward, since they are very hard to please. We must cover the shipping fees.',201),(10254,'2004-06-03','2004-06-13','2004-06-04','Shipped','Customer requested that DHL is used for this shipping',323),(10255,'2004-06-04','2004-06-12','2004-06-09','Shipped',NULL,209),(10256,'2004-06-08','2004-06-16','2004-06-10','Shipped',NULL,145),(10257,'2004-06-14','2004-06-24','2004-06-15','Shipped',NULL,450),(10258,'2004-06-15','2004-06-25','2004-06-23','Shipped',NULL,398),(10259,'2004-06-15','2004-06-22','2004-06-17','Shipped',NULL,166),(10260,'2004-06-16','2004-06-22',NULL,'Cancelled','Customer heard complaints from their customers and called to cancel this order. Will notify the Sales Manager.',357),(10261,'2004-06-17','2004-06-25','2004-06-22','Shipped',NULL,233),(10262,'2004-06-24','2004-07-01',NULL,'Cancelled','This customer found a better offer from one of our competitors. Will call back to renegotiate.',141),(10263,'2004-06-28','2004-07-04','2004-07-02','Shipped',NULL,175),(10264,'2004-06-30','2004-07-06','2004-07-01','Shipped','Customer will send a truck to our local warehouse on 7/1/2004',362),(10265,'2004-07-02','2004-07-09','2004-07-07','Shipped',NULL,471),(10266,'2004-07-06','2004-07-14','2004-07-10','Shipped',NULL,386),(10267,'2004-07-07','2004-07-17','2004-07-09','Shipped',NULL,151),(10268,'2004-07-12','2004-07-18','2004-07-14','Shipped',NULL,412),(10269,'2004-07-16','2004-07-22','2004-07-18','Shipped',NULL,382),(10270,'2004-07-19','2004-07-27','2004-07-24','Shipped','Can we renegotiate this one?',282),(10271,'2004-07-20','2004-07-29','2004-07-23','Shipped',NULL,124),(10272,'2004-07-20','2004-07-26','2004-07-22','Shipped',NULL,157),(10273,'2004-07-21','2004-07-28','2004-07-22','Shipped',NULL,314),(10274,'2004-07-21','2004-07-29','2004-07-22','Shipped',NULL,379),(10275,'2004-07-23','2004-08-02','2004-07-29','Shipped',NULL,119),(10276,'2004-08-02','2004-08-11','2004-08-08','Shipped',NULL,204),(10277,'2004-08-04','2004-08-12','2004-08-05','Shipped',NULL,148),(10278,'2004-08-06','2004-08-16','2004-08-09','Shipped',NULL,112),(10279,'2004-08-09','2004-08-19','2004-08-15','Shipped','Cautious optimism. We have happy customers here, if we can keep them well stocked.  I need all the information I can get on the planned shippments of Porches',141),(10280,'2004-08-17','2004-08-27','2004-08-19','Shipped',NULL,249),(10281,'2004-08-19','2004-08-28','2004-08-23','Shipped',NULL,157),(10282,'2004-08-20','2004-08-26','2004-08-22','Shipped',NULL,124),(10283,'2004-08-20','2004-08-30','2004-08-23','Shipped',NULL,260),(10284,'2004-08-21','2004-08-29','2004-08-26','Shipped','Custom shipping instructions sent to warehouse',299),(10285,'2004-08-27','2004-09-04','2004-08-31','Shipped',NULL,286),(10286,'2004-08-28','2004-09-06','2004-09-01','Shipped',NULL,172),(10287,'2004-08-30','2004-09-06','2004-09-01','Shipped',NULL,298),(10288,'2004-09-01','2004-09-11','2004-09-05','Shipped',NULL,166),(10289,'2004-09-03','2004-09-13','2004-09-04','Shipped','We need to keep in close contact with their Marketing VP. He is the decision maker for all their purchases.',167),(10290,'2004-09-07','2004-09-15','2004-09-13','Shipped',NULL,198),(10291,'2004-09-08','2004-09-17','2004-09-14','Shipped',NULL,448),(10292,'2004-09-08','2004-09-18','2004-09-11','Shipped','They want to reevaluate their terms agreement with Finance.',131),(10293,'2004-09-09','2004-09-18','2004-09-14','Shipped',NULL,249),(10294,'2004-09-10','2004-09-17','2004-09-14','Shipped',NULL,204),(10295,'2004-09-10','2004-09-17','2004-09-14','Shipped','They want to reevaluate their terms agreement with Finance.',362),(10296,'2004-09-15','2004-09-22','2004-09-16','Shipped',NULL,415),(10297,'2004-09-16','2004-09-22','2004-09-21','Shipped','We must be cautions with this customer. Their VP of Sales resigned. Company may be heading down.',189),(10298,'2004-09-27','2004-10-05','2004-10-01','Shipped',NULL,103),(10299,'2004-09-30','2004-10-10','2004-10-01','Shipped',NULL,186),(10300,'2003-10-04','2003-10-13','2003-10-09','Shipped',NULL,128),(10301,'2003-10-05','2003-10-15','2003-10-08','Shipped',NULL,299),(10302,'2003-10-06','2003-10-16','2003-10-07','Shipped',NULL,201),(10303,'2004-10-06','2004-10-14','2004-10-09','Shipped','Customer inquired about remote controlled models and gold models.',484),(10304,'2004-10-11','2004-10-20','2004-10-17','Shipped',NULL,256),(10305,'2004-10-13','2004-10-22','2004-10-15','Shipped','Check on availability.',286),(10306,'2004-10-14','2004-10-21','2004-10-17','Shipped',NULL,187),(10307,'2004-10-14','2004-10-23','2004-10-20','Shipped',NULL,339),(10308,'2004-10-15','2004-10-24','2004-10-20','Shipped','Customer requested that FedEx Ground is used for this shipping',319),(10309,'2004-10-15','2004-10-24','2004-10-18','Shipped',NULL,121),(10310,'2004-10-16','2004-10-24','2004-10-18','Shipped',NULL,259),(10311,'2004-10-16','2004-10-23','2004-10-20','Shipped','Difficult to negotiate with customer. We need more marketing materials',141),(10312,'2004-10-21','2004-10-27','2004-10-23','Shipped',NULL,124),(10313,'2004-10-22','2004-10-28','2004-10-25','Shipped','Customer requested that FedEx Ground is used for this shipping',202),(10314,'2004-10-22','2004-11-01','2004-10-23','Shipped',NULL,227),(10315,'2004-10-29','2004-11-08','2004-10-30','Shipped',NULL,119),(10316,'2004-11-01','2004-11-09','2004-11-07','Shipped','Customer requested that ad materials (such as posters, pamphlets) be included in the shippment',240),(10317,'2004-11-02','2004-11-12','2004-11-08','Shipped',NULL,161),(10318,'2004-11-02','2004-11-09','2004-11-07','Shipped',NULL,157),(10319,'2004-11-03','2004-11-11','2004-11-06','Shipped','Customer requested that DHL is used for this shipping',456),(10320,'2004-11-03','2004-11-13','2004-11-07','Shipped',NULL,144),(10321,'2004-11-04','2004-11-12','2004-11-07','Shipped',NULL,462),(10322,'2004-11-04','2004-11-12','2004-11-10','Shipped','Customer has worked with some of our vendors in the past and is aware of their MSRP',363),(10323,'2004-11-05','2004-11-12','2004-11-09','Shipped',NULL,128),(10324,'2004-11-05','2004-11-11','2004-11-08','Shipped',NULL,181),(10325,'2004-11-05','2004-11-13','2004-11-08','Shipped',NULL,121),(10326,'2004-11-09','2004-11-16','2004-11-10','Shipped',NULL,144),(10327,'2004-11-10','2004-11-19','2004-11-13','Resolved','Order was disputed and resolved on 12/1/04. The Sales Manager was involved. Customer claims the scales of the models don\'t match what was discussed.',145),(10328,'2004-11-12','2004-11-21','2004-11-18','Shipped','Customer very concerned about the exact color of the models. There is high risk that he may dispute the order because there is a slight color mismatch',278),(10329,'2004-11-15','2004-11-24','2004-11-16','Shipped',NULL,131),(10330,'2004-11-16','2004-11-25','2004-11-21','Shipped',NULL,385),(10331,'2004-11-17','2004-11-23','2004-11-23','Shipped','Customer requested special shippment. The instructions were passed along to the warehouse',486),(10332,'2004-11-17','2004-11-25','2004-11-18','Shipped',NULL,187),(10333,'2004-11-18','2004-11-27','2004-11-20','Shipped',NULL,129),(10334,'2004-11-19','2004-11-28',NULL,'On Hold','The outstaniding balance for this customer exceeds their credit limit. Order will be shipped when a payment is received.',144),(10335,'2004-11-19','2004-11-29','2004-11-23','Shipped',NULL,124),(10336,'2004-11-20','2004-11-26','2004-11-24','Shipped','Customer requested that DHL is used for this shipping',172),(10337,'2004-11-21','2004-11-30','2004-11-26','Shipped',NULL,424),(10338,'2004-11-22','2004-12-02','2004-11-27','Shipped',NULL,381),(10339,'2004-11-23','2004-11-30','2004-11-30','Shipped',NULL,398),(10340,'2004-11-24','2004-12-01','2004-11-25','Shipped','Customer is interested in buying more Ferrari models',216),(10341,'2004-11-24','2004-12-01','2004-11-29','Shipped',NULL,382),(10342,'2004-11-24','2004-12-01','2004-11-29','Shipped',NULL,114),(10343,'2004-11-24','2004-12-01','2004-11-26','Shipped',NULL,353),(10344,'2004-11-25','2004-12-02','2004-11-29','Shipped',NULL,350),(10345,'2004-11-25','2004-12-01','2004-11-26','Shipped',NULL,103),(10346,'2004-11-29','2004-12-05','2004-11-30','Shipped',NULL,112),(10347,'2004-11-29','2004-12-07','2004-11-30','Shipped','Can we deliver the new Ford Mustang models by end-of-quarter?',114),(10348,'2004-11-01','2004-11-08','2004-11-05','Shipped',NULL,458),(10349,'2004-12-01','2004-12-07','2004-12-03','Shipped',NULL,151),(10350,'2004-12-02','2004-12-08','2004-12-05','Shipped',NULL,141),(10351,'2004-12-03','2004-12-11','2004-12-07','Shipped',NULL,324),(10352,'2004-12-03','2004-12-12','2004-12-09','Shipped',NULL,198),(10353,'2004-12-04','2004-12-11','2004-12-05','Shipped',NULL,447),(10354,'2004-12-04','2004-12-10','2004-12-05','Shipped',NULL,323),(10355,'2004-12-07','2004-12-14','2004-12-13','Shipped',NULL,141),(10356,'2004-12-09','2004-12-15','2004-12-12','Shipped',NULL,250),(10357,'2004-12-10','2004-12-16','2004-12-14','Shipped',NULL,124),(10358,'2004-12-10','2004-12-16','2004-12-16','Shipped','Customer requested that DHL is used for this shipping',141),(10359,'2004-12-15','2004-12-23','2004-12-18','Shipped',NULL,353),(10360,'2004-12-16','2004-12-22','2004-12-18','Shipped',NULL,496),(10361,'2004-12-17','2004-12-24','2004-12-20','Shipped',NULL,282),(10362,'2005-01-05','2005-01-16','2005-01-10','Shipped',NULL,161),(10363,'2005-01-06','2005-01-12','2005-01-10','Shipped',NULL,334),(10364,'2005-01-06','2005-01-17','2005-01-09','Shipped',NULL,350),(10365,'2005-01-07','2005-01-18','2005-01-11','Shipped',NULL,320),(10366,'2005-01-10','2005-01-19','2005-01-12','Shipped',NULL,381),(10367,'2005-01-12','2005-01-21','2005-01-16','Resolved','This order was disputed and resolved on 2/1/2005. Customer claimed that container with shipment was damaged. FedEx\'s investigation proved this wrong.',205),(10368,'2005-01-19','2005-01-27','2005-01-24','Shipped','Can we renegotiate this one?',124),(10369,'2005-01-20','2005-01-28','2005-01-24','Shipped',NULL,379),(10370,'2005-01-20','2005-02-01','2005-01-25','Shipped',NULL,276),(10371,'2005-01-23','2005-02-03','2005-01-25','Shipped',NULL,124),(10372,'2005-01-26','2005-02-05','2005-01-28','Shipped',NULL,398),(10373,'2005-01-31','2005-02-08','2005-02-06','Shipped',NULL,311),(10374,'2005-02-02','2005-02-09','2005-02-03','Shipped',NULL,333),(10375,'2005-02-03','2005-02-10','2005-02-06','Shipped',NULL,119),(10376,'2005-02-08','2005-02-18','2005-02-13','Shipped',NULL,219),(10377,'2005-02-09','2005-02-21','2005-02-12','Shipped','Cautious optimism. We have happy customers here, if we can keep them well stocked.  I need all the information I can get on the planned shippments of Porches',186),(10378,'2005-02-10','2005-02-18','2005-02-11','Shipped',NULL,141),(10379,'2005-02-10','2005-02-18','2005-02-11','Shipped',NULL,141),(10380,'2005-02-16','2005-02-24','2005-02-18','Shipped',NULL,141),(10381,'2005-02-17','2005-02-25','2005-02-18','Shipped',NULL,321),(10382,'2005-02-17','2005-02-23','2005-02-18','Shipped','Custom shipping instructions sent to warehouse',124),(10383,'2005-02-22','2005-03-02','2005-02-25','Shipped',NULL,141),(10384,'2005-02-23','2005-03-06','2005-02-27','Shipped',NULL,321),(10385,'2005-02-28','2005-03-09','2005-03-01','Shipped',NULL,124),(10386,'2005-03-01','2005-03-09','2005-03-06','Resolved','Disputed then Resolved on 3/15/2005. Customer doesn\'t like the craftsmaship of the models.',141),(10387,'2005-03-02','2005-03-09','2005-03-06','Shipped','We need to keep in close contact with their Marketing VP. He is the decision maker for all their purchases.',148),(10388,'2005-03-03','2005-03-11','2005-03-09','Shipped',NULL,462),(10389,'2005-03-03','2005-03-09','2005-03-08','Shipped',NULL,448),(10390,'2005-03-04','2005-03-11','2005-03-07','Shipped','They want to reevaluate their terms agreement with Finance.',124),(10391,'2005-03-09','2005-03-20','2005-03-15','Shipped',NULL,276),(10392,'2005-03-10','2005-03-18','2005-03-12','Shipped',NULL,452),(10393,'2005-03-11','2005-03-22','2005-03-14','Shipped','They want to reevaluate their terms agreement with Finance.',323),(10394,'2005-03-15','2005-03-25','2005-03-19','Shipped',NULL,141),(10395,'2005-03-17','2005-03-24','2005-03-23','Shipped','We must be cautions with this customer. Their VP of Sales resigned. Company may be heading down.',250),(10396,'2005-03-23','2005-04-02','2005-03-28','Shipped',NULL,124),(10397,'2005-03-28','2005-04-09','2005-04-01','Shipped',NULL,242),(10398,'2005-03-30','2005-04-09','2005-03-31','Shipped',NULL,353),(10399,'2005-04-01','2005-04-12','2005-04-03','Shipped',NULL,496),(10400,'2005-04-01','2005-04-11','2005-04-04','Shipped','Customer requested that DHL is used for this shipping',450),(10401,'2005-04-03','2005-04-14',NULL,'On Hold','Customer credit limit exceeded. Will ship when a payment is received.',328),(10402,'2005-04-07','2005-04-14','2005-04-12','Shipped',NULL,406),(10403,'2005-04-08','2005-04-18','2005-04-11','Shipped',NULL,201),(10404,'2005-04-08','2005-04-14','2005-04-11','Shipped',NULL,323),(10405,'2005-04-14','2005-04-24','2005-04-20','Shipped',NULL,209),(10406,'2005-04-15','2005-04-25','2005-04-21','Disputed','Customer claims container with shipment was damaged during shipping and some items were missing. I am talking to FedEx about this.',145),(10407,'2005-04-22','2005-05-04',NULL,'On Hold','Customer credit limit exceeded. Will ship when a payment is received.',450),(10408,'2005-04-22','2005-04-29','2005-04-27','Shipped',NULL,398),(10409,'2005-04-23','2005-05-05','2005-04-24','Shipped',NULL,166),(10410,'2005-04-29','2005-05-10','2005-04-30','Shipped',NULL,357),(10411,'2005-05-01','2005-05-08','2005-05-06','Shipped',NULL,233),(10412,'2005-05-03','2005-05-13','2005-05-05','Shipped',NULL,141),(10413,'2005-05-05','2005-05-14','2005-05-09','Shipped','Customer requested that DHL is used for this shipping',175),(10414,'2005-05-06','2005-05-13',NULL,'On Hold','Customer credit limit exceeded. Will ship when a payment is received.',362),(10415,'2005-05-09','2005-05-20','2005-05-12','Disputed','Customer claims the scales of the models don\'t match what was discussed. I keep all the paperwork though to prove otherwise',471),(10416,'2005-05-10','2005-05-16','2005-05-14','Shipped',NULL,386),(10417,'2005-05-13','2005-05-19','2005-05-19','Disputed','Customer doesn\'t like the colors and precision of the models.',141),(10418,'2005-05-16','2005-05-24','2005-05-20','Shipped',NULL,412),(10419,'2005-05-17','2005-05-28','2005-05-19','Shipped',NULL,382),(10420,'2005-05-29','2005-06-07',NULL,'In Process',NULL,282),(10421,'2005-05-29','2005-06-06',NULL,'In Process','Custom shipping instructions were sent to warehouse',124),(10422,'2005-05-30','2005-06-11',NULL,'In Process',NULL,157),(10423,'2005-05-30','2005-06-05',NULL,'In Process',NULL,314),(10424,'2005-05-31','2005-06-08',NULL,'In Process',NULL,141),(10425,'2005-05-31','2005-06-07',NULL,'In Process',NULL,119);
/*!40000 ALTER TABLE `orders` ENABLE KEYS */;
UNLOCK TABLES;


LOCK TABLES `payments` WRITE;
/*!40000 ALTER TABLE `payments` DISABLE KEYS */;
INSERT INTO `payments` (`customerNumber`, `checkNumber`, `paymentDate`, `amount`) VALUES (103,'HQ336336','2004-10-19',6066.78),(103,'JM555205','2003-06-05',14571.44),(103,'OM314933','2004-12-18',1676.14),(112,'BO864823','2004-12-17',14191.12),(112,'HQ55022','2003-06-06',32641.98),(112,'ND748579','2004-08-20',33347.88),(114,'GG31455','2003-05-20',45864.03),(114,'MA765515','2004-12-15',82261.22),(114,'NP603840','2003-05-31',7565.08),(114,'NR27552','2004-03-10',44894.74),(119,'DB933704','2004-11-14',19501.82),(119,'LN373447','2004-08-08',47924.19),(119,'NG94694','2005-02-22',49523.67),(121,'DB889831','2003-02-16',50218.95),(121,'FD317790','2003-10-28',1491.38),(121,'KI831359','2004-11-04',17876.32),(121,'MA302151','2004-11-28',34638.14),(124,'AE215433','2005-03-05',101244.59),(124,'BG255406','2004-08-28',85410.87),(124,'CQ287967','2003-04-11',11044.3),(124,'ET64396','2005-04-16',83598.04),(124,'HI366474','2004-12-27',47142.7),(124,'HR86578','2004-11-02',55639.66),(124,'KI131716','2003-08-15',111654.4),(124,'LF217299','2004-03-26',43369.3),(124,'NT141748','2003-11-25',45084.38),(128,'DI925118','2003-01-28',10549.01),(128,'FA465482','2003-10-18',24101.81),(128,'FH668230','2004-03-24',33820.62),(128,'IP383901','2004-11-18',7466.32),(129,'DM826140','2004-12-08',26248.78),(129,'ID449593','2003-12-11',23923.93),(129,'PI42991','2003-04-09',16537.85),(131,'CL442705','2003-03-12',22292.62),(131,'MA724562','2004-12-02',50025.35),(131,'NB445135','2004-09-11',35321.97),(141,'AU364101','2003-07-19',36251.03),(141,'DB583216','2004-11-01',36140.38),(141,'DL460618','2005-05-19',46895.48),(141,'HJ32686','2004-01-30',59830.55),(141,'ID10962','2004-12-31',116208.4),(141,'IN446258','2005-03-25',65071.26),(141,'JE105477','2005-03-18',120166.58),(141,'JN355280','2003-10-26',49539.37),(141,'JN722010','2003-02-25',40206.2),(141,'KT52578','2003-12-09',63843.55),(141,'MC46946','2004-07-09',35420.74),(141,'MF629602','2004-08-16',20009.53),(141,'NU627706','2004-05-17',26155.91),(144,'IR846303','2004-12-12',36005.71),(144,'LA685678','2003-04-09',7674.94),(145,'CN328545','2004-07-03',4710.73),(145,'ED39322','2004-04-26',28211.7),(145,'HR182688','2004-12-01',20564.86),(145,'JJ246391','2003-02-20',53959.21),(146,'FP549817','2004-03-18',40978.53),(146,'FU793410','2004-01-16',49614.72),(146,'LJ160635','2003-12-10',39712.1),(148,'BI507030','2003-04-22',44380.15),(148,'DD635282','2004-08-11',2611.84),(148,'KM172879','2003-12-26',105743),(148,'ME497970','2005-03-27',3516.04),(151,'BF686658','2003-12-22',58793.53),(151,'GB852215','2004-07-26',20314.44),(151,'IP568906','2003-06-18',58841.35),(151,'KI884577','2004-12-14',39964.63),(157,'HI618861','2004-11-19',35152.12),(157,'NN711988','2004-09-07',63357.13),(161,'BR352384','2004-11-14',2434.25),(161,'BR478494','2003-11-18',50743.65),(161,'KG644125','2005-02-02',12692.19),(161,'NI908214','2003-08-05',38675.13),(166,'BQ327613','2004-09-16',38785.48),(166,'DC979307','2004-07-07',44160.92),(166,'LA318629','2004-02-28',22474.17),(167,'ED743615','2004-09-19',12538.01),(167,'GN228846','2003-12-03',85024.46),(171,'GB878038','2004-03-15',18997.89),(171,'IL104425','2003-11-22',42783.81),(172,'AD832091','2004-09-09',1960.8),(172,'CE51751','2004-12-04',51209.58),(172,'EH208589','2003-04-20',33383.14),(173,'GP545698','2004-05-13',11843.45),(173,'IG462397','2004-03-29',20355.24),(175,'CITI3434344','2005-05-19',28500.78),(175,'IO448913','2003-11-19',24879.08),(175,'PI15215','2004-07-10',42044.77),(177,'AU750837','2004-04-17',15183.63),(177,'CI381435','2004-01-19',47177.59),(181,'CM564612','2004-04-25',22602.36),(181,'GQ132144','2003-01-30',5494.78),(181,'OH367219','2004-11-16',44400.5),(186,'AE192287','2005-03-10',23602.9),(186,'AK412714','2003-10-27',37602.48),(186,'KA602407','2004-10-21',34341.08),(187,'AM968797','2004-11-03',52825.29),(187,'BQ39062','2004-12-08',47159.11),(187,'KL124726','2003-03-27',48425.69),(189,'BO711618','2004-10-03',17359.53),(189,'NM916675','2004-03-01',32538.74),(198,'FI192930','2004-12-06',9658.74),(198,'HQ920205','2003-07-06',6036.96),(198,'IS946883','2004-09-21',5858.56),(201,'DP677013','2003-10-20',23908.24),(201,'OO846801','2004-06-15',37258.94),(202,'HI358554','2003-12-18',36527.61),(202,'IQ627690','2004-11-08',33594.58),(204,'GC697638','2004-08-13',51152.86),(204,'IS150005','2004-09-24',4424.4),(205,'GL756480','2003-12-04',3879.96),(205,'LL562733','2003-09-05',50342.74),(205,'NM739638','2005-02-06',39580.6),(209,'BOAF82044','2005-05-03',35157.75),(209,'ED520529','2004-06-21',4632.31),(209,'PH785937','2004-05-04',36069.26),(211,'BJ535230','2003-12-09',45480.79),(216,'BG407567','2003-05-09',3101.4),(216,'ML780814','2004-12-06',24945.21),(216,'MM342086','2003-12-14',40473.86),(219,'BN17870','2005-03-02',3452.75),(219,'BR941480','2003-10-18',4465.85),(227,'MQ413968','2003-10-31',36164.46),(227,'NU21326','2004-11-02',53745.34),(233,'BOFA23232','2005-05-20',29070.38),(233,'II180006','2004-07-01',22997.45),(233,'JG981190','2003-11-18',16909.84),(239,'NQ865547','2004-03-15',80375.24),(240,'IF245157','2004-11-16',46788.14),(240,'JO719695','2004-03-28',24995.61),(242,'AF40894','2003-11-22',33818.34),(242,'HR224331','2005-06-03',12432.32),(242,'KI744716','2003-07-21',14232.7),(249,'IJ399820','2004-09-19',33924.24),(249,'NE404084','2004-09-04',48298.99),(250,'EQ12267','2005-05-17',17928.09),(250,'HD284647','2004-12-30',26311.63),(250,'HN114306','2003-07-18',23419.47),(256,'EP227123','2004-02-10',5759.42),(256,'HE84936','2004-10-22',53116.99),(259,'EU280955','2004-11-06',61234.67),(259,'GB361972','2003-12-07',27988.47),(260,'IO164641','2004-08-30',37527.58),(260,'NH776924','2004-04-24',29284.42),(276,'EM979878','2005-02-09',27083.78),(276,'KM841847','2003-11-13',38547.19),(276,'LE432182','2003-09-28',41554.73),(276,'OJ819725','2005-04-30',29848.52),(278,'BJ483870','2004-12-05',37654.09),(278,'GP636783','2003-03-02',52151.81),(278,'NI983021','2003-11-24',37723.79),(282,'IA793562','2003-08-03',24013.52),(282,'JT819493','2004-08-02',35806.73),(282,'OD327378','2005-01-03',31835.36),(286,'DR578578','2004-10-28',47411.33),(286,'KH910279','2004-09-05',43134.04),(298,'AJ574927','2004-03-13',47375.92),(298,'LF501133','2004-09-18',61402),(299,'AD304085','2003-10-24',36798.88),(299,'NR157385','2004-09-05',32260.16),(311,'DG336041','2005-02-15',46770.52),(311,'FA728475','2003-10-06',32723.04),(311,'NQ966143','2004-04-25',16212.59),(314,'LQ244073','2004-08-09',45352.47),(314,'MD809704','2004-03-03',16901.38),(319,'HL685576','2004-11-06',42339.76),(319,'OM548174','2003-12-07',36092.4),(320,'GJ597719','2005-01-18',8307.28),(320,'HO576374','2003-08-20',41016.75),(320,'MU817160','2003-11-24',52548.49),(321,'DJ15149','2003-11-03',85559.12),(321,'LA556321','2005-03-15',46781.66),(323,'AL493079','2005-05-23',75020.13),(323,'ES347491','2004-06-24',37281.36),(323,'HG738664','2003-07-05',2880),(323,'PQ803830','2004-12-24',39440.59),(324,'DQ409197','2004-12-13',13671.82),(324,'FP443161','2003-07-07',29429.14),(324,'HB150714','2003-11-23',37455.77),(328,'EN930356','2004-04-16',7178.66),(328,'NR631421','2004-05-30',31102.85),(333,'HL209210','2003-11-15',23936.53),(333,'JK479662','2003-10-17',9821.32),(333,'NF959653','2005-03-01',21432.31),(334,'CS435306','2005-01-27',45785.34),(334,'HH517378','2003-08-16',29716.86),(334,'LF737277','2004-05-22',28394.54),(339,'AP286625','2004-10-24',23333.06),(339,'DA98827','2003-11-28',34606.28),(344,'AF246722','2003-11-24',31428.21),(344,'NJ906924','2004-04-02',15322.93),(347,'DG700707','2004-01-18',21053.69),(347,'LG808674','2003-10-24',20452.5),(350,'BQ602907','2004-12-11',18888.31),(350,'CI471510','2003-05-25',50824.66),(350,'OB648482','2005-01-29',1834.56),(353,'CO351193','2005-01-10',49705.52),(353,'ED878227','2003-07-21',13920.26),(353,'GT878649','2003-05-21',16700.47),(353,'HJ618252','2005-06-09',46656.94),(357,'AG240323','2003-12-16',20220.04),(357,'NB291497','2004-05-15',36442.34),(362,'FP170292','2004-07-11',18473.71),(362,'OG208861','2004-09-21',15059.76),(363,'HL575273','2004-11-17',50799.69),(363,'IS232033','2003-01-16',10223.83),(363,'PN238558','2003-12-05',55425.77),(379,'CA762595','2005-02-12',28322.83),(379,'FR499138','2003-09-16',32680.31),(379,'GB890854','2004-08-02',12530.51),(381,'BC726082','2004-12-03',12081.52),(381,'CC475233','2003-04-19',1627.56),(381,'GB117430','2005-02-03',14379.9),(381,'MS154481','2003-08-22',1128.2),(382,'CC871084','2003-05-12',35826.33),(382,'CT821147','2004-08-01',6419.84),(382,'PH29054','2004-11-27',42813.83),(385,'BN347084','2003-12-02',20644.24),(385,'CP804873','2004-11-19',15822.84),(385,'EK785462','2003-03-09',51001.22),(386,'DO106109','2003-11-18',38524.29),(386,'HG438769','2004-07-18',51619.02),(398,'AJ478695','2005-02-14',33967.73),(398,'DO787644','2004-06-21',22037.91),(398,'JPMR4544','2005-05-18',615.45),(398,'KB54275','2004-11-29',48927.64),(406,'BJMPR4545','2005-04-23',12190.85),(406,'HJ217687','2004-01-28',49165.16),(406,'NA197101','2004-06-17',25080.96),(412,'GH197075','2004-07-25',35034.57),(412,'PJ434867','2004-04-14',31670.37),(415,'ER54537','2004-09-28',31310.09),(424,'KF480160','2004-12-07',25505.98),(424,'LM271923','2003-04-16',21665.98),(424,'OA595449','2003-10-31',22042.37),(447,'AO757239','2003-09-15',6631.36),(447,'ER615123','2003-06-25',17032.29),(447,'OU516561','2004-12-17',26304.13),(448,'FS299615','2005-04-18',27966.54),(448,'KR822727','2004-09-30',48809.9),(450,'EF485824','2004-06-21',59551.38),(452,'ED473873','2003-11-15',27121.9),(452,'FN640986','2003-11-20',15130.97),(452,'HG635467','2005-05-03',8807.12),(455,'HA777606','2003-12-05',38139.18),(455,'IR662429','2004-05-12',32239.47),(456,'GJ715659','2004-11-13',27550.51),(456,'MO743231','2004-04-30',1679.92),(458,'DD995006','2004-11-15',33145.56),(458,'NA377824','2004-02-06',22162.61),(458,'OO606861','2003-06-13',57131.92),(462,'ED203908','2005-04-15',30293.77),(462,'GC60330','2003-11-08',9977.85),(462,'PE176846','2004-11-27',48355.87),(471,'AB661578','2004-07-28',9415.13),(471,'CO645196','2003-12-10',35505.63),(473,'LL427009','2004-02-17',7612.06),(473,'PC688499','2003-10-27',17746.26),(475,'JP113227','2003-12-09',7678.25),(475,'PB951268','2004-02-13',36070.47),(484,'GK294076','2004-10-26',3474.66),(484,'JH546765','2003-11-29',47513.19),(486,'BL66528','2004-04-14',5899.38),(486,'HS86661','2004-11-23',45994.07),(486,'JB117768','2003-03-20',25833.14),(487,'AH612904','2003-09-28',29997.09),(487,'PT550181','2004-02-29',12573.28),(489,'OC773849','2003-12-04',22275.73),(489,'PO860906','2004-01-31',7310.42),(495,'BH167026','2003-12-26',59265.14),(495,'FN155234','2004-05-14',6276.6),(496,'EU531600','2005-05-25',30253.75),(496,'MB342426','2003-07-16',32077.44),(496,'MN89921','2004-12-31',52166);
/*!40000 ALTER TABLE `payments` ENABLE KEYS */;
UNLOCK TABLES;





/*!40103 SET TIME_ZONE=@OLD_TIME_ZONE */;

/*!40101 SET SQL_MODE=@OLD_SQL_MODE */;
/*!40014 SET FOREIGN_KEY_CHECKS=@OLD_FOREIGN_KEY_CHECKS */;
/*!40014 SET UNIQUE_CHECKS=@OLD_UNIQUE_CHECKS */;
/*!40101 SET CHARACTER_SET_CLIENT=@OLD_CHARACTER_SET_CLIENT */;
/*!40101 SET CHARACTER_SET_RESULTS=@OLD_CHARACTER_SET_RESULTS */;
/*!40101 SET COLLATION_CONNECTION=@OLD_COLLATION_CONNECTION */;
/*!40111 SET SQL_NOTES=@OLD_SQL_NOTES */;

